사고번호,사고일시,요일,시군구,사고내용,사망자수,중상자수,경상자수,부상신고자수,사고유형,법규위반,노면상태,기상상태,도로형태,가해운전자 차종,가해운전자 성별,가해운전자 연령,가해운전자 상해정도,피해운전자 차종,피해운전자 성별,피해운전자 연령,피해운전자 상해정도
2023021000100405,2023년 2월 10일 18시,금요일,광주광역시 서구 서창동,경상사고,0,0,3,0,차대차 - 측면충돌,안전거리미확보,건조,맑음,단일로 - 기타,화물,남,51세,경상,화물,남,55세,경상
2023021000100406,2023년 2월 10일 18시,금요일,광주광역시 광산구 쌍암동,경상사고,0,0,1,0,차대차 - 기타,안전운전불이행,건조,맑음,교차로 - 교차로안,승용,남,67세,상해없음,승용,남,40세,경상
2023021000100407,2023년 2월 10일 18시,금요일,광주광역시 광산구 신가동,중상사고,0,1,0,0,차대차 - 기타,직진우회전진행방해,건조,맑음,교차로 - 교차로안,승용,남,50세,상해없음,자전거,남,14세,중상
2023021000100408,2023년 2월 10일 18시,금요일,광주광역시 광산구 월전동,경상사고,0,0,1,0,차대차 - 측면충돌,교차로운행방법위반,건조,맑음,교차로 - 교차로안,승용,남,29세,상해없음,승용,남,49세,경상
2023021000100456,2023년 2월 10일 19시,금요일,광주광역시 서구 쌍촌동,경상사고,0,0,2,0,차대차 - 기타,안전운전불이행,건조,맑음,단일로 - 기타,승용,남,68세,상해없음,승용,남,27세,경상
2023021000100457,2023년 2월 10일 19시,금요일,광주광역시 광산구 산정동,경상사고,0,0,1,0,차대사람 - 횡단중,보행자보호의무위반,건조,맑음,단일로 - 기타,승용,남,55세,상해없음,보행자,남,40세,경상
2023021000100491,2023년 2월 10일 20시,금요일,광주광역시 서구 화정동,경상사고,0,0,1,0,차대차 - 추돌,안전운전불이행,건조,맑음,교차로 - 교차로부근,승합,여,67세,상해없음,승용,여,27세,경상
2023021000100516,2023년 2월 10일 21시,금요일,광주광역시 북구 동림동,경상사고,0,0,1,0,차대차 - 기타,차로위반,건조,흐림,단일로 - 기타,승용,남,48세,상해없음,승용,남,27세,경상
2023021000100537,2023년 2월 10일 22시,금요일,광주광역시 북구 두암동,경상사고,0,0,1,0,차대차 - 기타,교차로운행방법위반,건조,맑음,교차로 - 교차로안,승용,여,26세,상해없음,원동기,남,40세,경상
2023021000100556,2023년 2월 10일 23시,금요일,광주광역시 서구 치평동,경상사고,0,0,2,0,차대차 - 기타,안전운전불이행,건조,맑음,교차로 - 교차로부근,승용,남,80세,상해없음,승용,남,21세,경상
2023021000100557,2023년 2월 10일 23시,금요일,광주광역시 서구 쌍촌동,경상사고,0,0,1,0,차대차 - 후진중충돌,안전운전불이행,건조,맑음,단일로 - 기타,승용,남,51세,상해없음,승용,남,55세,상해없음
2023021100100041,2023년 2월 11일 02시,토요일,광주광역시 서구 치평동,경상사고,0,0,2,0,차대사람 - 횡단중,안전운전불이행,건조,맑음,단일로 - 기타,승용,남,69세,상해없음,보행자,남,36세,경상
2023021100100042,2023년 2월 11일 02시,토요일,광주광역시 북구 운암동,경상사고,0,0,1,0,차대차 - 기타,신호위반,건조,맑음,교차로 - 교차로부근,이륜,남,49세,상해없음,자전거,남,45세,경상
2023021100100082,2023년 2월 11일 06시,토요일,광주광역시 동구 금남로3가,경상사고,0,0,1,0,차대차 - 측면충돌,안전운전불이행,건조,맑음,단일로 - 기타,승용,여,57세,상해없음,승용,남,45세,경상
2023021100100091,2023년 2월 11일 07시,토요일,광주광역시 동구 대인동,경상사고,0,0,1,0,차대차 - 측면충돌,안전거리미확보,건조,맑음,단일로 - 기타,화물,남,50세,상해없음,이륜,남,24세,경상
2023021100100092,2023년 2월 11일 07시,토요일,광주광역시 북구 두암동,경상사고,0,0,1,0,차량단독 - 기타,기타,건조,맑음,교차로 - 교차로안,승용,남,62세,상해없음,,,,
2023021100100116,2023년 2월 11일 09시,토요일,광주광역시 광산구 운수동,부상신고사고,0,0,0,1,차량단독 - 공작물충돌,안전운전불이행,젖음/습기,흐림,단일로 - 기타,승용,남,22세,부상신고,,,,
2023021100100162,2023년 2월 11일 11시,토요일,광주광역시 서구 쌍촌동,경상사고,0,0,2,0,차대차 - 측면충돌,안전거리미확보,건조,맑음,단일로 - 기타,화물,남,75세,경상,승용,남,24세,경상
2023021100100267,2023년 2월 11일 15시,토요일,광주광역시 동구 대인동,경상사고,0,0,1,0,차대사람 - 길가장자리구역통행중,안전운전불이행,건조,맑음,단일로 - 기타,승용,여,34세,상해없음,보행자,남,70세,경상
2023021100100268,2023년 2월 11일 15시,토요일,광주광역시 북구 금곡동,경상사고,0,0,2,0,차량단독 - 공작물충돌,안전운전불이행,건조,맑음,단일로 - 기타,승합,남,56세,상해없음,,,,
2023021100100302,2023년 2월 11일 16시,토요일,광주광역시 광산구 광산동,경상사고,0,0,1,0,차대차 - 측면충돌,안전운전불이행,건조,맑음,교차로 - 교차로안,승용,남,58세,상해없음,승용,남,72세,경상
2023021100100374,2023년 2월 11일 19시,토요일,광주광역시 광산구 우산동,경상사고,0,0,1,0,차대차 - 측면충돌,신호위반,건조,맑음,교차로 - 교차로안,승용,남,64세,상해없음,승용,남,54세,경상
2023021100100401,2023년 2월 11일 20시,토요일,광주광역시 서구 쌍촌동,경상사고,0,0,1,0,차대사람 - 횡단중,보행자보호의무위반,건조,맑음,단일로 - 기타,승용,여,55세,상해없음,보행자,남,26세,경상
2023021100100402,2023년 2월 11일 20시,토요일,광주광역시 광산구 월전동,경상사고,0,0,2,0,차대차 - 측면충돌,교차로운행방법위반,건조,맑음,교차로 - 교차로안,승용,여,66세,경상,승용,남,45세,경상
2023021100100428,2023년 2월 11일 21시,토요일,광주광역시 남구 월산동,경상사고,0,0,1,0,차대차 - 기타,안전운전불이행,건조,맑음,단일로 - 기타,승합,여,67세,상해없음,승용,여,36세,경상
2023021100100429,2023년 2월 11일 21시,토요일,광주광역시 광산구 우산동,경상사고,0,0,2,0,차대차 - 기타,안전운전불이행,건조,맑음,단일로 - 기타,승용,남,49세,기타불명,승용,남,29세,경상
2023021100100451,2023년 2월 11일 22시,토요일,광주광역시 서구 쌍촌동,경상사고,0,0,2,0,차대차 - 기타,신호위반,건조,맑음,교차로 - 교차로안,승용,여,23세,상해없음,승용,남,65세,경상
2023021100100470,2023년 2월 11일 23시,토요일,광주광역시 북구 운암동,경상사고,0,0,1,0,차량단독 - 기타,안전운전불이행,건조,맑음,단일로 - 기타,승용,남,56세,상해없음,,,,
2023021200100030,2023년 2월 12일 02시,일요일,광주광역시 서구 치평동,경상사고,0,0,2,0,차대차 - 기타,신호위반,건조,맑음,교차로 - 교차로안,승용,남,69세,상해없음,승용,남,32세,경상
2023021200100113,2023년 2월 12일 11시,일요일,광주광역시 북구 각화동,경상사고,0,0,1,0,차대사람 - 기타,안전운전불이행,건조,맑음,단일로 - 기타,승용,남,72세,상해없음,보행자,남,59세,경상
2023021200100114,2023년 2월 12일 11시,일요일,광주광역시 광산구 우산동,경상사고,0,0,2,0,차대차 - 측면충돌,안전거리미확보,건조,맑음,단일로 - 기타,승용,남,75세,상해없음,승용,남,29세,경상
2023021200100134,2023년 2월 12일 12시,일요일,광주광역시 북구 두암동,중상사고,0,1,0,0,차대차 - 측면충돌,안전운전불이행,건조,맑음,단일로 - 기타,승용,남,56세,상해없음,이륜,남,44세,중상
2023021200100158,2023년 2월 12일 13시,일요일,광주광역시 서구 광천동,경상사고,0,0,2,0,차대차 - 기타,안전거리미확보,건조,맑음,단일로 - 기타,승용,여,65세,상해없음,승용,남,49세,경상
2023021200100159,2023년 2월 12일 13시,일요일,광주광역시 서구 치평동,경상사고,0,0,1,0,차대차 - 추돌,안전운전불이행,건조,맑음,단일로 - 기타,승용,남,61세,상해없음,승용,남,40세,상해없음
2023021200100160,2023년 2월 12일 13시,일요일,광주광역시 북구 망월동,경상사고,0,0,1,0,차대차 - 측면충돌,안전운전불이행,건조,맑음,교차로 - 교차로부근,이륜,남,74세,경상,승용,여,27세,상해없음
2023021200100201,2023년 2월 12일 15시,일요일,광주광역시 북구 두암동,경상사고,0,0,1,0,차대차 - 측면충돌,안전운전불이행,건조,맑음,교차로 - 교차로부근,승용,남,75세,상해없음,이륜,남,37세,경상
2023021200100240,2023년 2월 12일 17시,일요일,광주광역시 광산구 쌍암동,경상사고,0,0,3,0,차대차 - 측면충돌,안전운전불이행,건조,맑음,단일로 - 기타,승용,남,71세,상해없음,승용,여,27세,경상
2023021200100265,2023년 2월 12일 18시,일요일,광주광역시 서구 쌍촌동,경상사고,0,0,1,0,차대차 - 기타,안전운전불이행,건조,맑음,단일로 - 기타,자전거,남,65세,경상,승용,남,28세,상해없음
2023021200100266,2023년 2월 12일 18시,일요일,광주광역시 북구 동림동,중상사고,0,1,0,0,차대차 - 측면충돌,안전운전불이행,건조,맑음,단일로 - 기타,승용,여,46세,상해없음,이륜,남,37세,중상
2023021200100267,2023년 2월 12일 18시,일요일,광주광역시 광산구 쌍암동,경상사고,0,0,2,0,차대사람 - 횡단중,신호위반,젖음/습기,비,교차로 - 교차로횡단보도내,승용,남,33세,상해없음,보행자,여,26세,경상
2023021200100286,2023년 2월 12일 19시,일요일,광주광역시 북구 유동,경상사고,0,0,1,0,차대차 - 측면충돌,안전운전불이행,젖음/습기,비,교차로 - 교차로부근,승용,남,64세,상해없음,승용,남,60세,경상
2023021200100312,2023년 2월 12일 20시,일요일,광주광역시 북구 용봉동,경상사고,0,0,3,0,차대차 - 기타,안전운전불이행,젖음/습기,비,단일로 - 기타,승용,남,72세,경상,승합,남,48세,상해없음
2023021200100313,2023년 2월 12일 20시,일요일,광주광역시 북구 동림동,경상사고,0,0,1,0,차대차 - 추돌,안전운전불이행,젖음/습기,비,단일로 - 기타,승용,남,65세,상해없음,승용,남,62세,경상
2023021200100314,2023년 2월 12일 20시,일요일,광주광역시 광산구 쌍암동,경상사고,0,0,1,0,차대차 - 측면충돌,신호위반,건조,맑음,교차로 - 교차로안,승용,남,47세,상해없음,이륜,남,36세,경상
2023021300100100,2023년 2월 13일 08시,월요일,광주광역시 광산구 우산동,사망사고,1,0,0,0,차량단독 - 공작물충돌,안전운전불이행,건조,맑음,교차로 - 교차로안,이륜,남,41세,사망,,,,
2023021300100167,2023년 2월 13일 11시,월요일,광주광역시 북구 용두동,경상사고,0,0,1,0,차대차 - 추돌,안전운전불이행,건조,맑음,단일로 - 교량,승용,남,57세,상해없음,승용,남,57세,경상
2023021300100191,2023년 2월 13일 12시,월요일,광주광역시 동구 지산동,경상사고,0,0,1,0,차대차 - 기타,안전운전불이행,건조,맑음,교차로 - 교차로부근,승용,남,60세,상해없음,승용,남,79세,상해없음
2023021300100246,2023년 2월 13일 14시,월요일,광주광역시 서구 화정동,경상사고,0,0,2,0,차대차 - 기타,직진우회전진행방해,건조,맑음,교차로 - 교차로안,승용,여,41세,경상,승용,남,33세,경상
2023021300100279,2023년 2월 13일 15시,월요일,광주광역시 서구 쌍촌동,경상사고,0,0,1,0,차대차 - 추돌,안전운전불이행,건조,맑음,단일로 - 기타,화물,남,70세,상해없음,승용,남,32세,경상
2023021300100280,2023년 2월 13일 15시,월요일,광주광역시 광산구 신가동,경상사고,0,0,1,0,차대차 - 추돌,안전운전불이행,건조,맑음,교차로 - 교차로부근,승용,남,73세,상해없음,승용,남,40세,경상
2023021300100356,2023년 2월 13일 17시,월요일,광주광역시 북구 연제동,중상사고,0,1,0,0,차대차 - 기타,교차로운행방법위반,건조,맑음,교차로 - 교차로안,자전거,남,20세,중상,건설기계,남,56세,상해없음
2023021300100415,2023년 2월 13일 18시,월요일,광주광역시 서구 광천동,경상사고,0,0,2,0,차대차 - 측면충돌,안전운전불이행,건조,맑음,단일로 - 기타,승합,남,62세,경상,승용,남,66세,경상
2023021300100471,2023년 2월 13일 20시,월요일,광주광역시 북구 문흥동,경상사고,0,0,1,0,차대차 - 측면충돌,교차로운행방법위반,건조,맑음,교차로 - 교차로안,승용,여,27세,상해없음,이륜,남,51세,경상
2023021300100504,2023년 2월 13일 23시,월요일,광주광역시 북구 용봉동,중상사고,0,1,0,0,차대차 - 기타,중앙선침범,건조,맑음,단일로 - 기타,승용,남,41세,상해없음,이륜,남,18세,중상
2023021400100012,2023년 2월 14일 00시,화요일,광주광역시 광산구 산월동,경상사고,0,0,2,0,차대차 - 추돌,안전운전불이행,건조,맑음,교차로 - 교차로부근,승용,여,23세,기타불명,승용,여,22세,경상
2023021400100042,2023년 2월 14일 06시,화요일,광주광역시 광산구 우산동,경상사고,0,0,2,0,차대차 - 측면충돌,교차로운행방법위반,건조,맑음,교차로 - 교차로부근,화물,남,26세,상해없음,승용,남,43세,경상
2023021400100056,2023년 2월 14일 07시,화요일,광주광역시 광산구 소촌동,경상사고,0,0,1,0,차대차 - 기타,안전운전불이행,건조,맑음,단일로 - 기타,승용,남,77세,상해없음,자전거,여,46세,경상
2023021400100080,2023년 2월 14일 08시,화요일,광주광역시 서구 치평동,경상사고,0,0,1,0,차대차 - 후진중충돌,안전운전불이행,건조,맑음,교차로 - 교차로부근,승용,남,26세,상해없음,승용,남,33세,경상
2023021400100122,2023년 2월 14일 10시,화요일,광주광역시 북구 두암동,중상사고,0,1,1,0,차대차 - 기타,안전운전불이행,건조,맑음,교차로 - 교차로안,승용,남,61세,상해없음,승용,남,49세,경상
2023021400100142,2023년 2월 14일 11시,화요일,광주광역시 광산구 선암동,중상사고,0,1,0,0,차대사람 - 횡단중,신호위반,건조,맑음,교차로 - 교차로부근,승용,여,28세,상해없음,보행자,여,76세,중상
2023021400100194,2023년 2월 14일 13시,화요일,광주광역시 서구 마륵동,경상사고,0,0,8,0,차대차 - 기타,안전거리미확보,건조,맑음,단일로 - 기타,승합,남,38세,상해없음,승용,여,27세,경상
2023021400100195,2023년 2월 14일 13시,화요일,광주광역시 서구 쌍촌동,경상사고,0,0,1,0,차대차 - 기타,안전운전불이행,건조,맑음,단일로 - 기타,승용,남,55세,상해없음,승용,여,33세,경상
2023021400100196,2023년 2월 14일 13시,화요일,광주광역시 북구 신용동,경상사고,0,0,2,0,차대차 - 측면충돌,신호위반,건조,맑음,교차로 - 교차로안,승용,여,42세,상해없음,승용,남,74세,경상
2023021400100225,2023년 2월 14일 14시,화요일,광주광역시 광산구 우산동,경상사고,0,0,1,0,차대차 - 측면충돌,직진우회전진행방해,건조,맑음,교차로 - 교차로안,승용,여,36세,상해없음,승용,남,42세,경상
2023021400100237,2023년 2월 14일 15시,화요일,광주광역시 서구 치평동,경상사고,0,0,1,0,차대차 - 기타,안전거리미확보,건조,맑음,단일로 - 기타,승용,남,64세,상해없음,승용,남,56세,경상
2023021400100278,2023년 2월 14일 16시,화요일,광주광역시 광산구 도천동,경상사고,0,0,2,0,차대차 - 추돌,안전거리미확보,건조,맑음,교차로 - 교차로부근,승용,여,49세,상해없음,승용,여,60세,경상
2023021400100310,2023년 2월 14일 17시,화요일,광주광역시 북구 운암동,경상사고,0,0,2,0,차대차 - 기타,안전운전불이행,건조,맑음,단일로 - 기타,승용,여,51세,상해없음,승용,여,20세,경상
2023021400100346,2023년 2월 14일 18시,화요일,광주광역시 북구 두암동,경상사고,0,0,1,0,차대차 - 측면충돌,안전운전불이행,건조,맑음,단일로 - 기타,승용,남,65세,상해없음,승용,남,66세,경상
2023021400100347,2023년 2월 14일 18시,화요일,광주광역시 광산구 수완동,중상사고,0,1,0,0,차대사람 - 횡단중,보행자보호의무위반,건조,맑음,교차로 - 교차로부근,승용,남,29세,상해없음,보행자,여,38세,중상
2023021400100383,2023년 2월 14일 19시,화요일,광주광역시 광산구 하남동,중상사고,0,1,0,0,차대차 - 기타,안전운전불이행,건조,맑음,단일로 - 기타,자전거,남,49세,중상,승용,남,46세,상해없음
2023021400100406,2023년 2월 14일 20시,화요일,광주광역시 서구 치평동,중상사고,0,1,0,0,차대차 - 기타,안전거리미확보,건조,맑음,단일로 - 기타,승용,남,69세,상해없음,이륜,남,30세,중상
2023021400100407,2023년 2월 14일 20시,화요일,광주광역시 북구 일곡동,경상사고,0,0,1,0,차대차 - 측면충돌,안전거리미확보,건조,맑음,단일로 - 기타,승용,남,46세,기타불명,승용,여,31세,경상
2023021400100424,2023년 2월 14일 21시,화요일,광주광역시 북구 신안동,경상사고,0,0,3,0,차대차 - 기타,교차로운행방법위반,건조,맑음,교차로 - 교차로안,이륜,남,21세,경상,승용,남,62세,경상
2023021500100021,2023년 2월 15일 03시,수요일,광주광역시 서구 금호동,경상사고,0,0,1,0,차대차 - 측면충돌,안전운전불이행,건조,맑음,단일로 - 기타,승용,남,26세,경상,승용,남,38세,상해없음
2023021500100022,2023년 2월 15일 03시,수요일,광주광역시 서구 화정동,중상사고,0,1,0,0,차량단독 - 기타,안전운전불이행,건조,맑음,단일로 - 기타,개인형이동수단(PM),남,21세,중상,,,,
2023021500100063,2023년 2월 15일 07시,수요일,광주광역시 광산구 오선동,경상사고,0,0,1,0,차대차 - 기타,안전운전불이행,건조,맑음,교차로 - 교차로안,승용,남,23세,상해없음,개인형이동수단(PM),남,30세,경상
2023021500100082,2023년 2월 15일 08시,수요일,광주광역시 남구 봉선동,경상사고,0,0,1,0,차대사람 - 기타,안전운전불이행,건조,맑음,단일로 - 기타,승용,남,42세,상해없음,보행자,여,23세,경상
2023021500100107,2023년 2월 15일 09시,수요일,광주광역시 서구 광천동,경상사고,0,0,3,0,차대차 - 측면충돌,안전운전불이행,건조,맑음,교차로 - 교차로부근,승용,남,68세,상해없음,승용,남,23세,경상
2023021500100128,2023년 2월 15일 10시,수요일,광주광역시 서구 치평동,경상사고,0,0,3,0,차대차 - 측면충돌,신호위반,건조,맑음,교차로 - 교차로안,승용,여,38세,경상,승용,남,55세,경상
2023021500100156,2023년 2월 15일 11시,수요일,광주광역시 동구 서석동,경상사고,0,0,1,0,차대차 - 기타,안전운전불이행,건조,맑음,단일로 - 기타,승용,남,38세,상해없음,이륜,남,28세,경상
2023021500100157,2023년 2월 15일 11시,수요일,광주광역시 동구 서석동,경상사고,0,0,1,0,차대차 - 추돌,안전거리미확보,건조,맑음,교차로 - 교차로안,승용,남,81세,상해없음,승용,남,72세,경상
2023021500100273,2023년 2월 15일 16시,수요일,광주광역시 서구 쌍촌동,경상사고,0,0,4,0,차대차 - 기타,안전거리미확보,건조,맑음,교차로 - 교차로안,승합,남,51세,상해없음,승용,남,34세,경상
2023021500100302,2023년 2월 15일 17시,수요일,광주광역시 서구 덕흥동,경상사고,0,0,3,0,차대차 - 기타,안전거리미확보,건조,맑음,교차로 - 교차로부근,승용,남,80세,상해없음,승용,남,57세,상해없음
2023021500100341,2023년 2월 15일 18시,수요일,광주광역시 동구 서석동,경상사고,0,0,1,0,차대차 - 기타,안전거리미확보,건조,맑음,교차로 - 교차로안,승용,남,53세,상해없음,승용,여,27세,경상
2023021500100342,2023년 2월 15일 18시,수요일,광주광역시 서구 풍암동,중상사고,0,1,0,0,차대사람 - 횡단중,안전운전불이행,건조,맑음,교차로 - 교차로안,승용,여,74세,상해없음,보행자,남,81세,중상
2023021500100382,2023년 2월 15일 19시,수요일,광주광역시 북구 매곡동,경상사고,0,0,1,0,차대차 - 측면충돌,안전운전불이행,건조,맑음,단일로 - 기타,승용,남,61세,상해없음,승용,여,47세,경상
2023021600100028,2023년 2월 16일 02시,목요일,광주광역시 동구 광산동,경상사고,0,0,1,0,차대사람 - 기타,안전운전불이행,건조,맑음,교차로 - 교차로안,승용,남,19세,상해없음,보행자,남,19세,경상
2023021600100032,2023년 2월 16일 03시,목요일,광주광역시 광산구 신가동,중상사고,0,1,2,0,차대차 - 기타,신호위반,건조,맑음,교차로 - 교차로안,이륜,남,16세,경상,화물,남,45세,경상
2023021600100081,2023년 2월 16일 07시,목요일,광주광역시 광산구 우산동,경상사고,0,0,1,0,차대차 - 측면충돌,안전운전불이행,건조,맑음,교차로 - 교차로부근,승용,남,19세,상해없음,화물,남,67세,경상
2023021600100104,2023년 2월 16일 08시,목요일,광주광역시 동구 산수동,경상사고,0,0,1,0,차대사람 - 기타,안전운전불이행,건조,맑음,기타 - 기타,화물,남,40세,상해없음,보행자,여,67세,경상
2023021600100134,2023년 2월 16일 09시,목요일,광주광역시 북구 연제동,경상사고,0,0,2,0,차대차 - 기타,기타,건조,맑음,교차로 - 교차로부근,승용,남,24세,경상,승용,남,29세,경상
2023021600100135,2023년 2월 16일 09시,목요일,광주광역시 북구 북동,경상사고,0,0,1,0,차대사람 - 기타,기타,건조,맑음,기타 - 기타,개인형이동수단(PM),여,25세,상해없음,보행자,여,23세,경상
2023021600100165,2023년 2월 16일 10시,목요일,광주광역시 서구 쌍촌동,경상사고,0,0,1,0,차대차 - 측면충돌,안전운전불이행,건조,맑음,교차로 - 교차로안,승용,남,67세,상해없음,이륜,남,22세,경상
2023021600100166,2023년 2월 16일 10시,목요일,광주광역시 북구 중흥동,경상사고,0,0,1,0,차대차 - 기타,차로위반,건조,맑음,교차로 - 교차로횡단보도내,승용,남,62세,상해없음,승용,남,31세,경상
2023021600100218,2023년 2월 16일 13시,목요일,광주광역시 광산구 운수동,경상사고,0,0,1,0,차대차 - 추돌,안전거리미확보,건조,맑음,교차로 - 교차로부근,화물,남,42세,상해없음,화물,여,73세,경상
2023021600100256,2023년 2월 16일 15시,목요일,광주광역시 광산구 우산동,경상사고,0,0,2,0,차량단독 - 공작물충돌,안전운전불이행,건조,맑음,교차로 - 교차로부근,승용,여,26세,경상,,,,
2023021600100275,2023년 2월 16일 16시,목요일,광주광역시 북구 문흥동,경상사고,0,0,4,0,차대차 - 기타,안전운전불이행,건조,맑음,교차로 - 교차로부근,승용,여,45세,경상,승용,남,62세,경상
2023021600100305,2023년 2월 16일 17시,목요일,광주광역시 서구 치평동,경상사고,0,0,1,0,차대차 - 측면충돌,안전운전불이행,건조,맑음,교차로 - 교차로안,승용,여,56세,상해없음,승용,남,45세,경상
2023021600100346,2023년 2월 16일 18시,목요일,광주광역시 북구 중흥동,경상사고,0,0,2,0,차대차 - 기타,안전운전불이행,건조,맑음,단일로 - 기타,원동기,남,26세,경상,승용,남,50세,경상
2023021600100379,2023년 2월 16일 19시,목요일,광주광역시 광산구 장덕동,중상사고,0,1,0,0,차대차 - 측면충돌,안전운전불이행,건조,맑음,교차로 - 교차로부근,승용,여,45세,상해없음,이륜,남,25세,중상
2023021600100380,2023년 2월 16일 19시,목요일,광주광역시 광산구 산월동,경상사고,0,0,2,0,차대사람 - 차도통행중,안전운전불이행,건조,맑음,주차장 - 주차장,승용,남,58세,상해없음,보행자,여,35세,경상
2023021600100461,2023년 2월 16일 23시,목요일,광주광역시 광산구 장록동,경상사고,0,0,5,0,차대차 - 추돌,안전운전불이행,건조,맑음,교차로 - 교차로부근,승용,여,55세,경상,승용,남,58세,경상
2023021700100007,2023년 2월 17일 00시,금요일,광주광역시 북구 동림동,경상사고,0,0,3,0,차대차 - 정면충돌,신호위반,건조,맑음,교차로 - 교차로안,승용,남,64세,상해없음,승용,남,45세,경상
2023021700100208,2023년 2월 17일 13시,금요일,광주광역시 동구 장동,경상사고,0,0,2,0,차대차 - 측면충돌,신호위반,건조,맑음,교차로 - 교차로안,이륜,남,84세,상해없음,승용,남,27세,경상
2023021700100209,2023년 2월 17일 13시,금요일,광주광역시 남구 진월동,경상사고,0,0,1,0,차대차 - 측면충돌,안전운전불이행,건조,맑음,교차로 - 교차로안,승용,여,50세,상해없음,승용,여,42세,경상
2023021700100210,2023년 2월 17일 13시,금요일,광주광역시 광산구 우산동,경상사고,0,0,1,0,차대차 - 측면충돌,안전운전불이행,기타,맑음,교차로 - 교차로안,승용,여,54세,상해없음,승용,여,37세,경상
2023021700100263,2023년 2월 17일 15시,금요일,광주광역시 동구 금남로2가,경상사고,0,0,2,0,차대차 - 기타,중앙선침범,건조,맑음,단일로 - 기타,자전거,남,80세,상해없음,승합,남,61세,상해없음
2023021700100264,2023년 2월 17일 15시,금요일,광주광역시 남구 진월동,경상사고,0,0,1,0,차대사람 - 기타,안전운전불이행,건조,맑음,교차로 - 교차로부근,승용,남,74세,상해없음,보행자,남,11세,경상
2023021700100265,2023년 2월 17일 15시,금요일,광주광역시 북구 각화동,중상사고,0,1,0,0,차대차 - 측면충돌,안전운전불이행,건조,맑음,단일로 - 기타,화물,남,57세,상해없음,이륜,남,76세,중상
2023021700100294,2023년 2월 17일 16시,금요일,광주광역시 광산구 동림동,경상사고,0,0,1,0,차대차 - 기타,안전운전불이행,건조,맑음,기타 - 기타,승용,남,42세,상해없음,승용,남,33세,경상
2023021700100302,2023년 2월 17일 16시,금요일,광주광역시 남구 주월동,중상사고,0,1,0,0,차대차 - 측면충돌,안전운전불이행,건조,맑음,교차로 - 교차로부근,승용,남,49세,상해없음,이륜,남,34세,중상
2023021700100303,2023년 2월 17일 16시,금요일,광주광역시 북구 본촌동,중상사고,0,1,0,0,차대사람 - 기타,안전운전불이행,건조,맑음,교차로 - 교차로안,승용,여,55세,상해없음,보행자,여,64세,중상
2023021700100387,2023년 2월 17일 18시,금요일,광주광역시 남구 월산동,경상사고,0,0,2,0,차대차 - 측면충돌,안전운전불이행,건조,맑음,단일로 - 기타,승용,남,41세,상해없음,승용,남,33세,경상
2023021700100424,2023년 2월 17일 19시,금요일,광주광역시 광산구 소촌동,중상사고,0,1,0,0,차대차 - 측면충돌,안전운전불이행,건조,맑음,교차로 - 교차로안,승용,남,25세,상해없음,이륜,남,44세,중상
2023021700100447,2023년 2월 17일 20시,금요일,광주광역시 동구 학동,경상사고,0,0,1,0,차대차 - 기타,신호위반,건조,맑음,교차로 - 교차로안,승용,남,25세,상해없음,이륜,남,20세,경상
2023021700100448,2023년 2월 17일 20시,금요일,광주광역시 서구 풍암동,경상사고,0,0,1,0,차대차 - 기타,안전운전불이행,건조,맑음,단일로 - 기타,이륜,남,40세,기타불명,승용,여,52세,경상
2023021700100516,2023년 2월 17일 23시,금요일,광주광역시 광산구 복룡동,경상사고,0,0,1,0,차대차 - 측면충돌,안전운전불이행,건조,맑음,기타 - 기타,승용,남,66세,기타불명,승용,남,52세,경상
2023021800100039,2023년 2월 18일 03시,토요일,광주광역시 서구 치평동,경상사고,0,0,1,0,차대사람 - 차도통행중,안전운전불이행,건조,맑음,단일로 - 기타,승용,남,71세,상해없음,보행자,남,23세,경상
2023021800100145,2023년 2월 18일 11시,토요일,광주광역시 광산구 선암동,경상사고,0,0,11,0,차대차 - 기타,안전운전불이행,건조,흐림,단일로 - 기타,승용,남,68세,상해없음,승용,여,43세,경상
2023021800100160,2023년 2월 18일 12시,토요일,광주광역시 북구 문흥동,경상사고,0,0,2,0,차대차 - 측면충돌,안전운전불이행,건조,흐림,기타 - 기타,승용,여,64세,상해없음,승용,남,30세,경상
2023021800100186,2023년 2월 18일 13시,토요일,광주광역시 북구 우산동,경상사고,0,0,1,0,차대차 - 측면충돌,안전운전불이행,건조,맑음,교차로 - 교차로안,승용,남,45세,상해없음,승용,남,39세,경상
2023021800100232,2023년 2월 18일 15시,토요일,광주광역시 서구 광천동,경상사고,0,0,2,0,차대차 - 측면충돌,안전운전불이행,젖음/습기,비,단일로 - 기타,승용,남,68세,상해없음,승용,남,61세,경상
2023021800100233,2023년 2월 18일 15시,토요일,광주광역시 서구 유촌동,경상사고,0,0,1,0,차대차 - 기타,교차로운행방법위반,건조,맑음,교차로 - 교차로안,승용,남,79세,상해없음,승용,남,37세,경상
2023021800100261,2023년 2월 18일 16시,토요일,광주광역시 북구 중흥동,경상사고,0,0,1,0,차대사람 - 기타,안전운전불이행,건조,맑음,단일로 - 기타,승합,남,49세,상해없음,보행자,여,23세,경상
2023021800100286,2023년 2월 18일 17시,토요일,광주광역시 서구 마륵동,중상사고,0,1,0,0,차대차 - 기타,안전운전불이행,건조,맑음,단일로 - 기타,화물,남,60세,상해없음,승용,남,30세,상해없음