사고번호,사고일시,요일,시군구,사고내용,사망자수,중상자수,경상자수,부상신고자수,사고유형,법규위반,노면상태,기상상태,도로형태,가해운전자 차종,가해운전자 성별,가해운전자 연령,가해운전자 상해정도,피해운전자 차종,피해운전자 성별,피해운전자 연령,피해운전자 상해정도
2023021800100287,2023년 2월 18일 17시,토요일,광주광역시 서구 동천동,경상사고,0,0,1,0,차대차 - 추돌,안전운전불이행,젖음/습기,흐림,단일로 - 기타,승합,남,42세,상해없음,승용,남,31세,경상
2023021800100307,2023년 2월 18일 18시,토요일,광주광역시 북구 운암동,경상사고,0,0,1,0,차대차 - 기타,신호위반,기타,맑음,교차로 - 교차로안,승용,여,52세,상해없음,원동기,남,31세,경상
2023021800100308,2023년 2월 18일 18시,토요일,광주광역시 광산구 수완동,경상사고,0,0,1,0,차대사람 - 기타,기타,젖음/습기,흐림,기타 - 기타,개인형이동수단(PM),남,15세,기타불명,보행자,남,25세,경상
2023021800100309,2023년 2월 18일 18시,토요일,광주광역시 광산구 운남동,경상사고,0,0,1,0,차대사람 - 기타,안전운전불이행,젖음/습기,흐림,단일로 - 기타,이륜,남,26세,상해없음,보행자,남,58세,경상
2023021800100336,2023년 2월 18일 19시,토요일,광주광역시 서구 쌍촌동,경상사고,0,0,1,0,차대차 - 측면충돌,안전거리미확보,젖음/습기,흐림,기타 - 기타,화물,남,54세,상해없음,이륜,남,29세,경상
2023021800100361,2023년 2월 18일 20시,토요일,광주광역시 서구 화정동,경상사고,0,0,2,0,차대차 - 추돌,안전운전불이행,건조,맑음,단일로 - 기타,승용,남,23세,기타불명,승용,여,54세,경상
2023021800100362,2023년 2월 18일 20시,토요일,광주광역시 북구 용봉동,경상사고,0,0,1,0,차대차 - 추돌,안전운전불이행,건조,맑음,교차로 - 교차로부근,승용,여,42세,상해없음,승용,남,64세,경상
2023021800100384,2023년 2월 18일 21시,토요일,광주광역시 북구 우산동,중상사고,0,1,0,0,차대사람 - 기타,안전운전불이행,건조,맑음,교차로 - 교차로안,승용,남,56세,상해없음,보행자,남,60세,중상
2023021900100015,2023년 2월 19일 00시,일요일,광주광역시 광산구 우산동,중상사고,0,1,0,0,차대차 - 기타,신호위반,젖음/습기,비,교차로 - 교차로안,승용,남,69세,상해없음,승용,남,32세,중상
2023021900100025,2023년 2월 19일 01시,일요일,광주광역시 남구 주월동,중상사고,0,1,0,0,차대차 - 정면충돌,교차로운행방법위반,건조,맑음,교차로 - 교차로안,화물,남,45세,상해없음,이륜,남,31세,중상
2023021900100128,2023년 2월 19일 12시,일요일,광주광역시 북구 용두동,중상사고,0,1,0,0,차대사람 - 기타,안전운전불이행,건조,맑음,단일로 - 기타,승용,남,44세,상해없음,보행자,남,48세,중상
2023021900100155,2023년 2월 19일 13시,일요일,광주광역시 서구 쌍촌동,경상사고,0,0,1,0,차대차 - 기타,신호위반,건조,맑음,교차로 - 교차로안,승용,여,22세,상해없음,이륜,남,60세,경상
2023021900100156,2023년 2월 19일 13시,일요일,광주광역시 서구 광천동,경상사고,0,0,8,0,차대차 - 측면충돌,차로위반,건조,맑음,교차로 - 교차로횡단보도내,승용,남,58세,경상,승용,남,25세,경상
2023021900100186,2023년 2월 19일 14시,일요일,광주광역시 서구 치평동,경상사고,0,0,1,0,차대차 - 기타,안전거리미확보,건조,맑음,교차로 - 교차로부근,승용,남,58세,상해없음,이륜,남,63세,경상
2023021900100297,2023년 2월 19일 18시,일요일,광주광역시 북구 오치동,경상사고,0,0,2,0,차대차 - 후진중충돌,불법유턴,건조,맑음,단일로 - 기타,화물,남,54세,상해없음,승용,남,31세,경상
2023021900100365,2023년 2월 19일 23시,일요일,광주광역시 북구 신용동,경상사고,0,0,2,0,차대차 - 기타,차로위반,건조,맑음,단일로 - 기타,승용,남,21세,상해없음,승용,남,56세,경상
2023022000100008,2023년 2월 20일 00시,월요일,광주광역시 서구 쌍촌동,경상사고,0,0,1,0,차대차 - 기타,안전운전불이행,건조,맑음,단일로 - 기타,승용,남,22세,상해없음,원동기,남,32세,경상
2023022000100013,2023년 2월 20일 01시,월요일,광주광역시 서구 쌍촌동,경상사고,0,0,2,0,차대차 - 후진중충돌,안전운전불이행,건조,맑음,단일로 - 기타,승용,남,20세,상해없음,승용,남,28세,경상
2023022000100025,2023년 2월 20일 04시,월요일,광주광역시 북구 운암동,경상사고,0,0,2,2,차대차 - 기타,안전거리미확보,건조,맑음,단일로 - 기타,승용,여,62세,경상,승용,남,28세,경상
2023022000100081,2023년 2월 20일 07시,월요일,광주광역시 동구 장동,경상사고,0,0,1,0,차대차 - 측면충돌,신호위반,건조,맑음,교차로 - 교차로안,승용,남,28세,상해없음,승용,여,48세,경상
2023022000100082,2023년 2월 20일 07시,월요일,광주광역시 광산구 옥동,경상사고,0,0,1,0,차대차 - 기타,안전거리미확보,건조,맑음,단일로 - 기타,자전거,남,44세,경상,승용,남,47세,상해없음
2023022000100083,2023년 2월 20일 07시,월요일,광주광역시 광산구 수완동,경상사고,0,0,1,0,차대차 - 기타,안전운전불이행,건조,맑음,단일로 - 기타,화물,남,65세,상해없음,승용,남,30세,경상
2023022000100113,2023년 2월 20일 08시,월요일,광주광역시 북구 오치동,중상사고,0,1,0,0,차대사람 - 횡단중,신호위반,건조,맑음,교차로 - 교차로안,승용,남,77세,상해없음,보행자,여,62세,중상
2023022000100150,2023년 2월 20일 09시,월요일,광주광역시 북구 양산동,중상사고,0,1,0,0,차대사람 - 길가장자리구역통행중,안전운전불이행,건조,맑음,기타 - 기타,승용,여,55세,상해없음,보행자,여,80세,중상
2023022000100172,2023년 2월 20일 10시,월요일,광주광역시 북구 매곡동,경상사고,0,0,1,0,차대차 - 측면충돌,차로위반,건조,맑음,단일로 - 기타,화물,남,22세,상해없음,특수,남,51세,경상
2023022000100209,2023년 2월 20일 11시,월요일,광주광역시 북구 문흥동,경상사고,0,0,3,0,차대차 - 추돌,안전거리미확보,건조,맑음,단일로 - 기타,화물,남,64세,상해없음,승용,여,37세,경상
2023022000100210,2023년 2월 20일 11시,월요일,광주광역시 북구 유동,경상사고,0,0,2,0,차대차 - 측면충돌,안전거리미확보,건조,맑음,교차로 - 교차로부근,승용,남,71세,상해없음,승용,여,23세,경상
2023022000100211,2023년 2월 20일 11시,월요일,광주광역시 광산구 하남동,경상사고,0,0,2,0,차대차 - 기타,안전거리미확보,건조,맑음,교차로 - 교차로부근,승용,남,61세,상해없음,승용,남,31세,경상
2023022000100302,2023년 2월 20일 14시,월요일,광주광역시 북구 우산동,경상사고,0,0,1,0,차량단독 - 공작물충돌,안전운전불이행,건조,맑음,교차로 - 교차로부근,승용,여,62세,경상,,,,
2023022000100405,2023년 2월 20일 17시,월요일,광주광역시 서구 금호동,경상사고,0,0,1,0,차대사람 - 횡단중,안전운전불이행,건조,맑음,단일로 - 기타,이륜,남,25세,상해없음,보행자,여,68세,경상
2023022000100406,2023년 2월 20일 17시,월요일,광주광역시 남구 봉선동,경상사고,0,0,1,0,차대차 - 후진중충돌,불법유턴,건조,맑음,단일로 - 기타,승용,남,41세,상해없음,이륜,남,54세,경상
2023022000100440,2023년 2월 20일 18시,월요일,광주광역시 서구 치평동,경상사고,0,0,4,0,차대차 - 기타,교차로운행방법위반,건조,맑음,교차로 - 교차로안,승용,남,64세,상해없음,승합,남,35세,상해없음
2023022000100496,2023년 2월 20일 20시,월요일,광주광역시 광산구 안청동,경상사고,0,0,3,0,차대차 - 측면충돌,신호위반,건조,맑음,교차로 - 교차로안,승용,여,61세,경상,승용,남,36세,경상
2023022000100521,2023년 2월 20일 21시,월요일,광주광역시 북구 용봉동,경상사고,0,0,2,0,차대차 - 측면충돌,안전거리미확보,건조,맑음,단일로 - 기타,승용,남,59세,경상,승용,남,52세,경상
2023022100100101,2023년 2월 21일 08시,화요일,광주광역시 서구 치평동,경상사고,0,0,1,0,차량단독 - 기타,안전운전불이행,건조,맑음,단일로 - 교량,승합,남,53세,상해없음,,,,
2023022100100123,2023년 2월 21일 09시,화요일,광주광역시 북구 중흥동,경상사고,0,0,3,0,차대차 - 측면충돌,안전운전불이행,건조,맑음,단일로 - 기타,승용,여,51세,경상,승용,여,48세,경상
2023022100100141,2023년 2월 21일 10시,화요일,광주광역시 광산구 비아동,부상신고사고,0,0,0,1,차대차 - 측면충돌,안전운전불이행,건조,맑음,단일로 - 기타,화물,남,67세,상해없음,화물,남,27세,부상신고
2023022100100182,2023년 2월 21일 11시,화요일,광주광역시 북구 유동,중상사고,0,1,0,0,차대사람 - 횡단중,안전운전불이행,건조,맑음,단일로 - 기타,화물,남,51세,상해없음,보행자,여,85세,중상
2023022100100214,2023년 2월 21일 12시,화요일,광주광역시 동구 산수동,경상사고,0,0,1,0,차대차 - 측면충돌,교차로운행방법위반,건조,맑음,단일로 - 기타,승용,남,73세,상해없음,승용,여,41세,경상
2023022100100215,2023년 2월 21일 12시,화요일,광주광역시 서구 화정동,경상사고,0,0,2,1,차대차 - 기타,안전운전불이행,건조,맑음,교차로 - 교차로안,이륜,남,57세,상해없음,승합,남,51세,상해없음
2023022100100216,2023년 2월 21일 12시,화요일,광주광역시 북구 운암동,중상사고,0,1,0,0,차대사람 - 기타,안전운전불이행,건조,맑음,단일로 - 기타,승용,여,46세,상해없음,보행자,여,84세,중상
2023022100100217,2023년 2월 21일 12시,화요일,광주광역시 광산구 소촌동,경상사고,0,0,2,0,차대차 - 측면충돌,안전운전불이행,건조,맑음,교차로 - 교차로안,승용,남,75세,경상,승용,남,56세,경상
2023022100100252,2023년 2월 21일 13시,화요일,광주광역시 광산구 신가동,경상사고,0,0,1,0,차대차 - 추돌,안전운전불이행,건조,맑음,단일로 - 기타,승용,여,48세,상해없음,승용,남,23세,경상
2023022100100286,2023년 2월 21일 14시,화요일,광주광역시 북구 우산동,경상사고,0,0,1,0,차대차 - 기타,안전운전불이행,건조,맑음,교차로 - 교차로부근,승용,남,60세,상해없음,승용,남,23세,경상
2023022100100310,2023년 2월 21일 15시,화요일,광주광역시 북구 용봉동,중상사고,0,1,0,0,차대차 - 측면충돌,신호위반,건조,맑음,교차로 - 교차로안,승용,남,84세,상해없음,이륜,남,58세,중상
2023022100100341,2023년 2월 21일 16시,화요일,광주광역시 광산구 수완동,경상사고,0,0,1,0,차대차 - 측면충돌,직진우회전진행방해,건조,맑음,교차로 - 교차로안,개인형이동수단(PM),남,14세,경상,승용,여,52세,기타불명
2023022100100372,2023년 2월 21일 17시,화요일,광주광역시 동구 산수동,경상사고,0,0,1,0,차대차 - 기타,안전운전불이행,건조,맑음,단일로 - 기타,승용,여,34세,상해없음,승용,남,64세,경상
2023022100100414,2023년 2월 21일 18시,화요일,광주광역시 서구 금호동,경상사고,0,0,1,0,차대차 - 추돌,안전거리미확보,건조,맑음,교차로 - 교차로안,이륜,남,17세,상해없음,이륜,남,36세,경상
2023022100100415,2023년 2월 21일 18시,화요일,광주광역시 북구 임동,경상사고,0,0,1,0,차대차 - 측면충돌,안전운전불이행,건조,맑음,기타 - 기타,승용,남,31세,기타불명,승용,남,42세,경상
2023022100100455,2023년 2월 21일 19시,화요일,광주광역시 동구 학동,경상사고,0,0,1,0,차대사람 - 기타,안전운전불이행,건조,맑음,기타 - 기타,승용,여,48세,상해없음,보행자,남,56세,경상
2023022100100488,2023년 2월 21일 21시,화요일,광주광역시 서구 쌍촌동,중상사고,0,1,0,0,차대사람 - 기타,안전운전불이행,건조,맑음,단일로 - 기타,승합,남,62세,상해없음,보행자,남,29세,중상
2023022200100036,2023년 2월 22일 05시,수요일,광주광역시 광산구 신창동,경상사고,0,0,1,0,차대차 - 기타,안전거리미확보,건조,맑음,교차로 - 교차로부근,승용,남,73세,상해없음,승용,남,68세,경상
2023022200100051,2023년 2월 22일 06시,수요일,광주광역시 북구 용봉동,경상사고,0,0,1,0,차대차 - 측면충돌,안전운전불이행,건조,맑음,단일로 - 기타,승용,남,24세,상해없음,승용,남,54세,경상
2023022200100094,2023년 2월 22일 08시,수요일,광주광역시 남구 월산동,경상사고,0,0,1,0,차대차 - 추돌,안전운전불이행,건조,맑음,교차로 - 교차로부근,승용,여,32세,상해없음,승용,여,26세,경상
2023022200100120,2023년 2월 22일 09시,수요일,광주광역시 광산구 소촌동,경상사고,0,0,1,0,차대차 - 측면충돌,안전거리미확보,건조,맑음,교차로 - 교차로부근,화물,남,35세,상해없음,승용,남,40세,경상
2023022200100157,2023년 2월 22일 10시,수요일,광주광역시 남구 진월동,경상사고,0,0,1,0,차대사람 - 횡단중,안전운전불이행,건조,맑음,단일로 - 기타,기타불명,기타불명,미분류,기타불명,보행자,여,78세,경상
2023022200100158,2023년 2월 22일 10시,수요일,광주광역시 북구 신안동,경상사고,0,0,1,0,차대차 - 측면충돌,교차로운행방법위반,건조,맑음,교차로 - 교차로안,승용,남,23세,상해없음,승용,남,28세,경상
2023022200100192,2023년 2월 22일 11시,수요일,광주광역시 남구 양림동,경상사고,0,0,1,0,차대차 - 추돌,안전운전불이행,건조,맑음,단일로 - 기타,승용,남,52세,상해없음,승용,남,34세,경상
2023022200100193,2023년 2월 22일 11시,수요일,광주광역시 남구 진월동,경상사고,0,0,1,0,차대차 - 측면충돌,안전운전불이행,건조,맑음,교차로 - 교차로부근,승용,남,62세,상해없음,자전거,남,11세,경상
2023022200100194,2023년 2월 22일 11시,수요일,광주광역시 광산구 신가동,경상사고,0,0,1,0,차대차 - 정면충돌,신호위반,건조,맑음,교차로 - 교차로안,승용,여,30세,기타불명,이륜,남,30세,경상
2023022200100340,2023년 2월 22일 16시,수요일,광주광역시 광산구 수완동,경상사고,0,0,1,0,차대차 - 측면충돌,안전운전불이행,건조,맑음,단일로 - 기타,승용,남,48세,상해없음,이륜,남,37세,경상
2023022200100363,2023년 2월 22일 17시,수요일,광주광역시 북구 두암동,경상사고,0,0,1,0,차대사람 - 차도통행중,안전운전불이행,건조,맑음,단일로 - 기타,승용,남,54세,상해없음,보행자,여,71세,경상
2023022200100403,2023년 2월 22일 18시,수요일,광주광역시 서구 유촌동,경상사고,0,0,4,0,차대차 - 측면충돌,안전거리미확보,건조,맑음,단일로 - 기타,승용,남,38세,경상,승용,남,43세,경상
2023022200100475,2023년 2월 22일 21시,수요일,광주광역시 남구 진월동,경상사고,0,0,1,0,차대차 - 측면충돌,안전거리미확보,건조,맑음,단일로 - 기타,승용,남,62세,상해없음,승용,여,61세,경상
2023022200100495,2023년 2월 22일 22시,수요일,광주광역시 남구 주월동,경상사고,0,0,2,0,차대차 - 후진중충돌,안전운전불이행,건조,맑음,교차로 - 교차로부근,승용,남,31세,상해없음,승용,남,51세,경상
2023022200100516,2023년 2월 22일 23시,수요일,광주광역시 남구 월산동,중상사고,0,1,0,0,차대사람 - 횡단중,안전운전불이행,젖음/습기,비,단일로 - 기타,이륜,남,22세,상해없음,보행자,남,34세,중상
2023022200100517,2023년 2월 22일 23시,수요일,광주광역시 북구 양산동,중상사고,0,1,0,0,차대사람 - 횡단중,안전운전불이행,젖음/습기,비,단일로 - 기타,승용,남,68세,상해없음,보행자,남,48세,중상
2023022300100010,2023년 2월 23일 00시,목요일,광주광역시 동구 광산동,경상사고,0,0,1,0,차대사람 - 기타,안전운전불이행,젖음/습기,흐림,단일로 - 기타,이륜,남,20세,상해없음,보행자,남,23세,경상
2023022300100049,2023년 2월 23일 06시,목요일,광주광역시 광산구 월전동,경상사고,0,0,1,0,차대차 - 기타,안전거리미확보,건조,맑음,교차로 - 교차로안,기타불명,기타불명,미분류,기타불명,승용,남,23세,경상
2023022300100071,2023년 2월 23일 07시,목요일,광주광역시 동구 산수동,경상사고,0,0,1,0,차대차 - 측면충돌,안전운전불이행,건조,맑음,기타 - 기타,승용,남,54세,상해없음,자전거,남,54세,경상
2023022300100072,2023년 2월 23일 07시,목요일,광주광역시 북구 중흥동,경상사고,0,0,1,0,차대차 - 추돌,안전운전불이행,건조,맑음,단일로 - 기타,승용,남,63세,상해없음,승용,남,24세,경상
2023022300100098,2023년 2월 23일 08시,목요일,광주광역시 남구 송하동,경상사고,0,0,7,0,차대차 - 추돌,안전거리미확보,건조,맑음,단일로 - 터널,승용,여,24세,경상,승용,여,31세,기타불명
2023022300100099,2023년 2월 23일 08시,목요일,광주광역시 북구 문흥동,경상사고,0,0,1,0,차대차 - 측면충돌,안전운전불이행,건조,맑음,단일로 - 기타,승합,남,69세,상해없음,승용,여,39세,경상
2023022300100100,2023년 2월 23일 08시,목요일,광주광역시 북구 양산동,경상사고,0,0,1,0,차대차 - 측면충돌,안전운전불이행,건조,맑음,교차로 - 교차로횡단보도내,승용,남,46세,상해없음,개인형이동수단(PM),남,25세,경상
2023022300100101,2023년 2월 23일 08시,목요일,광주광역시 북구 매곡동,경상사고,0,0,1,0,차대차 - 추돌,안전운전불이행,건조,맑음,교차로 - 교차로부근,승용,여,34세,기타불명,승용,여,38세,경상
2023022300100135,2023년 2월 23일 09시,목요일,광주광역시 북구 신안동,경상사고,0,0,1,0,차대차 - 기타,교차로운행방법위반,건조,맑음,교차로 - 교차로안,승용,남,78세,기타불명,승용,남,54세,경상
2023022300100136,2023년 2월 23일 09시,목요일,광주광역시 광산구 장록동,경상사고,0,0,1,0,차대차 - 기타,안전거리미확보,건조,맑음,단일로 - 기타,화물,남,60세,상해없음,승용,여,52세,경상
2023022300100154,2023년 2월 23일 10시,목요일,광주광역시 서구 광천동,경상사고,0,0,1,0,차대차 - 측면충돌,안전거리미확보,건조,맑음,단일로 - 기타,승용,남,68세,상해없음,승용,남,54세,경상
2023022300100155,2023년 2월 23일 10시,목요일,광주광역시 광산구 쌍암동,경상사고,0,0,1,0,차대차 - 후진중충돌,안전운전불이행,건조,맑음,교차로 - 교차로부근,화물,남,78세,상해없음,이륜,남,35세,경상
2023022300100230,2023년 2월 23일 13시,목요일,광주광역시 서구 치평동,경상사고,0,0,1,0,차대차 - 기타,안전운전불이행,건조,맑음,단일로 - 기타,승용,여,45세,상해없음,자전거,여,27세,경상
2023022300100262,2023년 2월 23일 14시,목요일,광주광역시 서구 쌍촌동,경상사고,0,0,1,0,차대사람 - 기타,안전운전불이행,건조,맑음,단일로 - 기타,승용,여,23세,상해없음,보행자,여,21세,경상
2023022300100295,2023년 2월 23일 15시,목요일,광주광역시 북구 운암동,경상사고,0,0,1,0,차대사람 - 길가장자리구역통행중,보행자보호의무위반,건조,맑음,교차로 - 교차로부근,승용,남,33세,상해없음,보행자,여,8세,경상
2023022300100340,2023년 2월 23일 17시,목요일,광주광역시 서구 화정동,경상사고,0,0,1,0,차대차 - 추돌,안전운전불이행,건조,맑음,단일로 - 기타,승용,남,56세,상해없음,승용,남,67세,경상
2023022300100393,2023년 2월 23일 18시,목요일,광주광역시 서구 동천동,경상사고,0,0,1,0,차대차 - 추돌,안전운전불이행,건조,맑음,단일로 - 기타,승용,남,56세,기타불명,승용,남,55세,경상
2023022300100440,2023년 2월 23일 20시,목요일,광주광역시 서구 내방동,경상사고,0,0,4,0,차대차 - 측면충돌,안전운전불이행,건조,맑음,기타 - 기타,승용,남,24세,경상,승용,남,40세,경상
2023022300100478,2023년 2월 23일 22시,목요일,광주광역시 남구 주월동,경상사고,0,0,1,0,차대사람 - 횡단중,보행자보호의무위반,건조,맑음,단일로 - 기타,승용,여,37세,상해없음,보행자,남,32세,경상
2023022400100019,2023년 2월 24일 01시,금요일,광주광역시 서구 쌍촌동,경상사고,0,0,2,0,차대차 - 측면충돌,안전운전불이행,건조,맑음,교차로 - 교차로안,승용,남,70세,상해없음,승용,남,63세,경상
2023022400100167,2023년 2월 24일 10시,금요일,광주광역시 동구 대인동,경상사고,0,0,1,0,차대차 - 기타,신호위반,건조,맑음,교차로 - 교차로안,승용,남,50세,상해없음,승용,남,72세,경상
2023022400100203,2023년 2월 24일 11시,금요일,광주광역시 서구 치평동,경상사고,0,0,3,0,차대차 - 기타,안전운전불이행,건조,맑음,단일로 - 기타,승용,여,32세,상해없음,특수,남,27세,경상
2023022400100231,2023년 2월 24일 12시,금요일,광주광역시 서구 화정동,경상사고,0,0,1,0,차대차 - 추돌,안전운전불이행,건조,맑음,단일로 - 기타,승용,남,63세,상해없음,승용,여,69세,경상
2023022400100232,2023년 2월 24일 12시,금요일,광주광역시 북구 동림동,경상사고,0,0,1,0,차대차 - 기타,안전거리미확보,건조,맑음,교차로 - 교차로부근,승용,여,48세,상해없음,이륜,남,21세,경상
2023022400100260,2023년 2월 24일 13시,금요일,광주광역시 서구 화정동,중상사고,0,2,0,0,차대차 - 기타,안전거리미확보,건조,맑음,교차로 - 교차로부근,승용,남,35세,상해없음,이륜,남,51세,중상
2023022400100261,2023년 2월 24일 13시,금요일,광주광역시 북구 삼각동,중상사고,0,1,0,0,차대차 - 측면충돌,신호위반,건조,맑음,교차로 - 교차로안,승용,여,59세,상해없음,이륜,남,48세,중상
2023022400100262,2023년 2월 24일 13시,금요일,광주광역시 북구 운암동,중상사고,0,1,0,0,차대사람 - 기타,안전운전불이행,건조,맑음,교차로 - 교차로부근,승합,남,54세,기타불명,보행자,여,75세,중상
2023022400100286,2023년 2월 24일 14시,금요일,광주광역시 남구 봉선동,경상사고,0,0,1,0,차대차 - 측면충돌,안전운전불이행,건조,맑음,교차로 - 교차로안,건설기계,남,50세,상해없음,승용,여,28세,경상
2023022400100287,2023년 2월 24일 14시,금요일,광주광역시 북구 중흥동,경상사고,0,0,2,0,차대차 - 기타,안전운전불이행,건조,맑음,교차로 - 교차로안,승용,여,29세,상해없음,승용,여,44세,경상
2023022400100288,2023년 2월 24일 14시,금요일,광주광역시 광산구 신촌동,경상사고,0,0,4,0,차대차 - 추돌,안전운전불이행,건조,맑음,단일로 - 기타,승용,남,74세,상해없음,승용,남,43세,경상
2023022400100353,2023년 2월 24일 16시,금요일,광주광역시 서구 농성동,경상사고,0,0,1,0,차대차 - 추돌,안전거리미확보,건조,맑음,교차로 - 교차로부근,승용,여,44세,상해없음,승용,남,34세,경상
2023022400100354,2023년 2월 24일 16시,금요일,광주광역시 북구 삼각동,경상사고,0,0,2,0,차대차 - 기타,안전운전불이행,건조,맑음,교차로 - 교차로안,승용,여,41세,경상,승용,여,42세,경상
2023022400100355,2023년 2월 24일 16시,금요일,광주광역시 광산구 송촌동,경상사고,0,0,1,0,차대차 - 기타,안전거리미확보,건조,맑음,단일로 - 기타,승용,남,22세,상해없음,승용,남,63세,경상
2023022400100356,2023년 2월 24일 16시,금요일,광주광역시 광산구 동산동,경상사고,0,0,1,1,차대차 - 측면충돌,안전운전불이행,건조,맑음,교차로 - 교차로안,화물,남,64세,부상신고,화물,여,70세,경상
2023022400100396,2023년 2월 24일 17시,금요일,광주광역시 광산구 월계동,경상사고,0,0,1,0,차대차 - 기타,기타,건조,맑음,단일로 - 기타,승용,남,61세,상해없음,이륜,남,23세,경상
2023022400100397,2023년 2월 24일 17시,금요일,광주광역시 광산구 송정동,경상사고,0,0,1,0,차대차 - 기타,안전거리미확보,건조,맑음,단일로 - 기타,화물,남,60세,상해없음,이륜,남,38세,경상
2023022400100474,2023년 2월 24일 19시,금요일,광주광역시 서구 쌍촌동,중상사고,0,1,0,0,차대사람 - 차도통행중,안전운전불이행,건조,맑음,단일로 - 기타,승용,남,59세,상해없음,보행자,여,75세,중상
2023022400100475,2023년 2월 24일 19시,금요일,광주광역시 남구 이장동,경상사고,0,0,2,0,차대차 - 기타,안전거리미확보,건조,기타,단일로 - 기타,화물,남,68세,상해없음,승용,남,60세,경상
2023022400100476,2023년 2월 24일 19시,금요일,광주광역시 북구 일곡동,경상사고,0,0,1,0,차대차 - 기타,교차로운행방법위반,건조,맑음,교차로 - 교차로안,승용,남,45세,상해없음,이륜,남,26세,경상
2023022400100477,2023년 2월 24일 19시,금요일,광주광역시 북구 신안동,경상사고,0,0,1,0,차대차 - 기타,교차로운행방법위반,건조,맑음,교차로 - 교차로안,승용,남,44세,상해없음,자전거,남,64세,경상
2023022400100552,2023년 2월 24일 22시,금요일,광주광역시 북구 용봉동,경상사고,0,0,1,0,차대차 - 후진중충돌,안전운전불이행,건조,맑음,단일로 - 기타,승용,남,30세,상해없음,이륜,여,32세,경상
2023022400100579,2023년 2월 24일 23시,금요일,광주광역시 광산구 산월동,경상사고,0,0,1,0,차대차 - 추돌,안전운전불이행,건조,맑음,단일로 - 교량,승용,남,17세,상해없음,승용,여,55세,경상
2023022500100030,2023년 2월 25일 02시,토요일,광주광역시 북구 두암동,경상사고,0,0,1,0,차대사람 - 기타,안전운전불이행,건조,맑음,단일로 - 기타,승용,남,62세,상해없음,보행자,남,29세,경상
2023022500100117,2023년 2월 25일 09시,토요일,광주광역시 서구 화정동,경상사고,0,0,5,0,차대차 - 추돌,안전거리미확보,건조,맑음,단일로 - 기타,승용,남,62세,경상,승용,남,82세,경상
2023022500100118,2023년 2월 25일 09시,토요일,광주광역시 서구 서창동,경상사고,0,0,2,0,차대차 - 추돌,안전거리미확보,건조,맑음,교차로 - 교차로부근,승용,남,34세,상해없음,승용,여,58세,경상
2023022500100151,2023년 2월 25일 10시,토요일,광주광역시 서구 금호동,경상사고,0,0,2,0,차대차 - 추돌,안전운전불이행,건조,맑음,교차로 - 교차로부근,승용,남,24세,상해없음,승용,남,56세,경상
2023022500100152,2023년 2월 25일 10시,토요일,광주광역시 광산구 도산동,경상사고,0,0,1,0,차대차 - 추돌,안전운전불이행,건조,맑음,교차로 - 교차로부근,승용,여,61세,상해없음,승용,남,55세,경상
2023022500100186,2023년 2월 25일 11시,토요일,광주광역시 광산구 신가동,경상사고,0,0,1,0,차대차 - 측면충돌,안전운전불이행,건조,맑음,교차로 - 교차로부근,승합,여,48세,상해없음,승용,남,46세,상해없음
2023022500100265,2023년 2월 25일 13시,토요일,광주광역시 서구 화정동,경상사고,0,0,1,0,차대차 - 기타,안전운전불이행,건조,맑음,교차로 - 교차로횡단보도내,화물,남,46세,상해없음,이륜,남,41세,경상
2023022500100266,2023년 2월 25일 13시,토요일,광주광역시 광산구 신가동,경상사고,0,0,2,0,차대차 - 추돌,안전거리미확보,건조,맑음,교차로 - 교차로안,승용,남,49세,상해없음,승용,남,38세,경상
2023022500100303,2023년 2월 25일 14시,토요일,광주광역시 남구 백운동,경상사고,0,0,1,0,차대차 - 기타,안전운전불이행,건조,맑음,단일로 - 기타,화물,남,54세,상해없음,승용,여,30세,경상
2023022500100304,2023년 2월 25일 14시,토요일,광주광역시 북구 우산동,중상사고,0,1,3,0,차대차 - 기타,신호위반,건조,맑음,교차로 - 교차로부근,승용,남,75세,상해없음,승용,여,63세,중상
2023022500100305,2023년 2월 25일 14시,토요일,광주광역시 북구 매곡동,경상사고,0,0,2,0,차대차 - 측면충돌,신호위반,건조,맑음,교차로 - 교차로안,승용,여,64세,상해없음,승용,남,35세,경상
2023022500100442,2023년 2월 25일 18시,토요일,광주광역시 서구 치평동,경상사고,0,0,1,0,차대차 - 기타,안전운전불이행,건조,맑음,단일로 - 기타,승용,남,30세,상해없음,이륜,여,36세,경상
2023022500100443,2023년 2월 25일 18시,토요일,광주광역시 북구 동림동,경상사고,0,0,3,0,차대차 - 추돌,안전운전불이행,건조,맑음,단일로 - 기타,화물,남,41세,상해없음,승용,여,34세,경상
2023022500100472,2023년 2월 25일 19시,토요일,광주광역시 서구 풍암동,경상사고,0,0,1,0,차대차 - 기타,안전운전불이행,건조,맑음,단일로 - 기타,승용,남,60세,상해없음,화물,남,48세,경상
2023022500100473,2023년 2월 25일 19시,토요일,광주광역시 서구 쌍촌동,경상사고,0,0,1,0,차대차 - 측면충돌,안전거리미확보,건조,맑음,교차로 - 교차로부근,승용,남,35세,상해없음,승용,여,33세,경상