사고번호,사고일시,요일,시군구,사고내용,사망자수,중상자수,경상자수,부상신고자수,사고유형,법규위반,노면상태,기상상태,도로형태,가해운전자 차종,가해운전자 성별,가해운전자 연령,가해운전자 상해정도,피해운전자 차종,피해운전자 성별,피해운전자 연령,피해운전자 상해정도
2023022500100493,2023년 2월 25일 20시,토요일,광주광역시 서구 매월동,경상사고,0,0,2,0,차대차 - 측면충돌,안전거리미확보,건조,맑음,교차로 - 교차로부근,승용,여,52세,경상,화물,남,35세,경상
2023022500100494,2023년 2월 25일 20시,토요일,광주광역시 북구 중흥동,경상사고,0,0,1,0,차대차 - 측면충돌,교차로운행방법위반,건조,흐림,교차로 - 교차로안,승용,남,26세,상해없음,이륜,남,42세,경상
2023022500100495,2023년 2월 25일 20시,토요일,광주광역시 북구 중흥동,경상사고,0,0,3,0,차대차 - 추돌,안전운전불이행,건조,맑음,교차로 - 교차로부근,이륜,남,55세,경상,승용,남,24세,경상
2023022500100516,2023년 2월 25일 21시,토요일,광주광역시 북구 누문동,중상사고,0,2,0,0,차대사람 - 차도통행중,안전운전불이행,건조,맑음,단일로 - 기타,승용,남,27세,상해없음,보행자,여,64세,중상
2023022500100529,2023년 2월 25일 22시,토요일,광주광역시 광산구 월계동,경상사고,0,0,1,0,차량단독 - 기타,안전운전불이행,건조,맑음,단일로 - 기타,승용,남,44세,기타불명,,,,
2023022600100026,2023년 2월 26일 02시,일요일,광주광역시 북구 운암동,경상사고,0,0,2,0,차대차 - 측면충돌,중앙선침범,건조,맑음,교차로 - 교차로부근,승용,여,58세,경상,승용,남,63세,경상
2023022600100034,2023년 2월 26일 04시,일요일,광주광역시 서구 풍암동,경상사고,0,0,2,0,차대차 - 측면충돌,안전운전불이행,건조,흐림,단일로 - 기타,승용,여,52세,상해없음,승용,남,33세,기타불명
2023022600100045,2023년 2월 26일 06시,일요일,광주광역시 북구 매곡동,경상사고,0,0,1,0,차대차 - 기타,안전운전불이행,건조,맑음,교차로 - 교차로부근,승용,여,60세,상해없음,자전거,남,76세,경상
2023022600100072,2023년 2월 26일 09시,일요일,광주광역시 광산구 신촌동,경상사고,0,0,1,0,차대차 - 추돌,안전운전불이행,건조,맑음,교차로 - 교차로부근,화물,남,63세,기타불명,승용,남,65세,상해없음
2023022600100114,2023년 2월 26일 11시,일요일,광주광역시 서구 매월동,경상사고,0,0,1,0,차대사람 - 횡단중,안전운전불이행,건조,맑음,교차로 - 교차로안,화물,남,43세,상해없음,보행자,남,83세,경상
2023022600100146,2023년 2월 26일 12시,일요일,광주광역시 북구 용두동,경상사고,0,0,1,0,차대차 - 기타,안전운전불이행,건조,맑음,단일로 - 기타,승용,남,73세,상해없음,승용,여,37세,경상
2023022600100147,2023년 2월 26일 12시,일요일,광주광역시 광산구 신가동,사망사고,1,0,0,0,차대차 - 측면충돌,신호위반,건조,맑음,교차로 - 교차로부근,이륜,남,25세,사망,승용,여,54세,상해없음
2023022600100148,2023년 2월 26일 12시,일요일,광주광역시 광산구 수완동,경상사고,0,0,1,0,차대차 - 측면충돌,안전운전불이행,건조,맑음,기타 - 기타,승용,여,45세,상해없음,승용,여,37세,경상
2023022600100185,2023년 2월 26일 13시,일요일,광주광역시 북구 운암동,경상사고,0,0,1,0,차대차 - 측면충돌,안전운전불이행,건조,맑음,단일로 - 고가도로위,승용,남,57세,상해없음,이륜,남,49세,경상
2023022600100229,2023년 2월 26일 15시,일요일,광주광역시 동구 학동,중상사고,0,1,0,0,차대차 - 측면충돌,안전거리미확보,건조,맑음,단일로 - 기타,승용,남,64세,상해없음,이륜,남,18세,중상
2023022600100230,2023년 2월 26일 15시,일요일,광주광역시 서구 쌍촌동,경상사고,0,0,7,0,차대차 - 측면충돌,안전운전불이행,건조,맑음,단일로 - 기타,승용,남,50세,경상,승용,남,70세,경상
2023022600100231,2023년 2월 26일 15시,일요일,광주광역시 북구 용봉동,중상사고,0,1,0,0,차대차 - 측면충돌,안전운전불이행,건조,맑음,교차로 - 교차로안,승용,남,64세,기타불명,승용,남,69세,중상
2023022600100261,2023년 2월 26일 16시,일요일,광주광역시 서구 치평동,경상사고,0,0,1,0,차대차 - 기타,안전운전불이행,건조,맑음,단일로 - 기타,자전거,남,81세,경상,승용,여,24세,상해없음
2023022600100284,2023년 2월 26일 17시,일요일,광주광역시 서구 쌍촌동,경상사고,0,0,1,0,차대차 - 측면충돌,안전운전불이행,건조,맑음,단일로 - 기타,승용,남,19세,상해없음,승용,여,46세,경상
2023022600100342,2023년 2월 26일 19시,일요일,광주광역시 북구 신안동,중상사고,0,1,0,0,차대차 - 측면충돌,안전운전불이행,건조,기타,단일로 - 기타,승용,남,55세,상해없음,이륜,남,39세,중상
2023022600100362,2023년 2월 26일 20시,일요일,광주광역시 북구 운암동,경상사고,0,0,1,0,차대사람 - 보도통행중,안전운전불이행,건조,맑음,단일로 - 기타,화물,남,59세,상해없음,보행자,남,56세,경상
2023022600100383,2023년 2월 26일 21시,일요일,광주광역시 광산구 월곡동,경상사고,0,0,1,0,차대차 - 추돌,안전운전불이행,건조,맑음,교차로 - 교차로부근,승용,여,46세,상해없음,승용,남,52세,경상
2023022700100006,2023년 2월 27일 00시,월요일,광주광역시 동구 광산동,경상사고,0,0,1,0,차대사람 - 기타,안전운전불이행,건조,맑음,교차로 - 교차로안,승용,남,19세,기타불명,보행자,남,19세,경상
2023022700100040,2023년 2월 27일 06시,월요일,광주광역시 광산구 월계동,경상사고,0,0,1,0,차대차 - 기타,안전운전불이행,건조,맑음,교차로 - 교차로안,승용,남,26세,상해없음,승용,남,59세,경상
2023022700100041,2023년 2월 27일 06시,월요일,광주광역시 광산구 산월동,경상사고,0,0,1,0,차대차 - 측면충돌,신호위반,건조,맑음,교차로 - 교차로안,승용,여,54세,상해없음,승용,남,49세,경상
2023022700100089,2023년 2월 27일 08시,월요일,광주광역시 서구 쌍촌동,경상사고,0,0,2,0,차대차 - 기타,안전운전불이행,건조,맑음,교차로 - 교차로부근,승용,여,35세,상해없음,승용,남,33세,경상
2023022700100090,2023년 2월 27일 08시,월요일,광주광역시 북구 중흥동,경상사고,0,0,1,0,차대차 - 추돌,안전거리미확보,건조,맑음,단일로 - 기타,승용,남,42세,기타불명,승용,남,32세,경상
2023022700100091,2023년 2월 27일 08시,월요일,광주광역시 광산구 용곡동,경상사고,0,0,7,0,차대차 - 추돌,안전운전불이행,건조,맑음,단일로 - 기타,승용,여,50세,상해없음,승용,남,31세,경상
2023022700100092,2023년 2월 27일 08시,월요일,광주광역시 광산구 신촌동,경상사고,0,0,1,0,차대차 - 측면충돌,차로위반,건조,맑음,교차로 - 교차로부근,승용,여,62세,기타불명,승용,남,47세,경상
2023022700100178,2023년 2월 27일 11시,월요일,광주광역시 광산구 쌍암동,경상사고,0,0,1,0,차대차 - 측면충돌,신호위반,건조,맑음,교차로 - 교차로부근,승용,여,33세,상해없음,승용,남,23세,경상
2023022700100179,2023년 2월 27일 11시,월요일,광주광역시 광산구 송정동,경상사고,0,0,1,0,차대차 - 측면충돌,안전운전불이행,건조,맑음,주차장 - 주차장,승용,여,41세,상해없음,승용,남,57세,경상
2023022700100213,2023년 2월 27일 12시,월요일,광주광역시 동구 장동,중상사고,0,1,0,0,차대차 - 기타,신호위반,건조,맑음,교차로 - 교차로안,승용,남,33세,상해없음,이륜,남,25세,중상
2023022700100285,2023년 2월 27일 14시,월요일,광주광역시 남구 월산동,중상사고,0,1,0,0,차량단독 - 기타,안전운전불이행,건조,맑음,기타 - 기타,승용,남,64세,상해없음,,,,
2023022700100318,2023년 2월 27일 15시,월요일,광주광역시 서구 풍암동,경상사고,0,0,1,0,차대차 - 후진중충돌,안전운전불이행,건조,맑음,단일로 - 기타,승용,남,64세,상해없음,이륜,남,40세,경상
2023022700100380,2023년 2월 27일 17시,월요일,광주광역시 서구 쌍촌동,경상사고,0,0,1,1,차대차 - 기타,직진우회전진행방해,건조,맑음,교차로 - 교차로안,승용,남,56세,부상신고,승용,남,24세,경상
2023022700100381,2023년 2월 27일 17시,월요일,광주광역시 남구 주월동,경상사고,0,0,1,0,차대차 - 측면충돌,안전운전불이행,건조,맑음,단일로 - 기타,승용,남,61세,상해없음,승용,남,32세,경상
2023022700100431,2023년 2월 27일 18시,월요일,광주광역시 동구 호남동,경상사고,0,0,1,0,차대차 - 측면충돌,차로위반,건조,맑음,단일로 - 기타,승용,남,75세,상해없음,승용,남,59세,경상
2023022700100525,2023년 2월 27일 22시,월요일,광주광역시 서구 광천동,경상사고,0,0,1,0,차대사람 - 횡단중,보행자보호의무위반,건조,맑음,단일로 - 기타,승용,남,73세,상해없음,보행자,여,17세,경상
2023022800100009,2023년 2월 28일 00시,화요일,광주광역시 서구 유촌동,경상사고,0,0,2,0,차대차 - 추돌,안전운전불이행,건조,맑음,교차로 - 교차로부근,승용,남,68세,상해없음,승용,여,55세,경상
2023022800100024,2023년 2월 28일 02시,화요일,광주광역시 동구 금남로5가,경상사고,0,0,1,0,차대차 - 측면충돌,안전거리미확보,건조,맑음,단일로 - 기타,승용,남,24세,상해없음,승용,남,66세,경상
2023022800100042,2023년 2월 28일 05시,화요일,광주광역시 북구 임동,경상사고,0,0,1,0,차대차 - 추돌,안전운전불이행,건조,맑음,단일로 - 기타,승용,남,31세,상해없음,승용,남,25세,경상
2023022800100092,2023년 2월 28일 08시,화요일,광주광역시 북구 용봉동,경상사고,0,0,2,0,차대차 - 측면충돌,교차로운행방법위반,건조,맑음,교차로 - 교차로안,승용,여,45세,경상,승용,남,35세,경상
2023022800100093,2023년 2월 28일 08시,화요일,광주광역시 광산구 신창동,경상사고,0,0,1,0,차대차 - 기타,안전운전불이행,건조,맑음,교차로 - 교차로안,승용,남,21세,상해없음,승용,남,22세,경상
2023022800100195,2023년 2월 28일 12시,화요일,광주광역시 서구 쌍촌동,경상사고,0,0,1,0,차대차 - 기타,안전운전불이행,건조,맑음,교차로 - 교차로부근,자전거,남,74세,상해없음,승용,남,48세,경상
2023022800100196,2023년 2월 28일 12시,화요일,광주광역시 서구 치평동,경상사고,0,0,1,0,차대차 - 측면충돌,안전운전불이행,건조,맑음,단일로 - 기타,승용,여,81세,상해없음,승용,남,28세,경상
2023022800100197,2023년 2월 28일 12시,화요일,광주광역시 광산구 신창동,중상사고,0,1,0,0,차대차 - 기타,안전거리미확보,건조,맑음,단일로 - 기타,승용,여,69세,상해없음,이륜,남,36세,중상
2023022800100198,2023년 2월 28일 12시,화요일,광주광역시 광산구 우산동,경상사고,0,0,1,0,차대차 - 측면충돌,교차로운행방법위반,건조,맑음,교차로 - 교차로안,승용,남,77세,상해없음,승용,남,53세,경상
2023022800100237,2023년 2월 28일 13시,화요일,광주광역시 남구 월산동,경상사고,0,0,1,0,차대차 - 정면충돌,안전운전불이행,건조,맑음,단일로 - 기타,승용,남,55세,상해없음,승용,여,43세,상해없음
2023022800100238,2023년 2월 28일 13시,화요일,광주광역시 광산구 운수동,중상사고,0,1,0,0,차대차 - 측면충돌,신호위반,건조,맑음,교차로 - 교차로안,승합,남,58세,상해없음,원동기,남,85세,중상
2023022800100282,2023년 2월 28일 14시,화요일,광주광역시 동구 소태동,경상사고,0,0,2,0,차대차 - 추돌,안전거리미확보,건조,맑음,기타 - 기타,승용,남,67세,상해없음,승용,남,64세,경상
2023022800100283,2023년 2월 28일 14시,화요일,광주광역시 남구 양림동,경상사고,0,0,1,0,차대차 - 추돌,안전운전불이행,건조,맑음,단일로 - 기타,화물,남,59세,상해없음,승용,여,65세,경상
2023022800100317,2023년 2월 28일 15시,화요일,광주광역시 서구 내방동,중상사고,0,1,0,0,차대차 - 기타,안전운전불이행,건조,맑음,교차로 - 교차로안,승용,여,31세,상해없음,원동기,남,30세,중상
2023022800100353,2023년 2월 28일 16시,화요일,광주광역시 동구 운림동,경상사고,0,0,1,0,차대사람 - 기타,안전운전불이행,건조,맑음,기타 - 기타,개인형이동수단(PM),남,29세,상해없음,보행자,남,68세,경상
2023022800100354,2023년 2월 28일 16시,화요일,광주광역시 서구 치평동,경상사고,0,0,2,0,차대차 - 추돌,안전운전불이행,건조,맑음,교차로 - 교차로부근,승용,남,67세,상해없음,승용,여,36세,경상
2023022800100355,2023년 2월 28일 16시,화요일,광주광역시 광산구 황룡동,경상사고,0,0,1,0,차대차 - 정면충돌,중앙선침범,건조,맑음,단일로 - 기타,승용,남,55세,상해없음,승용,남,75세,경상
2023022800100398,2023년 2월 28일 17시,화요일,광주광역시 남구 봉선동,경상사고,0,0,2,0,차대차 - 후진중충돌,안전운전불이행,건조,맑음,단일로 - 기타,승용,여,38세,상해없음,승용,남,42세,상해없음
2023022800100399,2023년 2월 28일 17시,화요일,광주광역시 북구 신안동,경상사고,0,0,1,0,차대차 - 측면충돌,안전운전불이행,건조,맑음,교차로 - 교차로부근,이륜,남,33세,경상,승용,여,27세,상해없음
2023022800100400,2023년 2월 28일 17시,화요일,광주광역시 광산구 장덕동,중상사고,0,1,0,0,차대사람 - 횡단중,신호위반,건조,맑음,교차로 - 교차로횡단보도내,이륜,남,26세,상해없음,보행자,여,80세,중상
2023022800100438,2023년 2월 28일 18시,화요일,광주광역시 서구 광천동,중상사고,0,1,2,0,차대차 - 측면충돌,안전운전불이행,건조,맑음,교차로 - 교차로안,승용,여,73세,중상,승용,여,59세,상해없음
2023022800100471,2023년 2월 28일 19시,화요일,광주광역시 서구 마륵동,경상사고,0,0,1,0,차대차 - 기타,안전운전불이행,건조,맑음,단일로 - 기타,승용,남,69세,상해없음,승용,남,29세,상해없음
2023022800100472,2023년 2월 28일 19시,화요일,광주광역시 북구 우산동,경상사고,0,0,1,0,차대차 - 기타,안전운전불이행,건조,맑음,단일로 - 기타,승용,남,59세,상해없음,화물,남,49세,경상
2023022800100546,2023년 2월 28일 22시,화요일,광주광역시 서구 금호동,경상사고,0,0,1,0,차대차 - 측면충돌,직진우회전진행방해,건조,맑음,교차로 - 교차로안,승용,남,29세,상해없음,승용,남,50세,경상
2023022800100571,2023년 2월 28일 23시,화요일,광주광역시 남구 월산동,경상사고,0,0,1,0,차대차 - 추돌,안전거리미확보,기타,기타,교차로 - 교차로부근,승용,여,60세,상해없음,승용,남,47세,경상
2023030100100010,2023년 3월 1일 00시,수요일,광주광역시 서구 치평동,경상사고,0,0,1,0,차대차 - 측면충돌,불법유턴,건조,맑음,기타 - 기타,승용,남,31세,상해없음,승용,남,26세,경상
2023030100100011,2023년 3월 1일 00시,수요일,광주광역시 광산구 운남동,경상사고,0,0,2,0,차대차 - 추돌,안전운전불이행,건조,맑음,단일로 - 기타,승용,남,31세,상해없음,승합,남,30세,경상
2023030100100022,2023년 3월 1일 01시,수요일,광주광역시 광산구 쌍암동,경상사고,0,0,1,0,차대사람 - 횡단중,안전운전불이행,건조,맑음,단일로 - 기타,이륜,남,48세,경상,보행자,남,30세,상해없음
2023030100100130,2023년 3월 1일 11시,수요일,광주광역시 서구 치평동,경상사고,0,0,1,0,차대차 - 기타,안전운전불이행,건조,맑음,단일로 - 기타,승합,남,52세,상해없음,이륜,남,25세,경상
2023030100100246,2023년 3월 1일 16시,수요일,광주광역시 동구 금남로5가,경상사고,0,0,1,2,차대차 - 기타,안전거리미확보,건조,맑음,교차로 - 교차로안,승용,남,49세,상해없음,승합,남,58세,상해없음
2023030100100265,2023년 3월 1일 17시,수요일,광주광역시 광산구 하남동,경상사고,0,0,1,0,차대차 - 측면충돌,안전거리미확보,건조,맑음,단일로 - 기타,승용,남,32세,상해없음,이륜,남,22세,경상
2023030100100266,2023년 3월 1일 17시,수요일,광주광역시 광산구 신촌동,경상사고,0,0,2,0,차대차 - 기타,신호위반,건조,맑음,교차로 - 교차로안,승용,남,30세,상해없음,승용,남,57세,경상
2023030100100310,2023년 3월 1일 19시,수요일,광주광역시 남구 봉선동,중상사고,0,1,0,0,차대사람 - 횡단중,안전운전불이행,건조,맑음,단일로 - 기타,승용,여,51세,상해없음,보행자,남,67세,중상
2023030200100049,2023년 3월 2일 06시,목요일,광주광역시 서구 벽진동,경상사고,0,0,2,0,차대차 - 기타,안전운전불이행,건조,맑음,교차로 - 교차로안,승용,여,28세,상해없음,승용,여,41세,경상
2023030200100050,2023년 3월 2일 06시,목요일,광주광역시 광산구 신가동,경상사고,0,0,3,0,차대차 - 기타,차로위반,건조,맑음,단일로 - 기타,승용,여,52세,상해없음,화물,남,44세,경상
2023030200100113,2023년 3월 2일 08시,목요일,광주광역시 서구 내방동,경상사고,0,0,1,0,차대차 - 측면충돌,안전거리미확보,건조,맑음,단일로 - 기타,승용,남,61세,상해없음,승용,남,45세,상해없음
2023030200100114,2023년 3월 2일 08시,목요일,광주광역시 남구 송하동,경상사고,0,0,1,0,차대사람 - 기타,보행자보호의무위반,건조,맑음,단일로 - 기타,승용,남,47세,상해없음,보행자,여,13세,경상
2023030200100153,2023년 3월 2일 09시,목요일,광주광역시 남구 월산동,경상사고,0,0,1,0,차대차 - 측면충돌,안전거리미확보,건조,맑음,단일로 - 기타,승합,남,52세,기타불명,승용,여,27세,경상
2023030200100220,2023년 3월 2일 11시,목요일,광주광역시 남구 진월동,경상사고,0,0,1,0,차대차 - 기타,안전운전불이행,건조,맑음,기타 - 기타,이륜,남,23세,상해없음,승용,여,45세,경상
2023030200100291,2023년 3월 2일 13시,목요일,광주광역시 서구 쌍촌동,중상사고,0,1,0,0,차대차 - 측면충돌,기타,건조,맑음,교차로 - 교차로안,이륜,남,43세,중상,승용,남,58세,상해없음
2023030200100292,2023년 3월 2일 13시,목요일,광주광역시 서구 쌍촌동,경상사고,0,0,2,0,차대차 - 측면충돌,안전운전불이행,건조,맑음,교차로 - 교차로안,승용,여,37세,경상,승용,남,42세,경상
2023030200100321,2023년 3월 2일 14시,목요일,광주광역시 서구 농성동,경상사고,0,0,1,0,차대차 - 측면충돌,안전거리미확보,건조,맑음,단일로 - 기타,승용,남,27세,상해없음,화물,남,43세,경상
2023030200100455,2023년 3월 2일 18시,목요일,광주광역시 북구 각화동,경상사고,0,0,1,0,차대차 - 측면충돌,안전거리미확보,건조,맑음,단일로 - 기타,승용,남,61세,상해없음,승용,여,31세,경상
2023030200100488,2023년 3월 2일 19시,목요일,광주광역시 서구 동천동,경상사고,0,0,1,0,차대사람 - 기타,안전운전불이행,건조,맑음,기타 - 기타,기타불명,기타불명,미분류,기타불명,보행자,남,57세,경상
2023030200100489,2023년 3월 2일 19시,목요일,광주광역시 북구 문흥동,경상사고,0,0,3,0,차대차 - 기타,신호위반,건조,맑음,교차로 - 교차로안,승용,여,20세,상해없음,승용,남,57세,경상
2023030200100540,2023년 3월 2일 22시,목요일,광주광역시 북구 양산동,사망사고,1,0,0,0,차량단독 - 전도전복 - 전도,안전운전불이행,건조,맑음,단일로 - 기타,원동기,남,48세,사망,,,,
2023030200100550,2023년 3월 2일 23시,목요일,광주광역시 북구 장등동,중상사고,0,1,2,0,차대차 - 측면충돌,신호위반,건조,흐림,교차로 - 교차로안,승용,남,29세,경상,화물,남,58세,경상
2023030300100072,2023년 3월 3일 07시,금요일,광주광역시 북구 매곡동,경상사고,0,0,1,0,차대차 - 기타,신호위반,건조,맑음,기타 - 기타,화물,남,71세,상해없음,승용,남,65세,경상
2023030300100119,2023년 3월 3일 08시,금요일,광주광역시 북구 신용동,경상사고,0,0,1,0,차대차 - 추돌,안전거리미확보,건조,맑음,교차로 - 교차로부근,화물,남,55세,상해없음,승용,여,39세,경상
2023030300100120,2023년 3월 3일 08시,금요일,광주광역시 광산구 우산동,경상사고,0,0,2,0,차대차 - 추돌,안전거리미확보,건조,맑음,단일로 - 고가도로위,화물,남,56세,상해없음,화물,남,57세,경상
2023030300100179,2023년 3월 3일 10시,금요일,광주광역시 서구 매월동,경상사고,0,0,1,0,차대차 - 측면충돌,안전운전불이행,건조,맑음,단일로 - 기타,승용,남,37세,상해없음,승용,남,54세,경상
2023030300100180,2023년 3월 3일 10시,금요일,광주광역시 광산구 진곡동,경상사고,0,0,2,0,차대차 - 측면충돌,안전운전불이행,건조,맑음,교차로 - 교차로안,승용,남,36세,상해없음,승용,남,68세,경상
2023030300100266,2023년 3월 3일 13시,금요일,광주광역시 남구 봉선동,경상사고,0,0,1,0,차대차 - 측면충돌,안전거리미확보,건조,맑음,교차로 - 교차로안,승용,여,80세,기타불명,승용,여,27세,경상
2023030300100460,2023년 3월 3일 18시,금요일,광주광역시 서구 덕흥동,경상사고,0,0,1,0,차대차 - 기타,안전거리미확보,건조,맑음,단일로 - 기타,승용,여,28세,상해없음,승용,남,43세,경상
2023030300100461,2023년 3월 3일 18시,금요일,광주광역시 서구 덕흥동,경상사고,0,0,4,0,차대차 - 추돌,안전운전불이행,건조,맑음,단일로 - 기타,승용,여,38세,경상,승용,여,58세,경상
2023030300100462,2023년 3월 3일 18시,금요일,광주광역시 광산구 신창동,경상사고,0,0,1,0,차대차 - 기타,안전운전불이행,건조,맑음,교차로 - 교차로안,승용,여,44세,상해없음,승용,여,63세,경상
2023030300100525,2023년 3월 3일 20시,금요일,광주광역시 광산구 우산동,경상사고,0,0,3,0,차대차 - 측면충돌,안전운전불이행,건조,맑음,단일로 - 기타,화물,여,50세,경상,승용,남,40세,경상
2023030300100548,2023년 3월 3일 21시,금요일,광주광역시 북구 양산동,경상사고,0,0,1,0,차대차 - 기타,신호위반,건조,맑음,교차로 - 교차로부근,승용,남,23세,상해없음,승용,여,42세,경상
2023030300100569,2023년 3월 3일 22시,금요일,광주광역시 광산구 송정동,부상신고사고,0,0,0,1,차대차 - 추돌,안전거리미확보,건조,맑음,단일로 - 기타,승용,남,30세,상해없음,승용,여,25세,부상신고
2023030300100588,2023년 3월 3일 23시,금요일,광주광역시 북구 대촌동,경상사고,0,0,1,0,차대차 - 추돌,안전운전불이행,건조,맑음,교차로 - 교차로부근,승용,남,53세,상해없음,승용,남,32세,경상
2023030400100012,2023년 3월 4일 00시,토요일,광주광역시 북구 용봉동,경상사고,0,0,1,0,차량단독 - 기타,안전운전불이행,건조,맑음,교차로 - 교차로부근,개인형이동수단(PM),남,30세,상해없음,,,,
2023030400100031,2023년 3월 4일 01시,토요일,광주광역시 서구 광천동,경상사고,0,0,4,0,차대차 - 추돌,안전운전불이행,건조,맑음,단일로 - 기타,승용,남,66세,상해없음,승용,남,22세,경상
2023030400100041,2023년 3월 4일 02시,토요일,광주광역시 북구 임동,경상사고,0,0,2,0,차대차 - 추돌,안전운전불이행,건조,맑음,교차로 - 교차로안,승용,남,35세,상해없음,승용,남,62세,경상
2023030400100106,2023년 3월 4일 09시,토요일,광주광역시 남구 양촌동,경상사고,0,0,1,0,차대차 - 측면충돌,안전운전불이행,건조,맑음,단일로 - 기타,화물,남,77세,상해없음,화물,남,36세,경상
2023030400100136,2023년 3월 4일 10시,토요일,광주광역시 광산구 수완동,중상사고,0,1,0,0,차대사람 - 보도통행중,기타,건조,맑음,교차로 - 교차로부근,기타불명,기타불명,미분류,기타불명,보행자,남,5세,중상
2023030400100165,2023년 3월 4일 11시,토요일,광주광역시 북구 두암동,경상사고,0,0,1,0,차대사람 - 보도통행중,기타,건조,맑음,기타 - 기타,화물,남,58세,상해없음,보행자,여,43세,경상
2023030400100239,2023년 3월 4일 13시,토요일,광주광역시 광산구 안청동,경상사고,0,0,1,0,차대차 - 측면충돌,안전운전불이행,건조,맑음,단일로 - 기타,화물,남,75세,상해없음,자전거,남,39세,경상
2023030400100268,2023년 3월 4일 14시,토요일,광주광역시 북구 중흥동,경상사고,0,0,3,0,차대차 - 측면충돌,안전운전불이행,건조,맑음,교차로 - 교차로부근,승용,남,63세,상해없음,승용,남,39세,경상
2023030400100269,2023년 3월 4일 14시,토요일,광주광역시 광산구 도천동,중상사고,0,1,0,0,차대사람 - 기타,안전운전불이행,건조,맑음,단일로 - 기타,화물,남,63세,상해없음,보행자,남,70세,중상
2023030400100299,2023년 3월 4일 15시,토요일,광주광역시 북구 오치동,경상사고,0,0,1,0,차대사람 - 기타,보행자보호의무위반,건조,맑음,단일로 - 기타,승용,남,48세,상해없음,보행자,여,65세,경상
2023030400100360,2023년 3월 4일 17시,토요일,광주광역시 서구 치평동,중상사고,0,2,1,0,차대차 - 정면충돌,신호위반,건조,맑음,교차로 - 교차로안,승용,남,30세,중상,승용,남,64세,경상
2023030400100361,2023년 3월 4일 17시,토요일,광주광역시 남구 진월동,경상사고,0,0,1,0,차대차 - 기타,안전운전불이행,건조,맑음,기타 - 기타,승용,남,27세,상해없음,승용,여,38세,경상
2023030400100385,2023년 3월 4일 18시,토요일,광주광역시 남구 주월동,중상사고,0,1,0,0,차대차 - 측면충돌,안전운전불이행,건조,맑음,교차로 - 교차로부근,승용,여,64세,상해없음,이륜,남,50세,중상
2023030400100415,2023년 3월 4일 19시,토요일,광주광역시 서구 치평동,경상사고,0,0,1,0,차대차 - 추돌,안전거리미확보,건조,맑음,교차로 - 교차로부근,승용,남,76세,상해없음,승용,남,34세,경상
2023030400100416,2023년 3월 4일 19시,토요일,광주광역시 서구 유촌동,경상사고,0,0,2,0,차대차 - 측면충돌,안전운전불이행,건조,맑음,교차로 - 교차로안,승용,남,64세,경상,승용,남,29세,경상
2023030400100417,2023년 3월 4일 19시,토요일,광주광역시 북구 각화동,경상사고,0,0,1,0,차대사람 - 보도통행중,기타,건조,맑음,기타 - 기타,개인형이동수단(PM),남,15세,상해없음,보행자,여,63세,경상
2023030400100446,2023년 3월 4일 20시,토요일,광주광역시 서구 화정동,경상사고,0,0,1,0,차대차 - 측면충돌,안전운전불이행,건조,맑음,교차로 - 교차로안,승용,남,65세,상해없음,이륜,남,40세,경상
2023030400100447,2023년 3월 4일 20시,토요일,광주광역시 광산구 하남동,경상사고,0,0,1,0,차대차 - 측면충돌,신호위반,건조,맑음,교차로 - 교차로안,승용,여,33세,상해없음,승용,남,57세,경상
2023030400100448,2023년 3월 4일 20시,토요일,광주광역시 광산구 송학동,경상사고,0,0,1,0,차대사람 - 기타,중앙선침범,건조,맑음,단일로 - 기타,화물,남,73세,상해없음,보행자,남,25세,경상
2023030400100498,2023년 3월 4일 23시,토요일,광주광역시 동구 금남로1가,경상사고,0,0,1,0,차대차 - 기타,안전운전불이행,건조,맑음,단일로 - 기타,승용,남,18세,상해없음,이륜,남,23세,경상
2023030500100031,2023년 3월 5일 02시,일요일,광주광역시 동구 광산동,경상사고,0,0,1,0,차대사람 - 길가장자리구역통행중,안전운전불이행,건조,맑음,교차로 - 교차로안,승용,남,18세,상해없음,보행자,남,24세,경상
2023030500100042,2023년 3월 5일 03시,일요일,광주광역시 동구 금남로3가,경상사고,0,0,2,0,차대차 - 기타,교차로운행방법위반,건조,맑음,교차로 - 교차로안,승용,남,69세,상해없음,승용,남,64세,상해없음
2023030500100051,2023년 3월 5일 04시,일요일,광주광역시 동구 대인동,중상사고,0,1,0,0,차량단독 - 공작물충돌,안전운전불이행,건조,맑음,단일로 - 기타,승용,남,46세,중상,,,,
2023030500100087,2023년 3월 5일 08시,일요일,광주광역시 북구 장등동,중상사고,0,1,1,0,차대차 - 측면충돌,신호위반,건조,맑음,교차로 - 교차로안,승용,남,28세,경상,승용,여,34세,중상
2023030500100206,2023년 3월 5일 13시,일요일,광주광역시 동구 지산동,경상사고,0,0,1,0,차대사람 - 기타,안전운전불이행,건조,맑음,단일로 - 기타,개인형이동수단(PM),남,13세,상해없음,보행자,남,5세,경상
2023030500100207,2023년 3월 5일 13시,일요일,광주광역시 북구 우산동,경상사고,0,0,1,0,차대차 - 기타,안전거리미확보,건조,맑음,단일로 - 기타,승용,남,67세,상해없음,이륜,남,31세,경상
2023030500100208,2023년 3월 5일 13시,일요일,광주광역시 광산구 월계동,중상사고,0,1,0,0,차대차 - 기타,안전운전불이행,건조,맑음,교차로 - 교차로부근,자전거,여,15세,중상,승용,남,54세,상해없음
2023030500100238,2023년 3월 5일 14시,일요일,광주광역시 서구 쌍촌동,경상사고,0,0,3,0,차대차 - 추돌,안전거리미확보,건조,맑음,교차로 - 교차로부근,승용,남,46세,상해없음,승용,여,49세,경상