사고번호,사고일시,요일,시군구,사고내용,사망자수,중상자수,경상자수,부상신고자수,사고유형,법규위반,노면상태,기상상태,도로형태,가해운전자 차종,가해운전자 성별,가해운전자 연령,가해운전자 상해정도,피해운전자 차종,피해운전자 성별,피해운전자 연령,피해운전자 상해정도
2023031200100078,2023년 3월 12일 09시,일요일,광주광역시 광산구 신가동,경상사고,0,0,1,0,차대차 - 추돌,안전거리미확보,젖음/습기,비,단일로 - 기타,승용,남,25세,상해없음,승용,남,37세,경상
2023031200100175,2023년 3월 12일 13시,일요일,광주광역시 북구 용봉동,경상사고,0,0,1,0,차대차 - 추돌,안전운전불이행,젖음/습기,비,교차로 - 교차로부근,승용,남,83세,상해없음,승용,여,28세,경상
2023031200100176,2023년 3월 12일 13시,일요일,광주광역시 북구 운암동,경상사고,0,0,2,0,차대차 - 기타,안전거리미확보,건조,맑음,단일로 - 기타,승용,남,62세,경상,승용,여,51세,경상
2023031200100177,2023년 3월 12일 13시,일요일,광주광역시 광산구 복룡동,중상사고,0,1,2,0,차대차 - 추돌,안전거리미확보,젖음/습기,비,단일로 - 기타,승용,여,67세,상해없음,승용,남,69세,경상
2023031200100226,2023년 3월 12일 15시,일요일,광주광역시 북구 운암동,경상사고,0,0,1,0,차대사람 - 횡단중,신호위반,젖음/습기,흐림,기타 - 기타,승용,여,51세,상해없음,보행자,남,16세,경상
2023031200100227,2023년 3월 12일 15시,일요일,광주광역시 광산구 고룡동,경상사고,0,0,4,0,차대차 - 정면충돌,중앙선침범,젖음/습기,비,단일로 - 기타,승용,남,53세,기타불명,승용,남,33세,경상
2023031200100291,2023년 3월 12일 18시,일요일,광주광역시 서구 광천동,경상사고,0,0,1,0,차대사람 - 기타,안전운전불이행,건조,맑음,단일로 - 기타,승용,남,72세,상해없음,보행자,여,25세,경상
2023031200100292,2023년 3월 12일 18시,일요일,광주광역시 광산구 월계동,경상사고,0,0,1,0,차대차 - 기타,신호위반,건조,맑음,교차로 - 교차로횡단보도내,이륜,남,26세,상해없음,자전거,남,11세,경상
2023031200100313,2023년 3월 12일 19시,일요일,광주광역시 서구 농성동,경상사고,0,0,2,0,차대차 - 측면충돌,안전운전불이행,건조,맑음,교차로 - 교차로부근,승용,여,54세,기타불명,승용,남,28세,경상
2023031200100314,2023년 3월 12일 19시,일요일,광주광역시 남구 백운동,경상사고,0,0,1,0,차대사람 - 기타,안전운전불이행,건조,맑음,교차로 - 교차로부근,승용,남,66세,상해없음,보행자,남,44세,경상
2023031200100332,2023년 3월 12일 20시,일요일,광주광역시 북구 운암동,경상사고,0,0,1,1,차대차 - 정면충돌,교차로운행방법위반,건조,맑음,교차로 - 교차로안,이륜,남,25세,부상신고,승용,남,67세,경상
2023031200100345,2023년 3월 12일 21시,일요일,광주광역시 서구 쌍촌동,부상신고사고,0,0,0,2,차대차 - 기타,안전거리미확보,건조,맑음,단일로 - 기타,승용,남,59세,부상신고,승용,남,64세,상해없음
2023031200100346,2023년 3월 12일 21시,일요일,광주광역시 서구 풍암동,경상사고,0,0,3,0,차대차 - 기타,안전운전불이행,건조,맑음,교차로 - 교차로부근,승용,남,60세,상해없음,승용,남,35세,경상
2023031200100347,2023년 3월 12일 21시,일요일,광주광역시 북구 운암동,경상사고,0,0,1,0,차대차 - 측면충돌,교차로운행방법위반,건조,맑음,교차로 - 교차로안,승용,남,29세,상해없음,이륜,남,45세,경상
2023031200100361,2023년 3월 12일 22시,일요일,광주광역시 북구 중흥동,경상사고,0,0,1,0,차대차 - 측면충돌,안전거리미확보,건조,흐림,교차로 - 교차로부근,승용,남,35세,상해없음,승용,남,58세,상해없음
2023031300100116,2023년 3월 13일 08시,월요일,광주광역시 남구 진월동,중상사고,0,1,0,0,차대사람 - 횡단중,보행자보호의무위반,건조,맑음,교차로 - 교차로횡단보도내,승용,남,60세,상해없음,보행자,여,76세,중상
2023031300100154,2023년 3월 13일 09시,월요일,광주광역시 서구 쌍촌동,경상사고,0,0,1,0,차대차 - 추돌,안전거리미확보,건조,맑음,단일로 - 기타,화물,남,61세,상해없음,승용,여,35세,경상
2023031300100214,2023년 3월 13일 11시,월요일,광주광역시 광산구 운남동,경상사고,0,0,1,0,차대사람 - 기타,안전운전불이행,건조,맑음,교차로 - 교차로안,승용,남,29세,상해없음,보행자,남,81세,경상
2023031300100240,2023년 3월 13일 12시,월요일,광주광역시 북구 중흥동,경상사고,0,0,1,0,차대사람 - 보도통행중,기타,건조,맑음,기타 - 기타,이륜,남,31세,상해없음,보행자,남,35세,경상
2023031300100315,2023년 3월 13일 14시,월요일,광주광역시 남구 진월동,경상사고,0,0,5,0,차대차 - 측면충돌,불법유턴,건조,맑음,단일로 - 기타,화물,남,49세,상해없음,승용,여,57세,경상
2023031300100316,2023년 3월 13일 14시,월요일,광주광역시 광산구 하남동,경상사고,0,0,1,0,차대차 - 측면충돌,신호위반,건조,맑음,교차로 - 교차로안,승용,여,67세,경상,승용,남,30세,상해없음
2023031300100356,2023년 3월 13일 15시,월요일,광주광역시 서구 금호동,경상사고,0,0,6,0,차대차 - 추돌,안전거리미확보,건조,맑음,단일로 - 기타,승용,여,28세,경상,승용,남,29세,경상
2023031300100357,2023년 3월 13일 15시,월요일,광주광역시 서구 쌍촌동,경상사고,0,0,1,0,차대차 - 측면충돌,중앙선침범,건조,맑음,교차로 - 교차로부근,화물,남,30세,상해없음,승용,남,52세,경상
2023031300100358,2023년 3월 13일 15시,월요일,광주광역시 북구 중흥동,경상사고,0,0,2,0,차대차 - 측면충돌,안전운전불이행,건조,맑음,교차로 - 교차로안,승용,남,47세,기타불명,승용,남,36세,경상
2023031300100359,2023년 3월 13일 15시,월요일,광주광역시 북구 우산동,중상사고,0,1,0,0,차대사람 - 기타,안전운전불이행,건조,맑음,교차로 - 교차로부근,승합,남,64세,상해없음,보행자,남,77세,중상
2023031300100400,2023년 3월 13일 16시,월요일,광주광역시 서구 쌍촌동,경상사고,0,0,1,0,차대차 - 측면충돌,안전운전불이행,건조,맑음,단일로 - 기타,화물,남,57세,상해없음,승용,여,41세,경상
2023031300100435,2023년 3월 13일 17시,월요일,광주광역시 동구 학동,경상사고,0,0,1,0,차대사람 - 기타,안전운전불이행,건조,맑음,교차로 - 교차로안,승용,남,23세,상해없음,보행자,남,61세,경상
2023031300100436,2023년 3월 13일 17시,월요일,광주광역시 서구 치평동,경상사고,0,0,1,0,차량단독 - 기타,안전운전불이행,건조,맑음,단일로 - 기타,승합,남,48세,상해없음,,,,
2023031300100437,2023년 3월 13일 17시,월요일,광주광역시 광산구 송정동,경상사고,0,0,2,0,차대차 - 측면충돌,신호위반,건조,맑음,교차로 - 교차로안,승용,남,60세,경상,승용,남,59세,경상
2023031300100468,2023년 3월 13일 18시,월요일,광주광역시 남구 임암동,경상사고,0,0,2,0,차대차 - 측면충돌,안전운전불이행,건조,기타,교차로 - 교차로부근,승용,남,63세,상해없음,승용,여,36세,경상
2023031300100573,2023년 3월 13일 22시,월요일,광주광역시 서구 치평동,경상사고,0,0,1,0,차대차 - 기타,안전거리미확보,건조,맑음,단일로 - 기타,승용,여,46세,상해없음,승용,남,25세,경상
2023031300100586,2023년 3월 13일 23시,월요일,광주광역시 동구 서석동,경상사고,0,0,1,0,차대차 - 추돌,안전거리미확보,건조,맑음,단일로 - 기타,이륜,기타불명,미분류,기타불명,승용,남,66세,상해없음
2023031400100014,2023년 3월 14일 01시,화요일,광주광역시 서구 유촌동,경상사고,0,0,1,0,차대차 - 기타,안전운전불이행,건조,맑음,교차로 - 교차로안,화물,남,31세,상해없음,승합,남,68세,경상
2023031400100015,2023년 3월 14일 01시,화요일,광주광역시 남구 주월동,경상사고,0,0,1,0,차대차 - 측면충돌,신호위반,건조,맑음,교차로 - 교차로안,승용,여,25세,상해없음,이륜,남,17세,경상
2023031400100016,2023년 3월 14일 01시,화요일,광주광역시 광산구 쌍암동,경상사고,0,0,1,0,차대차 - 추돌,안전운전불이행,건조,맑음,교차로 - 교차로부근,승용,남,26세,상해없음,승용,남,45세,경상
2023031400100030,2023년 3월 14일 04시,화요일,광주광역시 북구 용두동,부상신고사고,0,0,0,1,차대사람 - 횡단중,안전운전불이행,건조,맑음,단일로 - 기타,기타불명,기타불명,미분류,기타불명,보행자,여,52세,부상신고
2023031400100038,2023년 3월 14일 05시,화요일,광주광역시 광산구 수완동,경상사고,0,0,1,0,차대차 - 추돌,안전운전불이행,건조,맑음,단일로 - 기타,승용,남,32세,상해없음,승용,남,57세,경상
2023031400100078,2023년 3월 14일 07시,화요일,광주광역시 광산구 월계동,경상사고,0,0,1,1,차대차 - 기타,안전거리미확보,건조,맑음,기타 - 기타,화물,여,69세,상해없음,승용,여,34세,경상
2023031400100079,2023년 3월 14일 07시,화요일,광주광역시 광산구 도천동,경상사고,0,0,1,0,차대차 - 측면충돌,신호위반,건조,맑음,교차로 - 교차로안,승용,남,23세,상해없음,승용,남,54세,경상
2023031400100141,2023년 3월 14일 09시,화요일,광주광역시 서구 농성동,경상사고,0,0,1,0,차대차 - 측면충돌,안전운전불이행,건조,맑음,단일로 - 기타,승용,남,70세,상해없음,승용,남,47세,경상
2023031400100142,2023년 3월 14일 09시,화요일,광주광역시 북구 신안동,경상사고,0,0,1,0,차대사람 - 횡단중,보행자보호의무위반,건조,맑음,기타 - 기타,승용,여,35세,상해없음,보행자,남,45세,경상
2023031400100174,2023년 3월 14일 10시,화요일,광주광역시 서구 쌍촌동,경상사고,0,0,2,0,차대차 - 기타,안전운전불이행,건조,맑음,교차로 - 교차로안,승용,여,55세,상해없음,승용,여,44세,경상
2023031400100232,2023년 3월 14일 12시,화요일,광주광역시 남구 행암동,경상사고,0,0,1,0,차대차 - 측면충돌,안전운전불이행,건조,맑음,단일로 - 기타,승용,여,61세,상해없음,승용,남,32세,경상
2023031400100339,2023년 3월 14일 15시,화요일,광주광역시 동구 소태동,중상사고,0,1,0,0,차대사람 - 횡단중,보행자보호의무위반,건조,맑음,교차로 - 교차로횡단보도내,승용,여,63세,상해없음,보행자,남,66세,중상
2023031400100340,2023년 3월 14일 15시,화요일,광주광역시 서구 치평동,경상사고,0,0,1,0,차대차 - 기타,안전운전불이행,건조,맑음,단일로 - 기타,승용,남,56세,상해없음,승용,남,41세,경상
2023031400100341,2023년 3월 14일 15시,화요일,광주광역시 서구 화정동,경상사고,0,0,1,0,차대사람 - 횡단중,보행자보호의무위반,건조,맑음,교차로 - 교차로횡단보도내,승용,남,63세,상해없음,보행자,여,68세,경상
2023031400100385,2023년 3월 14일 16시,화요일,광주광역시 동구 충장로5가,경상사고,0,0,1,0,차대차 - 측면충돌,안전운전불이행,건조,맑음,단일로 - 기타,승용,여,59세,상해없음,자전거,남,52세,경상
2023031400100386,2023년 3월 14일 16시,화요일,광주광역시 동구 충장로3가,중상사고,0,1,0,0,차대차 - 측면충돌,중앙선침범,건조,맑음,단일로 - 기타,승용,남,57세,상해없음,이륜,남,26세,중상
2023031400100446,2023년 3월 14일 17시,화요일,광주광역시 서구 화정동,경상사고,0,0,2,0,차대차 - 측면충돌,안전운전불이행,건조,맑음,단일로 - 기타,승용,여,56세,상해없음,승용,여,28세,경상
2023031400100447,2023년 3월 14일 17시,화요일,광주광역시 서구 금호동,경상사고,0,0,1,0,차대사람 - 보도통행중,보행자보호의무위반,건조,맑음,교차로 - 교차로횡단보도내,이륜,남,17세,상해없음,보행자,여,14세,경상
2023031400100448,2023년 3월 14일 17시,화요일,광주광역시 남구 백운동,경상사고,0,0,1,0,차대차 - 추돌,안전거리미확보,건조,맑음,교차로 - 교차로부근,승용,여,64세,상해없음,이륜,남,45세,경상
2023031400100449,2023년 3월 14일 17시,화요일,광주광역시 북구 동림동,경상사고,0,0,1,0,차대차 - 기타,안전운전불이행,건조,맑음,교차로 - 교차로부근,화물,남,68세,상해없음,승용,남,42세,경상
2023031400100482,2023년 3월 14일 18시,화요일,광주광역시 서구 서창동,중상사고,0,1,0,0,차대차 - 측면충돌,안전운전불이행,건조,맑음,교차로 - 교차로안,기타불명,기타불명,미분류,기타불명,자전거,여,23세,중상
2023031400100483,2023년 3월 14일 18시,화요일,광주광역시 북구 양산동,경상사고,0,0,1,0,차대사람 - 횡단중,보행자보호의무위반,건조,맑음,교차로 - 교차로횡단보도내,승합,남,45세,상해없음,보행자,여,62세,경상
2023031400100526,2023년 3월 14일 19시,화요일,광주광역시 북구 임동,경상사고,0,0,2,0,차대차 - 측면충돌,신호위반,건조,맑음,교차로 - 교차로안,승용,여,49세,경상,승용,남,29세,경상
2023031500100006,2023년 3월 15일 00시,수요일,광주광역시 서구 쌍촌동,경상사고,0,0,1,0,차대차 - 측면충돌,안전운전불이행,건조,맑음,단일로 - 기타,이륜,남,24세,상해없음,승용,남,55세,경상
2023031500100007,2023년 3월 15일 00시,수요일,광주광역시 북구 중흥동,경상사고,0,0,1,0,차대차 - 기타,안전운전불이행,건조,맑음,교차로 - 교차로안,승용,남,25세,상해없음,승합,남,59세,경상
2023031500100074,2023년 3월 15일 07시,수요일,광주광역시 남구 행암동,부상신고사고,0,0,0,1,차량단독 - 기타,안전운전불이행,건조,기타,기타 - 기타,승합,남,56세,상해없음,,,,
2023031500100075,2023년 3월 15일 07시,수요일,광주광역시 광산구 월전동,경상사고,0,0,2,0,차대차 - 측면충돌,신호위반,건조,맑음,교차로 - 교차로안,승용,남,59세,경상,승용,남,30세,경상
2023031500100112,2023년 3월 15일 08시,수요일,광주광역시 동구 학동,경상사고,0,0,1,0,차대차 - 기타,안전거리미확보,건조,맑음,단일로 - 기타,건설기계,남,64세,상해없음,승용,여,35세,경상
2023031500100113,2023년 3월 15일 08시,수요일,광주광역시 남구 진월동,경상사고,0,0,1,0,차대차 - 측면충돌,안전운전불이행,건조,맑음,교차로 - 교차로부근,승용,여,49세,상해없음,승용,남,61세,경상
2023031500100174,2023년 3월 15일 10시,수요일,광주광역시 서구 치평동,경상사고,0,0,1,0,차대차 - 측면충돌,불법유턴,건조,맑음,교차로 - 교차로횡단보도내,자전거,남,78세,경상,승용,여,32세,상해없음
2023031500100175,2023년 3월 15일 10시,수요일,광주광역시 서구 쌍촌동,경상사고,0,0,1,0,차대차 - 추돌,안전거리미확보,건조,맑음,단일로 - 기타,승용,남,49세,상해없음,승용,남,21세,경상
2023031500100176,2023년 3월 15일 10시,수요일,광주광역시 북구 신용동,경상사고,0,0,1,0,차대차 - 추돌,안전거리미확보,건조,맑음,단일로 - 기타,승용,남,41세,기타불명,이륜,남,29세,경상
2023031500100177,2023년 3월 15일 10시,수요일,광주광역시 광산구 운수동,중상사고,0,1,0,0,차대차 - 측면충돌,안전거리미확보,건조,맑음,단일로 - 기타,특수,남,48세,상해없음,승용,여,56세,중상
2023031500100198,2023년 3월 15일 11시,수요일,광주광역시 광산구 장덕동,경상사고,0,0,1,0,차대차 - 기타,안전운전불이행,건조,맑음,교차로 - 교차로부근,승용,남,42세,상해없음,이륜,남,27세,경상
2023031500100225,2023년 3월 15일 12시,수요일,광주광역시 북구 오룡동,경상사고,0,0,1,0,차대차 - 기타,교차로운행방법위반,건조,맑음,교차로 - 교차로안,승용,여,54세,상해없음,이륜,남,36세,경상
2023031500100226,2023년 3월 15일 12시,수요일,광주광역시 광산구 송정동,경상사고,0,0,2,0,차대차 - 측면충돌,직진우회전진행방해,건조,맑음,교차로 - 교차로안,승용,여,27세,상해없음,승용,남,23세,경상
2023031500100277,2023년 3월 15일 14시,수요일,광주광역시 북구 삼각동,부상신고사고,0,0,0,1,차대사람 - 기타,안전운전불이행,건조,맑음,단일로 - 기타,자전거,기타불명,미분류,기타불명,보행자,남,21세,부상신고
2023031500100305,2023년 3월 15일 15시,수요일,광주광역시 남구 진월동,경상사고,0,0,1,0,차대차 - 측면충돌,안전운전불이행,건조,맑음,단일로 - 기타,승용,남,22세,상해없음,승용,여,39세,경상
2023031500100306,2023년 3월 15일 15시,수요일,광주광역시 광산구 송정동,경상사고,0,0,2,0,차대차 - 측면충돌,안전운전불이행,건조,맑음,단일로 - 기타,승용,여,64세,상해없음,승용,남,42세,경상
2023031500100416,2023년 3월 15일 18시,수요일,광주광역시 동구 지산동,경상사고,0,0,1,0,차대차 - 측면충돌,안전거리미확보,건조,맑음,단일로 - 기타,승용,여,33세,상해없음,승용,남,49세,경상
2023031500100417,2023년 3월 15일 18시,수요일,광주광역시 서구 금호동,경상사고,0,0,4,0,차대차 - 기타,안전운전불이행,건조,맑음,단일로 - 기타,승용,여,36세,상해없음,승용,여,37세,경상
2023031500100418,2023년 3월 15일 18시,수요일,광주광역시 북구 임동,경상사고,0,0,1,0,차대차 - 기타,안전거리미확보,건조,맑음,단일로 - 기타,승용,여,63세,기타불명,승용,남,37세,경상
2023031500100452,2023년 3월 15일 19시,수요일,광주광역시 서구 쌍촌동,경상사고,0,0,1,0,차대차 - 추돌,안전운전불이행,건조,맑음,단일로 - 기타,승용,남,40세,상해없음,승용,남,57세,경상
2023031500100528,2023년 3월 15일 22시,수요일,광주광역시 북구 매곡동,중상사고,0,1,1,0,차대차 - 추돌,안전운전불이행,건조,맑음,단일로 - 기타,승용,남,37세,상해없음,승용,여,43세,경상
2023031600100140,2023년 3월 16일 09시,목요일,광주광역시 북구 오치동,경상사고,0,0,4,0,차대차 - 측면충돌,안전거리미확보,건조,맑음,단일로 - 기타,화물,남,58세,상해없음,승용,남,34세,경상
2023031600100164,2023년 3월 16일 10시,목요일,광주광역시 북구 중흥동,경상사고,0,0,1,0,차대사람 - 보도통행중,신호위반,건조,맑음,교차로 - 교차로횡단보도내,화물,남,46세,상해없음,보행자,여,22세,경상
2023031600100187,2023년 3월 16일 11시,목요일,광주광역시 북구 우산동,경상사고,0,0,1,0,차대차 - 측면충돌,안전거리미확보,건조,맑음,단일로 - 기타,승용,여,62세,상해없음,승합,남,52세,경상
2023031600100242,2023년 3월 16일 13시,목요일,광주광역시 서구 내방동,경상사고,0,0,1,0,차대차 - 측면충돌,안전운전불이행,건조,맑음,단일로 - 기타,승용,여,60세,상해없음,승용,남,57세,경상
2023031600100270,2023년 3월 16일 14시,목요일,광주광역시 북구 연제동,경상사고,0,0,1,0,차대차 - 기타,안전거리미확보,건조,맑음,교차로 - 교차로부근,승용,여,65세,상해없음,승용,여,60세,경상
2023031600100299,2023년 3월 16일 15시,목요일,광주광역시 서구 양동,경상사고,0,0,3,0,차대차 - 측면충돌,신호위반,건조,맑음,교차로 - 교차로안,승용,남,69세,상해없음,승용,남,23세,경상
2023031600100334,2023년 3월 16일 16시,목요일,광주광역시 서구 농성동,경상사고,0,0,1,0,차대차 - 측면충돌,신호위반,건조,맑음,교차로 - 교차로안,승용,남,82세,상해없음,이륜,남,63세,경상
2023031600100335,2023년 3월 16일 16시,목요일,광주광역시 남구 임암동,경상사고,0,0,1,0,차대차 - 측면충돌,신호위반,건조,맑음,교차로 - 교차로안,이륜,남,19세,상해없음,승용,남,27세,경상
2023031600100370,2023년 3월 16일 17시,목요일,광주광역시 광산구 우산동,경상사고,0,0,3,0,차대차 - 측면충돌,교차로운행방법위반,건조,맑음,교차로 - 교차로안,승용,남,51세,상해없음,승용,남,21세,경상
2023031600100399,2023년 3월 16일 18시,목요일,광주광역시 북구 운암동,중상사고,0,1,0,2,차대차 - 측면충돌,안전운전불이행,건조,맑음,단일로 - 기타,이륜,남,28세,중상,승용,여,39세,부상신고
2023031600100438,2023년 3월 16일 19시,목요일,광주광역시 광산구 흑석동,중상사고,0,1,0,0,차대차 - 측면충돌,중앙선침범,건조,맑음,교차로 - 교차로부근,승용,여,20세,상해없음,이륜,남,26세,중상
2023031600100479,2023년 3월 16일 21시,목요일,광주광역시 서구 치평동,경상사고,0,0,2,0,차대차 - 기타,안전운전불이행,건조,맑음,단일로 - 기타,승용,남,48세,상해없음,화물,여,61세,경상
2023031600100480,2023년 3월 16일 21시,목요일,광주광역시 서구 화정동,경상사고,0,0,1,0,차대차 - 측면충돌,안전운전불이행,건조,맑음,기타 - 기타,승합,남,73세,상해없음,승용,여,28세,경상
2023031600100481,2023년 3월 16일 21시,목요일,광주광역시 광산구 산정동,경상사고,0,0,1,0,차대사람 - 기타,안전운전불이행,건조,맑음,단일로 - 기타,승용,남,48세,상해없음,보행자,남,58세,경상
2023031600100500,2023년 3월 16일 22시,목요일,광주광역시 서구 치평동,경상사고,0,0,1,0,차대차 - 기타,안전운전불이행,건조,맑음,단일로 - 기타,승용,남,62세,상해없음,승용,남,42세,경상
2023031600100501,2023년 3월 16일 22시,목요일,광주광역시 광산구 신창동,중상사고,0,1,0,0,차대차 - 기타,안전운전불이행,건조,맑음,교차로 - 교차로부근,승용,남,51세,상해없음,이륜,남,44세,중상
2023031600100517,2023년 3월 16일 23시,목요일,광주광역시 광산구 선암동,경상사고,0,0,2,0,차대차 - 측면충돌,교차로운행방법위반,건조,맑음,교차로 - 교차로안,승용,남,54세,경상,승용,남,58세,경상
2023031600100518,2023년 3월 16일 23시,목요일,광주광역시 광산구 우산동,경상사고,0,0,1,0,차대차 - 기타,안전운전불이행,건조,맑음,기타 - 기타,승용,남,56세,기타불명,승용,남,35세,경상
2023031700100042,2023년 3월 17일 05시,금요일,광주광역시 광산구 월곡동,경상사고,0,0,1,0,차대차 - 기타,안전거리미확보,건조,맑음,교차로 - 교차로부근,승용,남,66세,상해없음,화물,남,46세,경상
2023031700100050,2023년 3월 17일 06시,금요일,광주광역시 북구 동림동,중상사고,0,1,0,0,차대사람 - 길가장자리구역통행중,안전운전불이행,건조,맑음,단일로 - 기타,승용,남,26세,상해없음,보행자,여,66세,중상
2023031700100051,2023년 3월 17일 06시,금요일,광주광역시 광산구 운수동,경상사고,0,0,1,0,차대차 - 측면충돌,신호위반,건조,맑음,교차로 - 교차로부근,건설기계,남,61세,기타불명,승용,여,23세,경상
2023031700100070,2023년 3월 17일 07시,금요일,광주광역시 서구 쌍촌동,경상사고,0,0,2,0,차대차 - 기타,안전거리미확보,건조,맑음,단일로 - 기타,승용,남,77세,경상,승용,남,64세,경상
2023031700100071,2023년 3월 17일 07시,금요일,광주광역시 서구 마륵동,경상사고,0,0,1,0,차대차 - 기타,안전운전불이행,건조,맑음,단일로 - 기타,승용,남,66세,상해없음,승용,남,35세,경상
2023031700100138,2023년 3월 17일 09시,금요일,광주광역시 남구 양림동,경상사고,0,0,1,0,차대차 - 측면충돌,기타,건조,맑음,단일로 - 기타,승용,남,69세,상해없음,자전거,여,54세,경상
2023031700100139,2023년 3월 17일 09시,금요일,광주광역시 북구 동림동,경상사고,0,0,1,0,차대차 - 측면충돌,안전운전불이행,건조,맑음,단일로 - 기타,승용,남,31세,상해없음,화물,남,27세,경상
2023031700100140,2023년 3월 17일 09시,금요일,광주광역시 광산구 우산동,경상사고,0,0,2,0,차대차 - 측면충돌,안전거리미확보,건조,맑음,교차로 - 교차로부근,승용,남,69세,상해없음,승용,여,37세,경상
2023031700100168,2023년 3월 17일 10시,금요일,광주광역시 동구 서석동,경상사고,0,0,1,0,차대차 - 기타,안전거리미확보,건조,맑음,교차로 - 교차로안,이륜,남,46세,경상,승용,남,84세,상해없음
2023031700100226,2023년 3월 17일 12시,금요일,광주광역시 남구 백운동,부상신고사고,0,0,0,1,차대차 - 측면충돌,안전거리미확보,건조,맑음,기타 - 기타,화물,남,74세,상해없음,승용,남,57세,부상신고
2023031700100227,2023년 3월 17일 12시,금요일,광주광역시 광산구 신가동,경상사고,0,0,1,0,차대차 - 기타,안전운전불이행,건조,맑음,교차로 - 교차로부근,승용,여,44세,상해없음,승용,여,55세,경상
2023031700100255,2023년 3월 17일 13시,금요일,광주광역시 북구 우산동,경상사고,0,0,1,0,차대차 - 측면충돌,안전운전불이행,건조,맑음,교차로 - 교차로부근,승용,여,65세,상해없음,이륜,남,44세,경상
2023031700100256,2023년 3월 17일 13시,금요일,광주광역시 북구 우산동,경상사고,0,0,1,0,차대사람 - 횡단중,안전운전불이행,건조,맑음,단일로 - 기타,승용,여,56세,상해없음,보행자,남,84세,경상
2023031700100257,2023년 3월 17일 13시,금요일,광주광역시 광산구 옥동,중상사고,0,1,0,0,차대차 - 측면충돌,안전운전불이행,건조,맑음,교차로 - 교차로부근,원동기,여,23세,중상,승용,남,51세,상해없음
2023031700100320,2023년 3월 17일 15시,금요일,광주광역시 북구 유동,경상사고,0,0,1,0,차대사람 - 횡단중,안전운전불이행,건조,맑음,단일로 - 기타,기타불명,기타불명,미분류,기타불명,보행자,남,36세,경상
2023031700100321,2023년 3월 17일 15시,금요일,광주광역시 광산구 운수동,부상신고사고,0,0,0,1,차대차 - 측면충돌,차로위반,건조,맑음,단일로 - 기타,화물,남,64세,상해없음,승용,여,38세,부상신고
2023031700100348,2023년 3월 17일 16시,금요일,광주광역시 동구 금남로5가,경상사고,0,0,4,0,차대차 - 기타,안전거리미확보,건조,맑음,기타 - 기타,승용,남,78세,상해없음,승용,여,22세,경상
2023031700100349,2023년 3월 17일 16시,금요일,광주광역시 광산구 월전동,중상사고,0,1,0,0,차대차 - 측면충돌,신호위반,건조,맑음,교차로 - 교차로안,화물,남,44세,기타불명,승용,남,63세,중상
2023031700100392,2023년 3월 17일 17시,금요일,광주광역시 서구 치평동,경상사고,0,0,1,0,차대사람 - 횡단중,안전운전불이행,건조,맑음,교차로 - 교차로횡단보도내,승용,남,56세,상해없음,보행자,여,11세,경상
2023031700100393,2023년 3월 17일 17시,금요일,광주광역시 서구 치평동,경상사고,0,0,1,0,차대차 - 측면충돌,안전운전불이행,건조,맑음,교차로 - 교차로안,승용,여,60세,상해없음,승용,남,34세,경상
2023031700100394,2023년 3월 17일 17시,금요일,광주광역시 광산구 운남동,경상사고,0,0,2,0,차대차 - 기타,안전거리미확보,건조,흐림,단일로 - 기타,승합,남,57세,기타불명,승용,남,59세,경상
2023031700100444,2023년 3월 17일 18시,금요일,광주광역시 북구 용두동,경상사고,0,0,1,0,차대차 - 추돌,안전거리미확보,건조,흐림,단일로 - 기타,화물,남,43세,상해없음,이륜,남,27세,경상
2023031700100482,2023년 3월 17일 19시,금요일,광주광역시 광산구 쌍암동,경상사고,0,0,3,0,차대차 - 측면충돌,교차로운행방법위반,건조,맑음,교차로 - 교차로안,승용,남,56세,상해없음,승용,남,67세,경상
2023031700100568,2023년 3월 17일 22시,금요일,광주광역시 서구 쌍촌동,경상사고,0,0,1,0,차대차 - 측면충돌,안전운전불이행,건조,맑음,단일로 - 기타,승용,남,24세,기타불명,승용,남,24세,경상
2023031700100569,2023년 3월 17일 22시,금요일,광주광역시 북구 양산동,경상사고,0,0,2,0,차대차 - 후진중충돌,안전운전불이행,건조,맑음,단일로 - 기타,승합,여,41세,상해없음,승용,남,34세,경상
2023031700100586,2023년 3월 17일 23시,금요일,광주광역시 서구 치평동,경상사고,0,0,1,0,차대사람 - 기타,안전운전불이행,건조,맑음,단일로 - 기타,승용,남,20세,상해없음,보행자,남,31세,경상
2023031800100073,2023년 3월 18일 09시,토요일,광주광역시 광산구 월전동,경상사고,0,0,1,0,차대차 - 측면충돌,신호위반,건조,맑음,교차로 - 교차로안,화물,남,41세,상해없음,화물,남,75세,경상
2023031800100074,2023년 3월 18일 09시,토요일,광주광역시 광산구 소촌동,경상사고,0,0,1,0,차대차 - 기타,안전운전불이행,건조,맑음,단일로 - 기타,승용,남,75세,상해없음,승용,남,76세,경상
2023031800100148,2023년 3월 18일 11시,토요일,광주광역시 남구 행암동,경상사고,0,0,3,0,차대차 - 후진중충돌,안전운전불이행,건조,맑음,기타 - 기타,승용,남,66세,상해없음,승용,남,40세,경상
2023031800100149,2023년 3월 18일 11시,토요일,광주광역시 북구 오치동,경상사고,0,0,1,0,차대차 - 측면충돌,안전운전불이행,건조,맑음,교차로 - 교차로안,승용,남,32세,상해없음,승용,여,26세,경상