사고번호,사고일시,요일,시군구,사고내용,사망자수,중상자수,경상자수,부상신고자수,사고유형,법규위반,노면상태,기상상태,도로형태,가해운전자 차종,가해운전자 성별,가해운전자 연령,가해운전자 상해정도,피해운전자 차종,피해운전자 성별,피해운전자 연령,피해운전자 상해정도
2023033000100161,2023년 3월 30일 09시,목요일,광주광역시 광산구 송정동,경상사고,0,0,1,0,차대사람 - 보도통행중,기타,건조,맑음,기타 - 기타,승용,남,38세,상해없음,보행자,여,57세,경상
2023033000100187,2023년 3월 30일 10시,목요일,광주광역시 광산구 운남동,중상사고,0,1,0,0,차대차 - 추돌,안전운전불이행,건조,맑음,단일로 - 기타,승용,여,30세,상해없음,승용,남,36세,중상
2023033000100219,2023년 3월 30일 11시,목요일,광주광역시 서구 동천동,중상사고,0,1,0,0,차대차 - 기타,안전운전불이행,건조,맑음,단일로 - 기타,화물,남,64세,상해없음,이륜,남,17세,중상
2023033000100248,2023년 3월 30일 12시,목요일,광주광역시 동구 서석동,경상사고,0,0,1,0,차대차 - 기타,안전운전불이행,건조,맑음,단일로 - 기타,승용,남,25세,상해없음,이륜,남,25세,경상
2023033000100368,2023년 3월 30일 16시,목요일,광주광역시 북구 중흥동,경상사고,0,0,1,0,차대차 - 추돌,안전운전불이행,건조,맑음,기타 - 기타,승용,기타불명,미분류,기타불명,승용,남,63세,상해없음
2023033000100407,2023년 3월 30일 17시,목요일,광주광역시 서구 쌍촌동,경상사고,0,0,1,0,차대차 - 기타,안전운전불이행,건조,맑음,교차로 - 교차로안,화물,남,57세,상해없음,승용,남,27세,경상
2023033000100457,2023년 3월 30일 18시,목요일,광주광역시 서구 치평동,경상사고,0,0,1,0,차대차 - 기타,중앙선침범,건조,맑음,단일로 - 기타,승용,남,58세,상해없음,승용,남,28세,경상
2023033000100501,2023년 3월 30일 19시,목요일,광주광역시 광산구 월계동,경상사고,0,0,1,0,차대차 - 기타,신호위반,건조,맑음,교차로 - 교차로횡단보도내,승용,여,33세,상해없음,자전거,남,27세,경상
2023033000100502,2023년 3월 30일 19시,목요일,광주광역시 광산구 도천동,경상사고,0,0,1,0,차대차 - 추돌,안전거리미확보,건조,맑음,단일로 - 기타,원동기,남,26세,상해없음,원동기,남,59세,경상
2023033000100526,2023년 3월 30일 20시,목요일,광주광역시 남구 진월동,경상사고,0,0,1,0,차대사람 - 횡단중,기타,건조,맑음,교차로 - 교차로부근,기타불명,기타불명,미분류,기타불명,보행자,여,18세,경상
2023033000100553,2023년 3월 30일 21시,목요일,광주광역시 서구 쌍촌동,중상사고,0,1,0,0,차대차 - 기타,안전운전불이행,건조,맑음,교차로 - 교차로안,승용,남,63세,상해없음,이륜,남,39세,중상
2023033000100554,2023년 3월 30일 21시,목요일,광주광역시 북구 오치동,경상사고,0,0,4,0,차대차 - 측면충돌,직진우회전진행방해,건조,맑음,교차로 - 교차로안,승용,남,67세,경상,승용,여,25세,경상
2023033000100555,2023년 3월 30일 21시,목요일,광주광역시 광산구 송정동,경상사고,0,0,1,0,차대차 - 기타,안전운전불이행,건조,맑음,교차로 - 교차로안,승용,남,71세,상해없음,승용,남,26세,경상
2023033100100048,2023년 3월 31일 06시,금요일,광주광역시 북구 양산동,경상사고,0,0,2,0,차대차 - 기타,교차로운행방법위반,건조,맑음,단일로 - 기타,승용,남,73세,경상,승용,남,63세,경상
2023033100100095,2023년 3월 31일 08시,금요일,광주광역시 서구 유촌동,경상사고,0,0,10,3,차대차 - 측면충돌,안전운전불이행,건조,맑음,교차로 - 교차로부근,화물,남,50세,상해없음,승용,여,45세,상해없음
2023033100100142,2023년 3월 31일 09시,금요일,광주광역시 서구 쌍촌동,경상사고,0,0,3,0,차대차 - 측면충돌,안전거리미확보,건조,맑음,단일로 - 기타,승용,여,62세,상해없음,승용,여,37세,경상
2023033100100143,2023년 3월 31일 09시,금요일,광주광역시 북구 중흥동,경상사고,0,0,1,0,차대차 - 측면충돌,기타,건조,맑음,교차로 - 교차로안,승용,여,76세,상해없음,화물,남,65세,경상
2023033100100188,2023년 3월 31일 10시,금요일,광주광역시 동구 지산동,경상사고,0,0,1,0,차대사람 - 기타,안전운전불이행,건조,맑음,단일로 - 기타,승용,남,51세,상해없음,보행자,여,44세,경상
2023033100100225,2023년 3월 31일 11시,금요일,광주광역시 광산구 안청동,사망사고,1,0,1,0,차대차 - 측면충돌,교차로운행방법위반,건조,맑음,단일로 - 기타,화물,남,84세,사망,화물,남,47세,경상
2023033100100226,2023년 3월 31일 11시,금요일,광주광역시 광산구 삼거동,경상사고,0,0,3,0,차대차 - 측면충돌,신호위반,건조,맑음,교차로 - 교차로안,승용,남,46세,경상,승용,남,29세,경상
2023033100100252,2023년 3월 31일 12시,금요일,광주광역시 서구 금호동,경상사고,0,0,1,0,차대차 - 측면충돌,교차로운행방법위반,건조,맑음,교차로 - 교차로안,승합,남,69세,상해없음,승용,여,60세,경상
2023033100100253,2023년 3월 31일 12시,금요일,광주광역시 북구 중흥동,경상사고,0,0,1,0,차대차 - 추돌,안전거리미확보,건조,맑음,단일로 - 기타,승용,여,69세,상해없음,승용,여,42세,경상
2023033100100254,2023년 3월 31일 12시,금요일,광주광역시 광산구 송정동,경상사고,0,0,1,0,차대차 - 기타,중앙선침범,건조,맑음,단일로 - 기타,승용,남,66세,기타불명,화물,남,33세,경상
2023033100100255,2023년 3월 31일 12시,금요일,광주광역시 광산구 신창동,경상사고,0,0,1,0,차대차 - 측면충돌,안전운전불이행,건조,맑음,단일로 - 기타,승용,남,48세,상해없음,승용,남,31세,경상
2023033100100287,2023년 3월 31일 13시,금요일,광주광역시 북구 운암동,경상사고,0,0,1,0,차대차 - 측면충돌,불법유턴,건조,맑음,단일로 - 기타,자전거,여,66세,경상,승용,여,61세,상해없음
2023033100100317,2023년 3월 31일 14시,금요일,광주광역시 서구 농성동,경상사고,0,0,2,0,차대차 - 측면충돌,안전운전불이행,건조,맑음,단일로 - 기타,승용,여,29세,경상,승용,남,29세,경상
2023033100100318,2023년 3월 31일 14시,금요일,광주광역시 광산구 수완동,경상사고,0,0,1,0,차대차 - 추돌,안전운전불이행,건조,맑음,단일로 - 교량,건설기계,남,63세,상해없음,승용,여,40세,경상
2023033100100360,2023년 3월 31일 15시,금요일,광주광역시 서구 풍암동,경상사고,0,0,1,0,차대차 - 추돌,안전운전불이행,건조,맑음,교차로 - 교차로안,승용,여,39세,상해없음,승용,여,41세,경상
2023033100100361,2023년 3월 31일 15시,금요일,광주광역시 북구 용봉동,경상사고,0,0,4,0,차대차 - 기타,안전운전불이행,건조,맑음,교차로 - 교차로부근,화물,남,72세,상해없음,승용,남,28세,경상
2023033100100402,2023년 3월 31일 16시,금요일,광주광역시 북구 동림동,경상사고,0,0,1,0,차대차 - 기타,중앙선침범,건조,맑음,교차로 - 교차로부근,승용,여,55세,상해없음,자전거,여,80세,경상
2023033100100450,2023년 3월 31일 17시,금요일,광주광역시 서구 유촌동,경상사고,0,0,2,0,차대차 - 측면충돌,교차로운행방법위반,건조,맑음,교차로 - 교차로안,승용,여,37세,경상,승용,여,57세,경상
2023033100100451,2023년 3월 31일 17시,금요일,광주광역시 북구 용봉동,경상사고,0,0,1,0,차대차 - 기타,신호위반,건조,맑음,교차로 - 교차로안,화물,남,55세,상해없음,화물,남,45세,경상
2023033100100452,2023년 3월 31일 17시,금요일,광주광역시 광산구 신가동,사망사고,1,0,0,0,차대차 - 기타,안전운전불이행,건조,맑음,교차로 - 교차로안,이륜,남,45세,사망,승용,여,26세,상해없음
2023033100100503,2023년 3월 31일 18시,금요일,광주광역시 서구 양동,중상사고,0,1,0,0,차대차 - 기타,중앙선침범,건조,맑음,교차로 - 교차로부근,승용,여,36세,상해없음,자전거,남,61세,중상
2023033100100504,2023년 3월 31일 18시,금요일,광주광역시 서구 유촌동,중상사고,0,1,0,0,차대사람 - 차도통행중,안전운전불이행,건조,맑음,단일로 - 기타,승용,여,36세,상해없음,보행자,남,9세,중상
2023033100100547,2023년 3월 31일 19시,금요일,광주광역시 북구 두암동,경상사고,0,0,4,0,차대차 - 추돌,안전거리미확보,건조,맑음,단일로 - 기타,승용,남,49세,기타불명,승용,남,53세,경상
2023033100100596,2023년 3월 31일 21시,금요일,광주광역시 서구 쌍촌동,경상사고,0,0,1,2,차대차 - 측면충돌,안전운전불이행,건조,맑음,단일로 - 기타,승용,남,59세,상해없음,승용,남,52세,경상
2023040100100030,2023년 4월 1일 01시,토요일,광주광역시 서구 쌍촌동,경상사고,0,0,1,0,차대차 - 기타,중앙선침범,건조,맑음,교차로 - 교차로부근,승용,남,23세,상해없음,이륜,남,27세,경상
2023040100100037,2023년 4월 1일 02시,토요일,광주광역시 서구 광천동,중상사고,0,1,0,0,차대차 - 기타,안전운전불이행,건조,맑음,단일로 - 기타,승용,남,22세,상해없음,이륜,남,31세,중상
2023040100100051,2023년 4월 1일 04시,토요일,광주광역시 서구 치평동,경상사고,0,0,1,0,차대사람 - 기타,안전운전불이행,건조,맑음,교차로 - 교차로부근,승용,남,23세,상해없음,보행자,남,27세,경상
2023040100100150,2023년 4월 1일 10시,토요일,광주광역시 남구 주월동,경상사고,0,0,1,0,차대사람 - 횡단중,신호위반,건조,맑음,교차로 - 교차로안,승용,여,44세,기타불명,보행자,남,9세,경상
2023040100100151,2023년 4월 1일 10시,토요일,광주광역시 광산구 우산동,경상사고,0,0,1,0,차대차 - 기타,안전운전불이행,건조,맑음,단일로 - 기타,승용,여,49세,상해없음,승용,남,36세,경상
2023040100100184,2023년 4월 1일 11시,토요일,광주광역시 서구 쌍촌동,경상사고,0,0,1,0,차대차 - 기타,중앙선침범,건조,맑음,단일로 - 기타,승용,여,54세,상해없음,승용,남,31세,경상
2023040100100185,2023년 4월 1일 11시,토요일,광주광역시 광산구 운남동,경상사고,0,0,2,0,차대차 - 기타,안전운전불이행,건조,맑음,단일로 - 기타,승용,남,57세,기타불명,승용,여,41세,경상
2023040100100186,2023년 4월 1일 11시,토요일,광주광역시 광산구 수완동,경상사고,0,0,1,0,차대차 - 추돌,불법유턴,건조,맑음,교차로 - 교차로횡단보도내,승용,여,30세,상해없음,승용,여,62세,경상
2023040100100187,2023년 4월 1일 11시,토요일,광주광역시 광산구 운남동,경상사고,0,0,1,0,차대차 - 측면충돌,안전운전불이행,건조,맑음,단일로 - 기타,이륜,남,31세,경상,승용,여,46세,상해없음
2023040100100281,2023년 4월 1일 13시,토요일,광주광역시 북구 문흥동,경상사고,0,0,1,0,차대차 - 후진중충돌,안전운전불이행,건조,맑음,기타 - 기타,승합,남,73세,상해없음,이륜,남,28세,경상
2023040100100324,2023년 4월 1일 14시,토요일,광주광역시 북구 삼각동,중상사고,0,1,2,0,차대차 - 측면충돌,안전운전불이행,건조,맑음,교차로 - 교차로안,승용,남,27세,경상,승용,남,83세,경상
2023040100100325,2023년 4월 1일 14시,토요일,광주광역시 북구 각화동,경상사고,0,0,3,0,차대차 - 측면충돌,신호위반,건조,맑음,교차로 - 교차로부근,화물,남,59세,상해없음,승용,남,45세,경상
2023040100100364,2023년 4월 1일 15시,토요일,광주광역시 동구 동명동,경상사고,0,0,1,0,차대사람 - 횡단중,보행자보호의무위반,건조,맑음,교차로 - 교차로부근,승용,여,23세,상해없음,보행자,여,69세,경상
2023040100100435,2023년 4월 1일 17시,토요일,광주광역시 동구 남동,경상사고,0,0,1,0,차대차 - 기타,안전운전불이행,건조,맑음,교차로 - 교차로안,승용,여,50세,상해없음,자전거,남,14세,경상
2023040100100465,2023년 4월 1일 18시,토요일,광주광역시 남구 주월동,경상사고,0,0,2,0,차대차 - 측면충돌,교차로운행방법위반,건조,맑음,교차로 - 교차로부근,이륜,남,56세,상해없음,승용,남,79세,경상
2023040100100526,2023년 4월 1일 20시,토요일,광주광역시 서구 쌍촌동,경상사고,0,0,3,0,차대차 - 측면충돌,안전거리미확보,건조,맑음,교차로 - 교차로안,승용,남,65세,상해없음,승용,남,25세,경상
2023040100100527,2023년 4월 1일 20시,토요일,광주광역시 광산구 신가동,경상사고,0,0,1,0,차대차 - 기타,신호위반,건조,맑음,단일로 - 기타,승용,여,44세,상해없음,자전거,여,22세,경상
2023040100100577,2023년 4월 1일 22시,토요일,광주광역시 광산구 우산동,경상사고,0,0,1,0,차대차 - 측면충돌,안전거리미확보,건조,맑음,교차로 - 교차로부근,승용,남,62세,상해없음,승용,남,33세,경상
2023040100100591,2023년 4월 1일 23시,토요일,광주광역시 광산구 수완동,경상사고,0,0,1,0,차대사람 - 기타,안전운전불이행,건조,맑음,기타 - 기타,승용,남,31세,상해없음,보행자,남,20세,경상
2023040100100592,2023년 4월 1일 23시,토요일,광주광역시 광산구 흑석동,경상사고,0,0,1,0,차대차 - 추돌,안전운전불이행,건조,맑음,단일로 - 기타,승용,남,46세,상해없음,승용,남,21세,경상
2023040200100018,2023년 4월 2일 01시,일요일,광주광역시 북구 신안동,경상사고,0,0,2,0,차대차 - 측면충돌,교차로운행방법위반,건조,맑음,교차로 - 교차로안,승용,남,33세,경상,승용,남,73세,경상
2023040200100040,2023년 4월 2일 04시,일요일,광주광역시 남구 백운동,경상사고,0,0,2,0,차대차 - 추돌,안전운전불이행,건조,기타,교차로 - 교차로부근,승용,여,45세,기타불명,승용,남,48세,경상
2023040200100068,2023년 4월 2일 08시,일요일,광주광역시 북구 두암동,경상사고,0,0,1,0,차대차 - 측면충돌,안전거리미확보,건조,맑음,교차로 - 교차로부근,승용,여,70세,상해없음,승용,남,69세,경상
2023040200100110,2023년 4월 2일 10시,일요일,광주광역시 광산구 선암동,경상사고,0,0,5,0,차대차 - 추돌,안전운전불이행,건조,맑음,단일로 - 기타,승용,남,47세,상해없음,화물,남,61세,상해없음
2023040200100137,2023년 4월 2일 11시,일요일,광주광역시 서구 광천동,경상사고,0,0,1,0,차대사람 - 기타,안전운전불이행,건조,맑음,주차장 - 주차장,승용,남,76세,상해없음,보행자,남,51세,경상
2023040200100138,2023년 4월 2일 11시,일요일,광주광역시 북구 오치동,경상사고,0,0,1,0,차대차 - 추돌,안전운전불이행,건조,맑음,교차로 - 교차로안,승용,남,47세,상해없음,승용,여,42세,경상
2023040200100139,2023년 4월 2일 11시,일요일,광주광역시 광산구 신창동,경상사고,0,0,2,0,차대차 - 측면충돌,안전운전불이행,건조,맑음,교차로 - 교차로부근,승용,남,22세,경상,이륜,남,50세,경상
2023040200100168,2023년 4월 2일 12시,일요일,광주광역시 서구 풍암동,경상사고,0,0,1,0,차대차 - 추돌,안전운전불이행,건조,맑음,단일로 - 기타,승용,남,57세,상해없음,승용,남,26세,상해없음
2023040200100282,2023년 4월 2일 15시,일요일,광주광역시 광산구 우산동,경상사고,0,0,2,0,차대차 - 측면충돌,차로위반,건조,맑음,교차로 - 교차로안,승용,남,27세,상해없음,승용,남,57세,경상
2023040200100307,2023년 4월 2일 16시,일요일,광주광역시 북구 양산동,경상사고,0,0,2,0,차대차 - 측면충돌,안전운전불이행,건조,맑음,교차로 - 교차로부근,화물,남,26세,상해없음,승용,남,24세,경상
2023040200100340,2023년 4월 2일 17시,일요일,광주광역시 서구 광천동,경상사고,0,0,2,0,차대차 - 추돌,안전운전불이행,건조,맑음,단일로 - 기타,승용,남,24세,상해없음,승용,남,51세,경상
2023040200100341,2023년 4월 2일 17시,일요일,광주광역시 북구 운암동,중상사고,0,1,0,0,차대차 - 측면충돌,교차로운행방법위반,건조,맑음,교차로 - 교차로안,승용,남,44세,상해없음,자전거,남,75세,중상
2023040200100342,2023년 4월 2일 17시,일요일,광주광역시 북구 운암동,경상사고,0,0,1,0,차대차 - 추돌,안전운전불이행,건조,맑음,단일로 - 기타,승용,남,30세,기타불명,승용,여,73세,경상
2023040200100366,2023년 4월 2일 18시,일요일,광주광역시 동구 계림동,경상사고,0,0,1,0,차대차 - 기타,안전운전불이행,건조,맑음,교차로 - 교차로안,승용,남,29세,상해없음,이륜,남,29세,경상
2023040200100395,2023년 4월 2일 19시,일요일,광주광역시 광산구 월계동,경상사고,0,0,3,0,차대차 - 측면충돌,안전운전불이행,건조,맑음,단일로 - 기타,이륜,남,23세,경상,승용,남,23세,경상
2023040200100442,2023년 4월 2일 21시,일요일,광주광역시 광산구 송정동,경상사고,0,0,1,0,차대차 - 기타,안전운전불이행,건조,맑음,단일로 - 기타,승용,남,49세,상해없음,승용,남,31세,경상
2023040200100475,2023년 4월 2일 23시,일요일,광주광역시 남구 백운동,경상사고,0,0,1,0,차대차 - 측면충돌,안전운전불이행,건조,맑음,단일로 - 기타,승용,남,58세,상해없음,승용,남,32세,경상
2023040300100035,2023년 4월 3일 06시,월요일,광주광역시 북구 풍향동,경상사고,0,0,4,0,차대차 - 측면충돌,신호위반,건조,맑음,교차로 - 교차로안,화물,남,72세,경상,승합,남,35세,경상
2023040300100056,2023년 4월 3일 07시,월요일,광주광역시 광산구 도천동,경상사고,0,0,1,0,차대차 - 측면충돌,교차로운행방법위반,건조,맑음,교차로 - 교차로안,승용,남,59세,상해없음,자전거,남,51세,경상
2023040300100093,2023년 4월 3일 08시,월요일,광주광역시 서구 유촌동,경상사고,0,0,3,0,차대차 - 기타,안전운전불이행,건조,맑음,단일로 - 기타,승용,남,24세,상해없음,승용,여,34세,경상
2023040300100094,2023년 4월 3일 08시,월요일,광주광역시 서구 동천동,경상사고,0,0,1,0,차대차 - 측면충돌,안전운전불이행,기타,맑음,교차로 - 교차로안,승용,남,46세,상해없음,자전거,여,65세,경상
2023040300100095,2023년 4월 3일 08시,월요일,광주광역시 광산구 수완동,경상사고,0,0,1,0,차대차 - 추돌,안전거리미확보,건조,맑음,단일로 - 기타,승용,여,48세,상해없음,승용,남,67세,상해없음
2023040300100264,2023년 4월 3일 13시,월요일,광주광역시 북구 운암동,경상사고,0,0,1,0,차대차 - 측면충돌,교차로운행방법위반,건조,맑음,교차로 - 교차로부근,승용,남,39세,상해없음,승용,남,67세,경상
2023040300100333,2023년 4월 3일 15시,월요일,광주광역시 북구 용봉동,경상사고,0,0,1,0,차대차 - 추돌,교차로운행방법위반,건조,맑음,교차로 - 교차로부근,화물,남,73세,상해없음,승용,남,42세,경상
2023040300100420,2023년 4월 3일 17시,월요일,광주광역시 서구 금호동,경상사고,0,0,1,0,차대차 - 기타,신호위반,건조,맑음,교차로 - 교차로안,자전거,남,14세,경상,승용,남,71세,상해없음
2023040300100421,2023년 4월 3일 17시,월요일,광주광역시 북구 신용동,경상사고,0,0,1,0,차대사람 - 기타,기타,건조,맑음,단일로 - 기타,승용,남,56세,상해없음,보행자,남,18세,경상
2023040300100422,2023년 4월 3일 17시,월요일,광주광역시 북구 동림동,경상사고,0,0,2,0,차대차 - 추돌,안전운전불이행,건조,맑음,교차로 - 교차로부근,승용,남,61세,상해없음,승합,남,44세,경상
2023040300100423,2023년 4월 3일 17시,월요일,광주광역시 광산구 송정동,경상사고,0,0,1,0,차대사람 - 횡단중,신호위반,건조,맑음,교차로 - 교차로횡단보도내,승용,남,34세,상해없음,보행자,여,21세,경상
2023040300100472,2023년 4월 3일 18시,월요일,광주광역시 동구 남동,경상사고,0,0,2,0,차대차 - 추돌,안전운전불이행,건조,맑음,교차로 - 교차로부근,승용,남,51세,기타불명,승용,여,46세,경상
2023040300100473,2023년 4월 3일 18시,월요일,광주광역시 동구 호남동,경상사고,0,0,2,0,차대차 - 기타,신호위반,건조,맑음,교차로 - 교차로안,승용,여,64세,상해없음,승용,남,28세,경상
2023040300100474,2023년 4월 3일 18시,월요일,광주광역시 서구 쌍촌동,경상사고,0,0,1,0,차대차 - 추돌,안전거리미확보,건조,맑음,단일로 - 기타,승용,남,64세,상해없음,승용,여,54세,경상
2023040300100475,2023년 4월 3일 18시,월요일,광주광역시 북구 오치동,경상사고,0,0,1,0,차대차 - 기타,안전운전불이행,건조,맑음,단일로 - 기타,자전거,남,27세,경상,이륜,남,47세,상해없음
2023040300100517,2023년 4월 3일 19시,월요일,광주광역시 광산구 월곡동,부상신고사고,0,0,0,1,차대사람 - 기타,안전운전불이행,건조,맑음,교차로 - 교차로안,이륜,남,43세,부상신고,보행자,여,55세,상해없음
2023040300100518,2023년 4월 3일 19시,월요일,광주광역시 광산구 쌍암동,경상사고,0,0,1,0,차대차 - 기타,안전운전불이행,건조,맑음,교차로 - 교차로안,승용,여,45세,상해없음,원동기,남,44세,경상
2023040400100015,2023년 4월 4일 02시,화요일,광주광역시 북구 용봉동,경상사고,0,0,1,0,차대사람 - 기타,안전운전불이행,건조,맑음,단일로 - 기타,승용,남,29세,상해없음,보행자,남,21세,경상
2023040400100016,2023년 4월 4일 02시,화요일,광주광역시 광산구 수완동,경상사고,0,0,1,0,차대사람 - 횡단중,안전운전불이행,건조,맑음,교차로 - 교차로부근,승용,남,42세,상해없음,보행자,남,19세,경상
2023040400100103,2023년 4월 4일 08시,화요일,광주광역시 서구 유촌동,경상사고,0,0,2,0,차대차 - 추돌,안전운전불이행,건조,맑음,교차로 - 교차로안,화물,남,60세,상해없음,승용,남,49세,경상
2023040400100104,2023년 4월 4일 08시,화요일,광주광역시 광산구 하남동,경상사고,0,0,2,0,차대차 - 기타,직진우회전진행방해,건조,맑음,교차로 - 교차로안,승용,여,61세,상해없음,승용,여,43세,경상
2023040400100165,2023년 4월 4일 10시,화요일,광주광역시 동구 지산동,경상사고,0,0,1,0,차대차 - 추돌,안전거리미확보,건조,흐림,단일로 - 터널,승용,여,45세,상해없음,승용,남,59세,경상
2023040400100192,2023년 4월 4일 11시,화요일,광주광역시 서구 마륵동,경상사고,0,0,1,0,차대차 - 기타,안전운전불이행,건조,맑음,단일로 - 기타,승용,여,71세,상해없음,승용,남,75세,경상
2023040400100212,2023년 4월 4일 12시,화요일,광주광역시 서구 쌍촌동,경상사고,0,0,1,0,차대차 - 기타,안전거리미확보,건조,맑음,단일로 - 기타,승용,남,65세,상해없음,이륜,남,29세,경상
2023040400100213,2023년 4월 4일 12시,화요일,광주광역시 북구 문흥동,경상사고,0,0,1,0,차대사람 - 기타,안전운전불이행,건조,맑음,교차로 - 교차로부근,승용,여,65세,상해없음,보행자,남,55세,경상
2023040400100244,2023년 4월 4일 13시,화요일,광주광역시 서구 농성동,경상사고,0,0,1,0,차대차 - 기타,안전거리미확보,건조,맑음,교차로 - 교차로부근,승용,남,71세,상해없음,승용,남,29세,경상
2023040400100245,2023년 4월 4일 13시,화요일,광주광역시 남구 백운동,경상사고,0,0,1,0,차대차 - 측면충돌,안전거리미확보,건조,흐림,교차로 - 교차로안,화물,남,79세,기타불명,승용,여,26세,경상
2023040400100278,2023년 4월 4일 14시,화요일,광주광역시 북구 임동,경상사고,0,0,1,0,차대차 - 추돌,안전운전불이행,건조,맑음,교차로 - 교차로안,승용,남,50세,기타불명,승용,여,40세,경상
2023040400100279,2023년 4월 4일 14시,화요일,광주광역시 광산구 수완동,경상사고,0,0,2,0,차대차 - 측면충돌,안전운전불이행,건조,맑음,교차로 - 교차로부근,승용,여,49세,경상,승용,남,24세,경상
2023040400100302,2023년 4월 4일 15시,화요일,광주광역시 남구 송하동,경상사고,0,0,1,0,차대차 - 측면충돌,중앙선침범,건조,맑음,교차로 - 교차로안,개인형이동수단(PM),남,19세,경상,화물,남,42세,상해없음
2023040400100337,2023년 4월 4일 16시,화요일,광주광역시 남구 송하동,경상사고,0,0,2,0,차대차 - 정면충돌,중앙선침범,젖음/습기,비,단일로 - 기타,승용,남,24세,상해없음,승용,여,52세,경상
2023040400100338,2023년 4월 4일 16시,화요일,광주광역시 광산구 수완동,경상사고,0,0,4,0,차대차 - 측면충돌,안전운전불이행,젖음/습기,비,교차로 - 교차로부근,승용,남,49세,상해없음,승용,남,26세,경상
2023040400100373,2023년 4월 4일 17시,화요일,광주광역시 동구 학동,경상사고,0,0,1,0,차대차 - 기타,직진우회전진행방해,젖음/습기,비,교차로 - 교차로안,승용,여,54세,상해없음,이륜,남,53세,경상
2023040400100417,2023년 4월 4일 18시,화요일,광주광역시 동구 대인동,경상사고,0,0,1,0,차대사람 - 기타,안전운전불이행,젖음/습기,비,교차로 - 교차로안,이륜,남,57세,상해없음,보행자,여,84세,경상
2023040400100467,2023년 4월 4일 19시,화요일,광주광역시 서구 쌍촌동,경상사고,0,0,2,0,차대차 - 추돌,안전운전불이행,젖음/습기,비,단일로 - 기타,화물,남,51세,상해없음,승용,남,29세,경상
2023040400100468,2023년 4월 4일 19시,화요일,광주광역시 북구 신안동,경상사고,0,0,2,0,차대차 - 측면충돌,안전운전불이행,젖음/습기,비,교차로 - 교차로안,승용,여,32세,경상,승용,남,36세,경상
2023040400100469,2023년 4월 4일 19시,화요일,광주광역시 광산구 소촌동,경상사고,0,0,1,0,차대차 - 기타,안전운전불이행,건조,맑음,교차로 - 교차로안,승용,남,43세,기타불명,승용,남,26세,경상
2023040400100527,2023년 4월 4일 20시,화요일,광주광역시 동구 금동,중상사고,0,1,0,0,차대사람 - 횡단중,안전운전불이행,젖음/습기,비,교차로 - 교차로부근,승용,남,37세,상해없음,보행자,남,70세,중상
2023040400100528,2023년 4월 4일 20시,화요일,광주광역시 서구 쌍촌동,경상사고,0,0,1,0,차대사람 - 기타,안전운전불이행,젖음/습기,맑음,단일로 - 기타,승용,남,25세,상해없음,보행자,여,28세,경상
2023040400100529,2023년 4월 4일 20시,화요일,광주광역시 북구 양산동,경상사고,0,0,2,0,차대차 - 측면충돌,안전운전불이행,젖음/습기,비,교차로 - 교차로안,화물,남,62세,상해없음,승용,남,31세,경상
2023040400100530,2023년 4월 4일 20시,화요일,광주광역시 북구 운암동,경상사고,0,0,1,0,차대사람 - 횡단중,보행자보호의무위반,젖음/습기,비,단일로 - 기타,승용,여,67세,상해없음,보행자,여,21세,경상
2023040400100531,2023년 4월 4일 20시,화요일,광주광역시 광산구 월계동,경상사고,0,0,1,0,차대차 - 기타,기타,젖음/습기,비,단일로 - 기타,승용,남,47세,상해없음,이륜,남,25세,경상
2023040400100579,2023년 4월 4일 21시,화요일,광주광역시 북구 중흥동,경상사고,0,0,1,0,차대사람 - 보도통행중,신호위반,젖음/습기,비,단일로 - 기타,이륜,남,35세,상해없음,보행자,여,28세,경상
2023040400100580,2023년 4월 4일 21시,화요일,광주광역시 광산구 월계동,경상사고,0,0,1,0,차대차 - 추돌,안전운전불이행,젖음/습기,비,교차로 - 교차로안,승용,남,52세,상해없음,승용,남,49세,경상
2023040400100618,2023년 4월 4일 22시,화요일,광주광역시 남구 행암동,중상사고,0,1,0,0,차대차 - 추돌,안전운전불이행,건조,맑음,교차로 - 교차로안,승용,남,20세,상해없음,이륜,남,24세,중상
2023040400100656,2023년 4월 4일 23시,화요일,광주광역시 동구 동명동,경상사고,0,0,2,0,차량단독 - 기타,안전운전불이행,젖음/습기,비,교차로 - 교차로안,승용,여,67세,상해없음,,,,
2023040400100657,2023년 4월 4일 23시,화요일,광주광역시 북구 양산동,경상사고,0,0,1,0,차대차 - 추돌,안전운전불이행,젖음/습기,비,단일로 - 기타,승용,남,28세,기타불명,승용,여,32세,경상
2023040500100021,2023년 4월 5일 00시,수요일,광주광역시 북구 양산동,중상사고,0,1,1,0,차대차 - 측면충돌,직진우회전진행방해,젖음/습기,비,교차로 - 교차로안,이륜,남,36세,중상,승용,남,53세,경상
2023040500100034,2023년 4월 5일 01시,수요일,광주광역시 광산구 우산동,경상사고,0,0,1,0,차대차 - 기타,차로위반,젖음/습기,비,단일로 - 기타,승용,남,60세,상해없음,원동기,남,27세,경상
2023040500100073,2023년 4월 5일 05시,수요일,광주광역시 서구 유촌동,경상사고,0,0,1,0,차대차 - 측면충돌,신호위반,젖음/습기,비,교차로 - 교차로안,승용,남,13세,상해없음,승용,남,61세,경상
2023040500100175,2023년 4월 5일 09시,수요일,광주광역시 광산구 송정동,경상사고,0,0,1,0,차대차 - 정면충돌,중앙선침범,젖음/습기,비,교차로 - 교차로부근,승용,남,71세,상해없음,승용,남,41세,경상