사고번호,사고일시,요일,시군구,사고내용,사망자수,중상자수,경상자수,부상신고자수,사고유형,법규위반,노면상태,기상상태,도로형태,가해운전자 차종,가해운전자 성별,가해운전자 연령,가해운전자 상해정도,피해운전자 차종,피해운전자 성별,피해운전자 연령,피해운전자 상해정도
2023042300100128,2023년 4월 23일 11시,일요일,광주광역시 북구 동림동,경상사고,0,0,4,0,차대차 - 기타,안전운전불이행,건조,맑음,교차로 - 교차로횡단보도내,승용,남,80세,상해없음,승용,남,32세,경상
2023042300100151,2023년 4월 23일 12시,일요일,광주광역시 서구 치평동,경상사고,0,0,2,0,차대차 - 측면충돌,안전운전불이행,건조,맑음,교차로 - 교차로안,승용,여,56세,상해없음,승용,남,51세,경상
2023042300100152,2023년 4월 23일 12시,일요일,광주광역시 광산구 송정동,경상사고,0,0,1,0,차대차 - 측면충돌,교차로운행방법위반,건조,맑음,교차로 - 교차로안,승용,남,42세,상해없음,화물,남,58세,경상
2023042300100240,2023년 4월 23일 15시,일요일,광주광역시 동구 산수동,경상사고,0,0,1,0,차대차 - 측면충돌,안전운전불이행,건조,맑음,단일로 - 기타,승용,남,26세,상해없음,이륜,남,21세,경상
2023042300100241,2023년 4월 23일 15시,일요일,광주광역시 남구 월산동,중상사고,0,1,0,0,차대사람 - 횡단중,신호위반,건조,맑음,교차로 - 교차로부근,승용,남,65세,상해없음,보행자,여,16세,중상
2023042300100242,2023년 4월 23일 15시,일요일,광주광역시 남구 백운동,경상사고,0,0,3,0,차대차 - 기타,안전운전불이행,건조,맑음,기타 - 기타,승용,여,39세,상해없음,승합,남,22세,경상
2023042300100243,2023년 4월 23일 15시,일요일,광주광역시 광산구 산막동,경상사고,0,0,3,0,차대차 - 추돌,안전운전불이행,건조,맑음,교차로 - 교차로안,이륜,남,47세,경상,승용,여,27세,경상
2023042300100295,2023년 4월 23일 17시,일요일,광주광역시 서구 쌍촌동,경상사고,0,0,1,0,차대차 - 기타,안전운전불이행,건조,맑음,단일로 - 기타,이륜,남,32세,경상,승용,여,33세,상해없음
2023042300100321,2023년 4월 23일 18시,일요일,광주광역시 서구 화정동,경상사고,0,0,1,0,차대차 - 추돌,안전운전불이행,건조,맑음,단일로 - 기타,승용,남,58세,상해없음,승용,남,70세,기타불명
2023042300100322,2023년 4월 23일 18시,일요일,광주광역시 서구 매월동,경상사고,0,0,2,0,차대차 - 측면충돌,안전운전불이행,건조,맑음,단일로 - 기타,승용,남,55세,상해없음,승용,남,55세,경상
2023042300100323,2023년 4월 23일 18시,일요일,광주광역시 북구 용봉동,중상사고,0,1,0,0,차대차 - 정면충돌,안전운전불이행,건조,맑음,교차로 - 교차로부근,자전거,남,65세,상해없음,이륜,남,58세,중상
2023042300100344,2023년 4월 23일 19시,일요일,광주광역시 남구 송하동,경상사고,0,0,1,0,차량단독 - 기타,안전운전불이행,건조,맑음,교차로 - 교차로안,승합,남,46세,상해없음,,,,
2023042300100370,2023년 4월 23일 20시,일요일,광주광역시 서구 화정동,경상사고,0,0,5,0,차대차 - 기타,안전운전불이행,건조,맑음,교차로 - 교차로부근,이륜,남,17세,경상,승용,여,45세,경상
2023042300100411,2023년 4월 23일 23시,일요일,광주광역시 광산구 도천동,경상사고,0,0,2,0,차대차 - 추돌,안전운전불이행,건조,맑음,단일로 - 기타,화물,여,36세,상해없음,승용,남,53세,경상
2023042400100059,2023년 4월 24일 07시,월요일,광주광역시 광산구 산정동,경상사고,0,0,1,0,차대차 - 측면충돌,안전운전불이행,건조,맑음,교차로 - 교차로부근,승용,여,55세,상해없음,승용,남,71세,경상
2023042400100098,2023년 4월 24일 08시,월요일,광주광역시 남구 진월동,경상사고,0,0,1,0,차대차 - 측면충돌,교차로운행방법위반,건조,맑음,교차로 - 교차로안,승용,여,25세,상해없음,승용,남,61세,경상
2023042400100099,2023년 4월 24일 08시,월요일,광주광역시 북구 우산동,경상사고,0,0,2,0,차대차 - 측면충돌,안전운전불이행,건조,맑음,교차로 - 교차로부근,승용,남,81세,상해없음,승용,남,55세,경상
2023042400100218,2023년 4월 24일 12시,월요일,광주광역시 남구 송하동,경상사고,0,0,1,0,차대차 - 측면충돌,안전운전불이행,건조,맑음,단일로 - 고가도로위,건설기계,남,64세,상해없음,승용,남,37세,경상
2023042400100251,2023년 4월 24일 13시,월요일,광주광역시 광산구 하남동,중상사고,0,1,0,0,차대사람 - 횡단중,신호위반,건조,맑음,교차로 - 교차로횡단보도내,승용,여,40세,기타불명,보행자,남,57세,중상
2023042400100252,2023년 4월 24일 13시,월요일,광주광역시 광산구 도산동,경상사고,0,0,1,0,차대차 - 추돌,안전운전불이행,건조,맑음,단일로 - 교량,승합,남,27세,상해없음,승용,여,43세,경상
2023042400100350,2023년 4월 24일 16시,월요일,광주광역시 남구 봉선동,경상사고,0,0,1,0,차대차 - 기타,안전운전불이행,건조,맑음,교차로 - 교차로안,승용,남,86세,상해없음,이륜,남,39세,경상
2023042400100351,2023년 4월 24일 16시,월요일,광주광역시 남구 월산동,경상사고,0,0,1,0,차대차 - 추돌,안전운전불이행,건조,맑음,단일로 - 기타,승용,남,72세,상해없음,승용,남,31세,경상
2023042400100352,2023년 4월 24일 16시,월요일,광주광역시 북구 수곡동,중상사고,0,1,1,0,차량단독 - 공작물충돌,안전운전불이행,건조,맑음,기타 - 기타,화물,남,68세,경상,,,,
2023042400100451,2023년 4월 24일 19시,월요일,광주광역시 동구 학동,경상사고,0,0,1,0,차대사람 - 기타,안전운전불이행,건조,맑음,교차로 - 교차로부근,이륜,남,39세,상해없음,보행자,여,59세,경상
2023042400100452,2023년 4월 24일 19시,월요일,광주광역시 북구 두암동,경상사고,0,0,1,0,차대사람 - 보도통행중,보행자보호의무위반,건조,맑음,교차로 - 교차로횡단보도내,승용,여,61세,상해없음,보행자,여,82세,경상
2023042400100517,2023년 4월 24일 22시,월요일,광주광역시 서구 쌍촌동,경상사고,0,0,1,0,차대사람 - 차도통행중,신호위반,건조,맑음,교차로 - 교차로횡단보도내,개인형이동수단(PM),남,26세,상해없음,보행자,남,45세,경상
2023042400100518,2023년 4월 24일 22시,월요일,광주광역시 광산구 산정동,경상사고,0,0,2,1,차대차 - 측면충돌,신호위반,건조,맑음,교차로 - 교차로안,이륜,남,40세,부상신고,승용,남,58세,경상
2023042400100530,2023년 4월 24일 23시,월요일,광주광역시 북구 풍향동,경상사고,0,0,1,1,차대차 - 기타,교차로운행방법위반,건조,맑음,교차로 - 교차로안,승용,남,38세,부상신고,승용,여,48세,경상
2023042500100010,2023년 4월 25일 01시,화요일,광주광역시 광산구 월계동,경상사고,0,0,1,0,차대차 - 추돌,안전운전불이행,건조,흐림,교차로 - 교차로부근,승용,남,44세,상해없음,승용,여,58세,경상
2023042500100022,2023년 4월 25일 03시,화요일,광주광역시 광산구 장덕동,사망사고,1,0,0,0,차량단독 - 공작물충돌,안전운전불이행,건조,맑음,단일로 - 기타,이륜,남,13세,사망,,,,
2023042500100044,2023년 4월 25일 06시,화요일,광주광역시 광산구 옥동,경상사고,0,0,2,0,차대차 - 기타,신호위반,건조,맑음,교차로 - 교차로부근,승용,남,59세,상해없음,화물,남,47세,상해없음
2023042500100062,2023년 4월 25일 07시,화요일,광주광역시 서구 농성동,경상사고,0,0,2,0,차대차 - 측면충돌,안전운전불이행,건조,맑음,교차로 - 교차로부근,승용,남,35세,기타불명,승용,남,70세,경상
2023042500100063,2023년 4월 25일 07시,화요일,광주광역시 남구 방림동,경상사고,0,0,2,0,차대차 - 추돌,안전거리미확보,젖음/습기,비,단일로 - 기타,승합,남,60세,상해없음,승용,여,56세,경상
2023042500100115,2023년 4월 25일 08시,화요일,광주광역시 남구 주월동,중상사고,0,1,2,1,차대차 - 기타,중앙선침범,건조,맑음,단일로 - 기타,승용,남,66세,상해없음,승용,남,65세,경상
2023042500100116,2023년 4월 25일 08시,화요일,광주광역시 북구 풍향동,경상사고,0,0,1,0,차대차 - 측면충돌,안전운전불이행,젖음/습기,비,단일로 - 기타,승용,남,28세,상해없음,승용,여,31세,경상
2023042500100117,2023년 4월 25일 08시,화요일,광주광역시 광산구 수완동,경상사고,0,0,2,0,차대차 - 측면충돌,안전운전불이행,건조,맑음,단일로 - 기타,승용,여,56세,상해없음,개인형이동수단(PM),여,16세,경상
2023042500100152,2023년 4월 25일 09시,화요일,광주광역시 서구 내방동,경상사고,0,0,1,0,차량단독 - 기타,안전운전불이행,젖음/습기,흐림,교차로 - 교차로안,승용,남,67세,상해없음,,,,
2023042500100153,2023년 4월 25일 09시,화요일,광주광역시 북구 신안동,경상사고,0,0,1,0,차대차 - 기타,안전운전불이행,젖음/습기,비,단일로 - 기타,화물,남,53세,상해없음,승용,여,43세,경상
2023042500100247,2023년 4월 25일 12시,화요일,광주광역시 서구 화정동,경상사고,0,0,1,0,차대차 - 기타,안전거리미확보,건조,맑음,단일로 - 기타,승용,남,59세,상해없음,승합,남,50세,경상
2023042500100248,2023년 4월 25일 12시,화요일,광주광역시 광산구 신촌동,경상사고,0,0,2,0,차대차 - 측면충돌,신호위반,젖음/습기,비,교차로 - 교차로안,승용,남,48세,상해없음,승용,남,39세,경상
2023042500100292,2023년 4월 25일 13시,화요일,광주광역시 북구 삼각동,경상사고,0,0,1,0,차대차 - 측면충돌,신호위반,젖음/습기,흐림,교차로 - 교차로안,승용,여,69세,상해없음,승용,남,43세,경상
2023042500100323,2023년 4월 25일 14시,화요일,광주광역시 남구 월산동,경상사고,0,0,1,0,차대차 - 측면충돌,직진우회전진행방해,젖음/습기,비,교차로 - 교차로안,승용,남,24세,상해없음,이륜,남,55세,경상
2023042500100354,2023년 4월 25일 15시,화요일,광주광역시 서구 마륵동,중상사고,0,1,0,0,차대차 - 기타,안전거리미확보,건조,맑음,교차로 - 교차로부근,승용,남,65세,상해없음,화물,남,56세,중상
2023042500100388,2023년 4월 25일 16시,화요일,광주광역시 동구 산수동,경상사고,0,0,1,0,차대차 - 기타,교차로운행방법위반,건조,맑음,교차로 - 교차로안,승용,남,63세,상해없음,이륜,남,46세,경상
2023042500100424,2023년 4월 25일 17시,화요일,광주광역시 북구 양산동,경상사고,0,0,4,0,차대차 - 기타,교차로운행방법위반,건조,맑음,교차로 - 교차로안,승용,남,62세,경상,승용,남,23세,경상
2023042500100560,2023년 4월 25일 21시,화요일,광주광역시 북구 용봉동,중상사고,0,1,0,0,차대차 - 측면충돌,교차로운행방법위반,건조,맑음,단일로 - 기타,승용,남,75세,상해없음,이륜,남,32세,중상
2023042500100561,2023년 4월 25일 21시,화요일,광주광역시 북구 임동,경상사고,0,0,2,0,차대차 - 추돌,안전운전불이행,건조,맑음,단일로 - 기타,승용,남,55세,기타불명,승합,남,39세,경상
2023042600100012,2023년 4월 26일 00시,수요일,광주광역시 남구 양림동,중상사고,0,1,0,0,차량단독 - 공작물충돌,안전운전불이행,건조,맑음,단일로 - 기타,이륜,남,56세,중상,,,,
2023042600100027,2023년 4월 26일 04시,수요일,광주광역시 서구 풍암동,경상사고,0,0,1,0,차대차 - 기타,신호위반,건조,맑음,교차로 - 교차로안,화물,남,49세,상해없음,승용,남,63세,경상
2023042600100065,2023년 4월 26일 07시,수요일,광주광역시 광산구 소촌동,경상사고,0,0,1,0,차대차 - 측면충돌,안전거리미확보,건조,맑음,단일로 - 기타,승합,남,61세,상해없음,승용,남,48세,경상
2023042600100113,2023년 4월 26일 08시,수요일,광주광역시 동구 내남동,경상사고,0,0,1,0,차대차 - 추돌,안전거리미확보,건조,맑음,교차로 - 교차로부근,승용,남,26세,상해없음,건설기계,남,57세,상해없음
2023042600100168,2023년 4월 26일 10시,수요일,광주광역시 광산구 송정동,경상사고,0,0,1,0,차대차 - 기타,안전운전불이행,건조,맑음,교차로 - 교차로부근,승용,여,28세,상해없음,승용,남,62세,경상
2023042600100235,2023년 4월 26일 12시,수요일,광주광역시 서구 유촌동,경상사고,0,0,1,0,차대차 - 측면충돌,안전거리미확보,건조,맑음,단일로 - 기타,승용,남,65세,상해없음,승용,여,67세,경상
2023042600100236,2023년 4월 26일 12시,수요일,광주광역시 광산구 하남동,경상사고,0,0,3,0,차대사람 - 기타,안전운전불이행,건조,맑음,교차로 - 교차로안,승용,남,19세,경상,보행자,남,41세,경상
2023042600100237,2023년 4월 26일 12시,수요일,광주광역시 광산구 비아동,경상사고,0,0,1,0,차대차 - 정면충돌,안전운전불이행,건조,맑음,교차로 - 교차로안,승용,남,73세,상해없음,승용,여,65세,경상
2023042600100267,2023년 4월 26일 13시,수요일,광주광역시 서구 쌍촌동,경상사고,0,0,1,0,차대차 - 측면충돌,교차로운행방법위반,건조,맑음,교차로 - 교차로안,승용,남,56세,상해없음,승용,남,39세,경상
2023042600100268,2023년 4월 26일 13시,수요일,광주광역시 북구 양산동,경상사고,0,0,1,0,차대차 - 측면충돌,안전운전불이행,건조,맑음,교차로 - 교차로안,승용,여,40세,상해없음,승용,남,23세,경상
2023042600100329,2023년 4월 26일 15시,수요일,광주광역시 동구 학동,경상사고,0,0,1,0,차대차 - 측면충돌,안전거리미확보,건조,맑음,단일로 - 기타,승용,남,27세,상해없음,승용,남,52세,경상
2023042600100330,2023년 4월 26일 15시,수요일,광주광역시 북구 문흥동,경상사고,0,0,2,0,차대차 - 측면충돌,안전운전불이행,건조,맑음,교차로 - 교차로부근,승용,여,69세,상해없음,화물,남,25세,경상
2023042600100332,2023년 4월 26일 15시,수요일,광주광역시 광산구 우산동,중상사고,0,1,0,0,차대사람 - 기타,안전운전불이행,건조,맑음,교차로 - 교차로안,승합,남,65세,상해없음,보행자,남,79세,중상
2023042600100369,2023년 4월 26일 16시,수요일,광주광역시 북구 용두동,경상사고,0,0,3,0,차대차 - 기타,안전거리미확보,건조,맑음,교차로 - 교차로부근,승용,여,45세,상해없음,승용,남,47세,경상
2023042600100422,2023년 4월 26일 17시,수요일,광주광역시 동구 학동,경상사고,0,0,2,0,차대차 - 측면충돌,안전거리미확보,건조,맑음,단일로 - 기타,승용,남,67세,상해없음,승용,남,33세,경상
2023042600100423,2023년 4월 26일 17시,수요일,광주광역시 북구 용두동,경상사고,0,0,3,0,차대차 - 측면충돌,중앙선침범,건조,맑음,단일로 - 기타,승용,남,57세,경상,승용,여,45세,경상
2023042600100475,2023년 4월 26일 18시,수요일,광주광역시 북구 일곡동,중상사고,0,1,0,0,차대사람 - 차도통행중,안전운전불이행,건조,맑음,단일로 - 기타,승용,여,53세,상해없음,보행자,여,10세,중상
2023042600100476,2023년 4월 26일 18시,수요일,광주광역시 광산구 월계동,경상사고,0,0,2,0,차대차 - 측면충돌,교차로운행방법위반,건조,맑음,교차로 - 교차로안,승용,여,42세,경상,승용,여,30세,경상
2023042600100580,2023년 4월 26일 21시,수요일,광주광역시 남구 월산동,경상사고,0,0,1,0,차대차 - 기타,안전운전불이행,건조,맑음,교차로 - 교차로안,승용,남,40세,상해없음,이륜,남,18세,경상
2023042600100581,2023년 4월 26일 21시,수요일,광주광역시 남구 진월동,경상사고,0,0,6,0,차대차 - 기타,안전운전불이행,건조,맑음,단일로 - 기타,승용,남,70세,상해없음,승용,남,36세,경상
2023042600100582,2023년 4월 26일 21시,수요일,광주광역시 광산구 도산동,경상사고,0,0,1,0,차대차 - 기타,안전운전불이행,건조,맑음,단일로 - 기타,승용,여,53세,상해없음,이륜,남,24세,경상
2023042700100045,2023년 4월 27일 06시,목요일,광주광역시 북구 중흥동,경상사고,0,0,3,0,차대차 - 기타,신호위반,건조,맑음,교차로 - 교차로안,원동기,남,63세,상해없음,승용,남,33세,경상
2023042700100067,2023년 4월 27일 07시,목요일,광주광역시 서구 화정동,경상사고,0,0,1,0,차대차 - 측면충돌,안전운전불이행,건조,맑음,단일로 - 기타,승용,남,43세,상해없음,승용,여,46세,경상
2023042700100101,2023년 4월 27일 08시,목요일,광주광역시 동구 산수동,경상사고,0,0,1,0,차대사람 - 기타,안전운전불이행,건조,맑음,단일로 - 기타,승용,남,85세,상해없음,보행자,남,64세,경상
2023042700100102,2023년 4월 27일 08시,목요일,광주광역시 서구 쌍촌동,경상사고,0,0,2,0,차대차 - 측면충돌,차로위반,건조,맑음,단일로 - 기타,승용,여,24세,상해없음,승용,남,46세,경상
2023042700100103,2023년 4월 27일 08시,목요일,광주광역시 북구 문흥동,중상사고,0,1,0,0,차대차 - 측면충돌,안전운전불이행,건조,맑음,교차로 - 교차로부근,승용,남,14세,상해없음,승용,남,67세,중상
2023042700100154,2023년 4월 27일 10시,목요일,광주광역시 서구 쌍촌동,경상사고,0,0,1,0,차대차 - 측면충돌,안전운전불이행,건조,맑음,단일로 - 기타,승용,남,70세,기타불명,승용,여,28세,경상
2023042700100172,2023년 4월 27일 11시,목요일,광주광역시 서구 치평동,중상사고,0,2,0,0,차대차 - 추돌,안전운전불이행,건조,맑음,단일로 - 기타,승합,남,53세,상해없음,승용,여,56세,중상
2023042700100173,2023년 4월 27일 11시,목요일,광주광역시 서구 치평동,경상사고,0,0,1,0,차대차 - 측면충돌,안전운전불이행,건조,맑음,교차로 - 교차로부근,승합,남,61세,상해없음,승용,남,26세,경상
2023042700100174,2023년 4월 27일 11시,목요일,광주광역시 북구 두암동,경상사고,0,0,1,0,차대사람 - 기타,안전운전불이행,건조,맑음,단일로 - 기타,승용,남,62세,상해없음,보행자,남,50세,경상
2023042700100175,2023년 4월 27일 11시,목요일,광주광역시 광산구 요기동,경상사고,0,0,1,0,차대차 - 측면충돌,기타,건조,맑음,기타 - 기타,승용,남,38세,상해없음,승용,남,59세,경상
2023042700100210,2023년 4월 27일 12시,목요일,광주광역시 남구 양림동,경상사고,0,0,1,0,차대차 - 후진중충돌,안전운전불이행,건조,맑음,단일로 - 기타,승용,남,38세,상해없음,이륜,남,23세,경상
2023042700100245,2023년 4월 27일 13시,목요일,광주광역시 광산구 우산동,중상사고,0,1,0,0,차대차 - 기타,안전운전불이행,건조,맑음,교차로 - 교차로안,승용,남,67세,상해없음,이륜,남,38세,중상
2023042700100318,2023년 4월 27일 15시,목요일,광주광역시 동구 선교동,부상신고사고,0,0,0,1,차량단독 - 기타,안전운전불이행,건조,맑음,단일로 - 기타,승용,남,59세,부상신고,,,,
2023042700100369,2023년 4월 27일 16시,목요일,광주광역시 서구 매월동,경상사고,0,0,1,0,차대차 - 기타,직진우회전진행방해,건조,맑음,교차로 - 교차로부근,승용,여,43세,상해없음,승용,남,31세,경상
2023042700100370,2023년 4월 27일 16시,목요일,광주광역시 남구 주월동,경상사고,0,0,8,0,차대차 - 측면충돌,안전운전불이행,건조,맑음,단일로 - 기타,승용,남,25세,상해없음,승합,남,25세,경상
2023042700100371,2023년 4월 27일 16시,목요일,광주광역시 북구 운암동,경상사고,0,0,1,0,차대차 - 추돌,안전거리미확보,건조,맑음,단일로 - 기타,승용,남,58세,상해없음,승용,여,54세,경상
2023042700100419,2023년 4월 27일 17시,목요일,광주광역시 북구 풍향동,경상사고,0,0,3,0,차대차 - 측면충돌,안전운전불이행,건조,맑음,교차로 - 교차로안,승용,여,77세,경상,승용,여,50세,경상
2023042700100466,2023년 4월 27일 18시,목요일,광주광역시 서구 농성동,경상사고,0,0,1,0,차대차 - 기타,안전운전불이행,건조,맑음,교차로 - 교차로부근,기타불명,기타불명,미분류,기타불명,승용,여,53세,경상
2023042700100467,2023년 4월 27일 18시,목요일,광주광역시 북구 중흥동,경상사고,0,0,1,0,차대차 - 측면충돌,교차로운행방법위반,건조,맑음,교차로 - 교차로안,승용,여,28세,상해없음,승용,남,32세,경상
2023042700100468,2023년 4월 27일 18시,목요일,광주광역시 광산구 우산동,경상사고,0,0,1,0,차대차 - 측면충돌,안전운전불이행,건조,맑음,단일로 - 기타,승용,남,35세,상해없음,승용,여,24세,경상
2023042700100502,2023년 4월 27일 19시,목요일,광주광역시 북구 유동,경상사고,0,0,1,0,차대사람 - 기타,안전운전불이행,건조,맑음,단일로 - 기타,승용,남,63세,상해없음,보행자,여,31세,경상
2023042700100503,2023년 4월 27일 19시,목요일,광주광역시 북구 신안동,경상사고,0,0,2,0,차대차 - 측면충돌,안전운전불이행,건조,맑음,교차로 - 교차로안,승용,여,56세,경상,승용,여,29세,경상
2023042700100562,2023년 4월 27일 21시,목요일,광주광역시 동구 소태동,중상사고,0,1,2,0,차대차 - 추돌,안전거리미확보,건조,맑음,단일로 - 기타,승용,남,24세,상해없음,승용,여,64세,중상
2023042700100563,2023년 4월 27일 21시,목요일,광주광역시 광산구 신가동,경상사고,0,0,1,0,차대사람 - 기타,신호위반,건조,맑음,단일로 - 기타,이륜,남,40세,상해없음,보행자,남,16세,경상
2023042700100583,2023년 4월 27일 22시,목요일,광주광역시 북구 매곡동,경상사고,0,0,1,1,차대차 - 측면충돌,신호위반,건조,맑음,교차로 - 교차로안,승용,여,21세,부상신고,승용,남,50세,경상
2023042800100020,2023년 4월 28일 02시,금요일,광주광역시 서구 치평동,중상사고,0,1,0,0,차대사람 - 차도통행중,안전운전불이행,건조,맑음,교차로 - 교차로안,승용,남,48세,상해없음,보행자,여,27세,중상
2023042800100085,2023년 4월 28일 07시,금요일,광주광역시 서구 화정동,경상사고,0,0,2,0,차대차 - 측면충돌,안전운전불이행,건조,맑음,단일로 - 기타,승용,남,68세,경상,승용,여,58세,경상
2023042800100146,2023년 4월 28일 08시,금요일,광주광역시 동구 장동,경상사고,0,0,1,0,차대차 - 기타,안전운전불이행,건조,맑음,기타 - 기타,자전거,남,27세,경상,승용,남,29세,상해없음
2023042800100147,2023년 4월 28일 08시,금요일,광주광역시 북구 두암동,경상사고,0,0,1,0,차대차 - 측면충돌,교차로운행방법위반,건조,맑음,교차로 - 교차로안,승용,남,45세,상해없음,자전거,남,15세,경상
2023042800100148,2023년 4월 28일 08시,금요일,광주광역시 북구 우산동,경상사고,0,0,1,0,차대차 - 측면충돌,안전운전불이행,건조,맑음,단일로 - 기타,승용,남,56세,상해없음,이륜,남,37세,경상
2023042800100149,2023년 4월 28일 08시,금요일,광주광역시 북구 동림동,경상사고,0,0,1,0,차대차 - 기타,직진우회전진행방해,건조,맑음,교차로 - 교차로안,승용,남,28세,기타불명,건설기계,남,58세,경상
2023042800100150,2023년 4월 28일 08시,금요일,광주광역시 북구 용봉동,경상사고,0,0,1,1,차대차 - 기타,안전운전불이행,건조,맑음,교차로 - 교차로안,개인형이동수단(PM),여,55세,경상,승용,여,35세,부상신고
2023042800100151,2023년 4월 28일 08시,금요일,광주광역시 광산구 우산동,경상사고,0,0,1,0,차대사람 - 기타,안전운전불이행,건조,맑음,단일로 - 기타,승용,남,50세,상해없음,보행자,남,42세,경상
2023042800100184,2023년 4월 28일 09시,금요일,광주광역시 북구 동림동,경상사고,0,0,1,0,차대차 - 측면충돌,안전운전불이행,건조,맑음,교차로 - 교차로안,승용,남,33세,상해없음,승용,남,33세,경상
2023042800100270,2023년 4월 28일 12시,금요일,광주광역시 북구 용봉동,경상사고,0,0,2,0,차대차 - 측면충돌,안전운전불이행,건조,맑음,교차로 - 교차로부근,승용,여,54세,상해없음,승용,여,34세,경상
2023042800100271,2023년 4월 28일 12시,금요일,광주광역시 광산구 운수동,경상사고,0,0,2,0,차대차 - 추돌,안전운전불이행,건조,맑음,교차로 - 교차로부근,화물,남,66세,상해없음,승용,남,64세,경상
2023042800100376,2023년 4월 28일 15시,금요일,광주광역시 동구 소태동,경상사고,0,0,2,0,차대차 - 추돌,기타,건조,맑음,단일로 - 기타,승용,여,53세,상해없음,화물,남,52세,상해없음
2023042800100424,2023년 4월 28일 16시,금요일,광주광역시 남구 월산동,경상사고,0,0,1,0,차대사람 - 횡단중,안전운전불이행,건조,맑음,단일로 - 기타,화물,남,61세,상해없음,보행자,여,62세,경상
2023042800100425,2023년 4월 28일 16시,금요일,광주광역시 남구 진월동,경상사고,0,0,1,0,차대차 - 측면충돌,안전운전불이행,건조,맑음,단일로 - 기타,승용,남,49세,상해없음,승용,여,47세,경상
2023042800100426,2023년 4월 28일 16시,금요일,광주광역시 광산구 도산동,중상사고,0,1,0,0,차대사람 - 차도통행중,안전운전불이행,건조,맑음,단일로 - 기타,화물,남,47세,상해없음,보행자,여,27세,중상
2023042800100478,2023년 4월 28일 17시,금요일,광주광역시 북구 두암동,경상사고,0,0,1,0,차대차 - 기타,안전운전불이행,건조,맑음,기타 - 기타,승용,남,65세,상해없음,승용,여,59세,경상
2023042800100479,2023년 4월 28일 17시,금요일,광주광역시 광산구 서봉동,경상사고,0,0,1,0,차대차 - 측면충돌,안전거리미확보,건조,맑음,단일로 - 기타,승용,남,79세,상해없음,승용,여,50세,경상
2023042800100521,2023년 4월 28일 18시,금요일,광주광역시 광산구 월계동,경상사고,0,0,3,0,차대차 - 측면충돌,기타,건조,맑음,단일로 - 기타,승용,남,47세,상해없음,승용,남,43세,경상
2023042800100527,2023년 4월 28일 18시,금요일,광주광역시 서구 마륵동,경상사고,0,0,1,0,차대차 - 측면충돌,안전거리미확보,건조,맑음,교차로 - 교차로부근,승용,남,45세,상해없음,화물,남,33세,경상
2023042800100528,2023년 4월 28일 18시,금요일,광주광역시 북구 두암동,경상사고,0,0,1,0,차대차 - 기타,안전운전불이행,건조,맑음,교차로 - 교차로안,승용,남,33세,상해없음,이륜,남,22세,경상
2023042800100563,2023년 4월 28일 19시,금요일,광주광역시 북구 신안동,경상사고,0,0,1,0,차대사람 - 보도통행중,보행자보호의무위반,건조,맑음,교차로 - 교차로횡단보도내,승용,남,34세,상해없음,보행자,남,46세,경상
2023042800100596,2023년 4월 28일 20시,금요일,광주광역시 광산구 월계동,경상사고,0,0,2,0,차대차 - 측면충돌,안전운전불이행,건조,맑음,단일로 - 기타,승용,여,53세,상해없음,승용,남,34세,경상
2023042800100636,2023년 4월 28일 21시,금요일,광주광역시 서구 화정동,경상사고,0,0,1,0,차대차 - 측면충돌,신호위반,건조,흐림,교차로 - 교차로안,승용,남,46세,상해없음,승용,남,42세,경상
2023042800100637,2023년 4월 28일 21시,금요일,광주광역시 북구 용봉동,경상사고,0,0,1,0,차대차 - 기타,안전운전불이행,건조,맑음,단일로 - 기타,승용,남,50세,상해없음,이륜,남,16세,경상
2023042800100666,2023년 4월 28일 22시,금요일,광주광역시 동구 서석동,경상사고,0,0,2,0,차대차 - 기타,안전운전불이행,건조,맑음,교차로 - 교차로부근,승용,여,50세,상해없음,승용,여,23세,경상
2023042800100667,2023년 4월 28일 22시,금요일,광주광역시 서구 유촌동,경상사고,0,0,2,0,차대차 - 측면충돌,신호위반,건조,맑음,교차로 - 교차로안,화물,남,52세,상해없음,승용,남,24세,경상
2023042900100016,2023년 4월 29일 00시,토요일,광주광역시 광산구 장덕동,경상사고,0,0,4,0,차대차 - 측면충돌,기타,건조,맑음,교차로 - 교차로부근,승용,남,23세,상해없음,승용,남,20세,경상
2023042900100043,2023년 4월 29일 02시,토요일,광주광역시 서구 농성동,경상사고,0,0,1,0,차대차 - 추돌,안전운전불이행,젖음/습기,비,교차로 - 교차로부근,승용,남,40세,상해없음,승용,여,58세,상해없음
2023042900100053,2023년 4월 29일 03시,토요일,광주광역시 서구 치평동,경상사고,0,0,2,0,차대차 - 기타,안전운전불이행,젖음/습기,흐림,교차로 - 교차로부근,승용,남,42세,상해없음,승용,남,30세,경상
2023042900100054,2023년 4월 29일 03시,토요일,광주광역시 광산구 수완동,경상사고,0,0,1,0,차대차 - 측면충돌,안전거리미확보,젖음/습기,비,단일로 - 기타,승용,남,49세,상해없음,승용,남,40세,경상
2023042900100076,2023년 4월 29일 05시,토요일,광주광역시 광산구 신창동,경상사고,0,0,1,1,차대차 - 기타,안전거리미확보,젖음/습기,비,단일로 - 기타,이륜,남,17세,상해없음,이륜,남,17세,상해없음
2023042900100239,2023년 4월 29일 12시,토요일,광주광역시 북구 운암동,경상사고,0,0,1,0,차대차 - 기타,신호위반,건조,맑음,교차로 - 교차로안,승용,여,51세,기타불명,승용,남,36세,경상