사고번호,사고일시,요일,시군구,사고내용,사망자수,중상자수,경상자수,부상신고자수,사고유형,법규위반,노면상태,기상상태,도로형태,가해운전자 차종,가해운전자 성별,가해운전자 연령,가해운전자 상해정도,피해운전자 차종,피해운전자 성별,피해운전자 연령,피해운전자 상해정도
2023042900100272,2023년 4월 29일 13시,토요일,광주광역시 광산구 월계동,경상사고,0,0,1,0,차대차 - 측면충돌,안전운전불이행,건조,맑음,단일로 - 기타,화물,남,39세,상해없음,승용,남,49세,경상
2023042900100307,2023년 4월 29일 14시,토요일,광주광역시 북구 운암동,경상사고,0,0,1,0,차대차 - 후진중충돌,안전운전불이행,젖음/습기,비,기타 - 기타,승용,남,58세,상해없음,이륜,여,25세,경상
2023042900100308,2023년 4월 29일 14시,토요일,광주광역시 광산구 신가동,경상사고,0,0,1,0,차대차 - 측면충돌,신호위반,건조,맑음,교차로 - 교차로안,승용,남,30세,상해없음,원동기,남,19세,경상
2023042900100380,2023년 4월 29일 16시,토요일,광주광역시 서구 금호동,경상사고,0,0,1,0,차대사람 - 횡단중,안전운전불이행,건조,맑음,단일로 - 기타,승용,남,56세,상해없음,보행자,여,17세,경상
2023042900100442,2023년 4월 29일 18시,토요일,광주광역시 서구 화정동,경상사고,0,0,1,0,차대차 - 측면충돌,안전운전불이행,건조,맑음,교차로 - 교차로부근,이륜,남,21세,기타불명,승용,남,59세,경상
2023042900100466,2023년 4월 29일 19시,토요일,광주광역시 광산구 흑석동,경상사고,0,0,3,0,차대차 - 측면충돌,신호위반,건조,맑음,교차로 - 교차로안,이륜,남,22세,상해없음,승용,여,31세,경상
2023042900100484,2023년 4월 29일 20시,토요일,광주광역시 서구 쌍촌동,경상사고,0,0,1,0,차대차 - 측면충돌,안전운전불이행,건조,맑음,단일로 - 기타,승용,남,67세,상해없음,승용,남,29세,경상
2023042900100505,2023년 4월 29일 21시,토요일,광주광역시 북구 운암동,경상사고,0,0,4,0,차대차 - 측면충돌,안전거리미확보,건조,맑음,단일로 - 기타,승용,남,42세,상해없음,승용,남,27세,경상
2023042900100523,2023년 4월 29일 22시,토요일,광주광역시 남구 행암동,중상사고,0,3,0,0,차대사람 - 기타,안전운전불이행,건조,맑음,단일로 - 기타,승용,여,57세,상해없음,보행자,남,62세,중상
2023043000100067,2023년 4월 30일 07시,일요일,광주광역시 북구 각화동,경상사고,0,0,2,0,차대차 - 기타,안전거리미확보,건조,맑음,단일로 - 기타,승용,남,69세,상해없음,승용,남,66세,경상
2023043000100083,2023년 4월 30일 08시,일요일,광주광역시 서구 유촌동,경상사고,0,0,2,0,차대차 - 기타,안전운전불이행,건조,맑음,단일로 - 기타,승용,남,45세,상해없음,승용,남,24세,경상
2023043000100097,2023년 4월 30일 09시,일요일,광주광역시 북구 중흥동,중상사고,0,1,0,0,차대차 - 기타,신호위반,건조,맑음,교차로 - 교차로안,승용,남,72세,상해없음,이륜,남,55세,중상
2023043000100123,2023년 4월 30일 10시,일요일,광주광역시 동구 소태동,경상사고,0,0,1,0,차대차 - 기타,안전운전불이행,건조,맑음,기타 - 기타,승용,남,51세,상해없음,자전거,남,66세,경상
2023043000100124,2023년 4월 30일 10시,일요일,광주광역시 서구 광천동,경상사고,0,0,3,0,차대차 - 측면충돌,안전운전불이행,건조,맑음,단일로 - 기타,승용,남,60세,상해없음,승합,남,45세,경상
2023043000100158,2023년 4월 30일 11시,일요일,광주광역시 서구 농성동,경상사고,0,0,1,0,차대차 - 기타,안전운전불이행,건조,맑음,단일로 - 기타,승용,남,25세,상해없음,승용,남,50세,경상
2023043000100181,2023년 4월 30일 12시,일요일,광주광역시 북구 일곡동,중상사고,0,1,0,0,차대사람 - 기타,안전운전불이행,건조,맑음,단일로 - 기타,개인형이동수단(PM),여,13세,상해없음,보행자,남,5세,중상
2023043000100324,2023년 4월 30일 16시,일요일,광주광역시 광산구 비아동,경상사고,0,0,3,0,차대차 - 기타,안전운전불이행,건조,맑음,교차로 - 교차로안,승용,남,24세,상해없음,승용,남,43세,경상
2023043000100359,2023년 4월 30일 17시,일요일,광주광역시 북구 신안동,부상신고사고,0,0,0,1,차대사람 - 차도통행중,안전운전불이행,건조,맑음,단일로 - 기타,이륜,기타불명,미분류,기타불명,보행자,여,19세,부상신고
2023043000100430,2023년 4월 30일 20시,일요일,광주광역시 북구 동림동,경상사고,0,0,1,0,차대차 - 기타,교차로운행방법위반,건조,맑음,교차로 - 교차로안,승용,남,48세,기타불명,승용,남,61세,경상
2023050100100030,2023년 5월 1일 04시,월요일,광주광역시 북구 오치동,경상사고,0,0,1,0,차대차 - 정면충돌,안전운전불이행,건조,맑음,단일로 - 기타,승용,남,33세,상해없음,승용,남,69세,경상
2023050100100100,2023년 5월 1일 09시,월요일,광주광역시 서구 쌍촌동,경상사고,0,0,4,0,차대차 - 측면충돌,교차로운행방법위반,건조,맑음,교차로 - 교차로횡단보도내,승용,여,55세,상해없음,승용,남,19세,경상
2023050100100135,2023년 5월 1일 10시,월요일,광주광역시 북구 대촌동,경상사고,0,0,2,0,차대차 - 측면충돌,신호위반,건조,맑음,교차로 - 교차로안,이륜,남,61세,경상,승용,남,27세,경상
2023050100100175,2023년 5월 1일 11시,월요일,광주광역시 광산구 월계동,경상사고,0,0,1,0,차대사람 - 보도통행중,보행자보호의무위반,건조,맑음,교차로 - 교차로횡단보도내,승용,남,52세,상해없음,보행자,남,47세,경상
2023050100100212,2023년 5월 1일 12시,월요일,광주광역시 서구 광천동,경상사고,0,0,1,0,차대차 - 측면충돌,안전운전불이행,건조,맑음,교차로 - 교차로안,승용,남,46세,상해없음,승용,남,30세,경상
2023050100100214,2023년 5월 1일 12시,월요일,광주광역시 서구 쌍촌동,경상사고,0,0,1,0,차대차 - 기타,안전거리미확보,건조,맑음,단일로 - 기타,승용,남,65세,상해없음,승용,남,41세,경상
2023050100100215,2023년 5월 1일 12시,월요일,광주광역시 남구 주월동,경상사고,0,0,1,0,차대사람 - 기타,기타,건조,맑음,기타 - 기타,개인형이동수단(PM),남,17세,상해없음,보행자,남,43세,경상
2023050100100216,2023년 5월 1일 12시,월요일,광주광역시 광산구 신창동,중상사고,0,1,0,0,차대사람 - 횡단중,신호위반,건조,맑음,교차로 - 교차로안,승용,여,32세,상해없음,보행자,여,58세,중상
2023050100100246,2023년 5월 1일 13시,월요일,광주광역시 서구 풍암동,경상사고,0,0,1,0,차대사람 - 보도통행중,안전운전불이행,기타,기타,단일로 - 기타,개인형이동수단(PM),남,16세,상해없음,보행자,남,68세,경상
2023050100100341,2023년 5월 1일 15시,월요일,광주광역시 북구 용봉동,경상사고,0,0,1,0,차대사람 - 횡단중,안전운전불이행,건조,맑음,단일로 - 기타,화물,남,71세,상해없음,보행자,남,34세,경상
2023050100100342,2023년 5월 1일 15시,월요일,광주광역시 북구 중흥동,경상사고,0,0,1,0,차대사람 - 기타,안전운전불이행,건조,맑음,단일로 - 기타,승용,남,52세,상해없음,보행자,남,61세,경상
2023050100100343,2023년 5월 1일 15시,월요일,광주광역시 북구 오치동,경상사고,0,0,1,0,차대사람 - 보도통행중,신호위반,건조,맑음,교차로 - 교차로부근,승용,남,47세,상해없음,보행자,남,12세,경상
2023050100100388,2023년 5월 1일 16시,월요일,광주광역시 북구 운암동,경상사고,0,0,2,0,차대차 - 측면충돌,안전운전불이행,건조,맑음,단일로 - 기타,승용,남,61세,상해없음,승용,남,33세,경상
2023050100100501,2023년 5월 1일 19시,월요일,광주광역시 북구 두암동,경상사고,0,0,1,0,차대사람 - 기타,안전운전불이행,건조,맑음,교차로 - 교차로안,화물,남,59세,상해없음,보행자,여,67세,경상
2023050200100006,2023년 5월 2일 00시,화요일,광주광역시 서구 화정동,부상신고사고,0,0,0,1,차대차 - 기타,신호위반,건조,맑음,교차로 - 교차로안,원동기,남,44세,상해없음,자전거,남,22세,부상신고
2023050200100041,2023년 5월 2일 06시,화요일,광주광역시 서구 매월동,중상사고,0,2,1,0,차대차 - 추돌,안전운전불이행,건조,맑음,교차로 - 교차로부근,승용,남,72세,경상,승합,남,64세,상해없음
2023050200100060,2023년 5월 2일 07시,화요일,광주광역시 북구 지야동,경상사고,0,0,4,0,차대차 - 측면충돌,차로위반,건조,맑음,단일로 - 기타,화물,남,58세,상해없음,승용,여,53세,경상
2023050200100061,2023년 5월 2일 07시,화요일,광주광역시 북구 연제동,경상사고,0,0,2,0,차대차 - 추돌,안전운전불이행,건조,맑음,단일로 - 기타,승용,남,29세,기타불명,승용,남,30세,경상
2023050200100062,2023년 5월 2일 07시,화요일,광주광역시 북구 신안동,경상사고,0,0,1,0,차대차 - 측면충돌,안전운전불이행,건조,맑음,단일로 - 기타,승용,남,52세,상해없음,승용,남,47세,상해없음
2023050200100115,2023년 5월 2일 08시,화요일,광주광역시 서구 풍암동,중상사고,0,1,3,0,차대차 - 추돌,안전거리미확보,건조,맑음,단일로 - 기타,화물,남,38세,경상,화물,남,45세,경상
2023050200100151,2023년 5월 2일 09시,화요일,광주광역시 동구 월남동,경상사고,0,0,6,1,차대차 - 기타,안전운전불이행,건조,맑음,교차로 - 교차로부근,승용,남,29세,경상,승용,여,38세,경상
2023050200100152,2023년 5월 2일 09시,화요일,광주광역시 북구 두암동,경상사고,0,0,1,0,차대사람 - 기타,안전운전불이행,건조,맑음,기타 - 기타,승용,여,36세,상해없음,보행자,여,79세,경상
2023050200100153,2023년 5월 2일 09시,화요일,광주광역시 광산구 운수동,경상사고,0,0,1,0,차대차 - 측면충돌,안전운전불이행,건조,맑음,교차로 - 교차로부근,화물,남,53세,경상,화물,남,30세,상해없음
2023050200100188,2023년 5월 2일 10시,화요일,광주광역시 광산구 신창동,경상사고,0,0,1,0,차대차 - 추돌,안전운전불이행,건조,맑음,교차로 - 교차로부근,승용,남,66세,상해없음,승용,여,66세,경상
2023050200100189,2023년 5월 2일 10시,화요일,광주광역시 광산구 장덕동,경상사고,0,0,2,0,차대차 - 측면충돌,직진우회전진행방해,건조,맑음,교차로 - 교차로안,승용,여,32세,경상,승용,남,69세,경상
2023050200100221,2023년 5월 2일 11시,화요일,광주광역시 북구 풍향동,경상사고,0,0,1,0,차대사람 - 기타,안전운전불이행,건조,맑음,기타 - 기타,승용,남,59세,상해없음,보행자,남,29세,경상
2023050200100262,2023년 5월 2일 12시,화요일,광주광역시 남구 양림동,경상사고,0,0,1,0,차대사람 - 기타,안전운전불이행,건조,맑음,단일로 - 기타,승용,여,43세,상해없음,보행자,여,33세,경상
2023050200100263,2023년 5월 2일 12시,화요일,광주광역시 북구 두암동,중상사고,0,1,0,0,차대사람 - 횡단중,보행자보호의무위반,건조,맑음,교차로 - 교차로횡단보도내,승용,남,38세,상해없음,보행자,여,70세,중상
2023050200100293,2023년 5월 2일 13시,화요일,광주광역시 북구 운암동,경상사고,0,0,1,0,차대차 - 측면충돌,교차로운행방법위반,건조,맑음,교차로 - 교차로안,승용,남,44세,상해없음,승합,남,41세,경상
2023050200100294,2023년 5월 2일 13시,화요일,광주광역시 광산구 하남동,부상신고사고,0,0,0,1,차대차 - 측면충돌,교차로운행방법위반,건조,맑음,교차로 - 교차로안,이륜,남,47세,부상신고,화물,남,51세,상해없음
2023050200100338,2023년 5월 2일 14시,화요일,광주광역시 광산구 송정동,경상사고,0,0,1,0,차대차 - 기타,안전거리미확보,건조,맑음,교차로 - 교차로부근,승용,여,44세,상해없음,승용,남,54세,경상
2023050200100424,2023년 5월 2일 16시,화요일,광주광역시 동구 대인동,경상사고,0,0,1,0,차대차 - 기타,안전운전불이행,건조,맑음,기타 - 기타,승용,남,75세,상해없음,승용,남,33세,경상
2023050200100425,2023년 5월 2일 16시,화요일,광주광역시 북구 용봉동,경상사고,0,0,2,0,차대차 - 기타,안전거리미확보,건조,맑음,단일로 - 기타,승용,남,24세,경상,승용,여,32세,경상
2023050200100468,2023년 5월 2일 17시,화요일,광주광역시 서구 쌍촌동,경상사고,0,0,1,0,차대차 - 측면충돌,안전거리미확보,건조,맑음,교차로 - 교차로부근,이륜,남,30세,상해없음,승용,남,33세,경상
2023050200100469,2023년 5월 2일 17시,화요일,광주광역시 서구 광천동,경상사고,0,0,1,0,차대사람 - 길가장자리구역통행중,안전운전불이행,건조,맑음,단일로 - 기타,승용,남,44세,상해없음,보행자,남,63세,경상
2023050200100470,2023년 5월 2일 17시,화요일,광주광역시 서구 치평동,경상사고,0,0,1,0,차대차 - 기타,안전운전불이행,건조,맑음,교차로 - 교차로부근,자전거,남,61세,상해없음,승용,남,40세,경상
2023050200100515,2023년 5월 2일 18시,화요일,광주광역시 서구 치평동,경상사고,0,0,1,0,차대차 - 추돌,안전운전불이행,건조,맑음,단일로 - 기타,화물,남,57세,상해없음,승용,여,46세,경상
2023050200100516,2023년 5월 2일 18시,화요일,광주광역시 서구 쌍촌동,중상사고,0,1,0,0,차대차 - 측면충돌,안전운전불이행,건조,맑음,교차로 - 교차로횡단보도내,자전거,남,18세,중상,승용,여,32세,상해없음
2023050200100517,2023년 5월 2일 18시,화요일,광주광역시 서구 양동,경상사고,0,0,1,0,차대차 - 기타,안전운전불이행,건조,맑음,교차로 - 교차로부근,승용,남,38세,상해없음,승용,여,66세,경상
2023050200100546,2023년 5월 2일 19시,화요일,광주광역시 남구 봉선동,중상사고,0,1,0,0,차대사람 - 횡단중,안전운전불이행,건조,맑음,단일로 - 기타,승용,남,51세,상해없음,보행자,남,71세,중상
2023050200100570,2023년 5월 2일 20시,화요일,광주광역시 남구 봉선동,경상사고,0,0,2,0,차대차 - 측면충돌,안전거리미확보,건조,맑음,교차로 - 교차로안,승용,여,42세,경상,화물,남,51세,경상
2023050200100571,2023년 5월 2일 20시,화요일,광주광역시 북구 연제동,경상사고,0,0,1,0,차대차 - 측면충돌,신호위반,건조,맑음,교차로 - 교차로안,승용,여,45세,상해없음,승용,남,32세,경상
2023050200100603,2023년 5월 2일 21시,화요일,광주광역시 북구 신안동,경상사고,0,0,1,0,차대차 - 추돌,안전운전불이행,건조,맑음,단일로 - 기타,승용,남,56세,상해없음,승용,남,37세,경상
2023050200100616,2023년 5월 2일 22시,화요일,광주광역시 북구 용봉동,경상사고,0,0,1,0,차대차 - 정면충돌,안전운전불이행,건조,맑음,교차로 - 교차로부근,승용,여,52세,상해없음,이륜,남,38세,경상
2023050300100108,2023년 5월 3일 08시,수요일,광주광역시 북구 오룡동,중상사고,0,1,2,0,차대차 - 정면충돌,안전운전불이행,건조,맑음,교차로 - 교차로안,승용,여,59세,중상,승합,남,61세,경상
2023050300100109,2023년 5월 3일 08시,수요일,광주광역시 광산구 운수동,경상사고,0,0,1,0,차대차 - 측면충돌,안전거리미확보,건조,맑음,단일로 - 기타,화물,남,40세,상해없음,승용,남,24세,경상
2023050300100230,2023년 5월 3일 12시,수요일,광주광역시 남구 서동,경상사고,0,0,3,0,차대차 - 측면충돌,안전운전불이행,건조,맑음,교차로 - 교차로안,승용,남,63세,상해없음,화물,남,19세,경상
2023050300100231,2023년 5월 3일 12시,수요일,광주광역시 남구 서동,경상사고,0,0,1,0,차대차 - 추돌,안전운전불이행,건조,맑음,단일로 - 기타,자전거,남,98세 이상,경상,승용,여,25세,상해없음
2023050300100267,2023년 5월 3일 13시,수요일,광주광역시 서구 쌍촌동,경상사고,0,0,1,0,차대사람 - 횡단중,보행자보호의무위반,건조,맑음,교차로 - 교차로횡단보도내,승용,남,33세,상해없음,보행자,남,6세,경상
2023050300100268,2023년 5월 3일 13시,수요일,광주광역시 북구 양산동,부상신고사고,0,0,0,1,차대차 - 측면충돌,신호위반,건조,맑음,교차로 - 교차로안,개인형이동수단(PM),남,37세,부상신고,승용,여,53세,상해없음
2023050300100330,2023년 5월 3일 15시,수요일,광주광역시 북구 신안동,경상사고,0,0,1,0,차대차 - 측면충돌,안전운전불이행,건조,맑음,주차장 - 주차장,승용,여,62세,상해없음,승용,여,40세,경상
2023050300100331,2023년 5월 3일 15시,수요일,광주광역시 광산구 신창동,중상사고,0,1,0,0,차대차 - 기타,차로위반,건조,맑음,단일로 - 기타,자전거,남,57세,중상,승용,여,32세,상해없음
2023050300100448,2023년 5월 3일 18시,수요일,광주광역시 서구 금호동,경상사고,0,0,1,0,차대차 - 후진중충돌,안전운전불이행,건조,맑음,단일로 - 기타,승용,남,56세,상해없음,이륜,여,34세,경상
2023050300100506,2023년 5월 3일 20시,수요일,광주광역시 광산구 우산동,경상사고,0,0,1,0,차대사람 - 기타,안전운전불이행,건조,맑음,교차로 - 교차로부근,승용,남,69세,상해없음,보행자,남,31세,경상
2023050300100544,2023년 5월 3일 22시,수요일,광주광역시 남구 봉선동,중상사고,0,1,0,0,차대차 - 측면충돌,신호위반,건조,맑음,교차로 - 교차로안,승용,여,43세,기타불명,승용,남,54세,중상
2023050400100015,2023년 5월 4일 01시,목요일,광주광역시 남구 월산동,경상사고,0,0,3,0,차대차 - 측면충돌,안전거리미확보,건조,맑음,교차로 - 교차로부근,승용,남,23세,상해없음,승용,남,26세,경상
2023050400100016,2023년 5월 4일 01시,목요일,광주광역시 광산구 도천동,경상사고,0,0,1,0,차대차 - 기타,교차로운행방법위반,건조,맑음,교차로 - 교차로안,승용,여,49세,상해없음,원동기,남,50세,경상
2023050400100022,2023년 5월 4일 02시,목요일,광주광역시 광산구 수완동,경상사고,0,0,4,0,차대차 - 측면충돌,중앙선침범,건조,맑음,교차로 - 교차로부근,승용,남,31세,상해없음,승용,남,24세,경상
2023050400100067,2023년 5월 4일 07시,목요일,광주광역시 북구 신용동,경상사고,0,0,3,0,차대차 - 추돌,안전거리미확보,건조,흐림,단일로 - 기타,승용,여,40세,상해없음,승합,남,45세,상해없음
2023050400100142,2023년 5월 4일 09시,목요일,광주광역시 북구 신안동,중상사고,0,1,0,0,차대사람 - 기타,안전운전불이행,건조,흐림,단일로 - 기타,승용,여,74세,상해없음,보행자,여,22세,중상
2023050400100173,2023년 5월 4일 10시,목요일,광주광역시 동구 학동,경상사고,0,0,2,0,차대차 - 측면충돌,교차로운행방법위반,건조,맑음,교차로 - 교차로안,승용,남,24세,경상,승용,여,68세,경상
2023050400100174,2023년 5월 4일 10시,목요일,광주광역시 광산구 장덕동,경상사고,0,0,1,0,차대차 - 측면충돌,안전운전불이행,건조,맑음,단일로 - 기타,승용,여,64세,상해없음,승용,남,29세,경상
2023050400100208,2023년 5월 4일 11시,목요일,광주광역시 북구 유동,경상사고,0,0,1,0,차대차 - 기타,안전거리미확보,건조,맑음,교차로 - 교차로부근,승용,남,43세,상해없음,이륜,여,56세,경상
2023050400100280,2023년 5월 4일 13시,목요일,광주광역시 동구 계림동,경상사고,0,0,1,0,차대차 - 추돌,안전운전불이행,젖음/습기,비,교차로 - 교차로부근,승용,여,57세,상해없음,이륜,남,33세,경상
2023050400100281,2023년 5월 4일 13시,목요일,광주광역시 북구 연제동,경상사고,0,0,1,0,차대차 - 측면충돌,안전운전불이행,젖음/습기,비,교차로 - 교차로부근,승용,남,34세,기타불명,승용,여,62세,경상
2023050400100314,2023년 5월 4일 14시,목요일,광주광역시 광산구 장덕동,경상사고,0,0,2,0,차대차 - 기타,안전거리미확보,젖음/습기,비,단일로 - 기타,승합,남,38세,상해없음,승용,여,39세,경상
2023050400100351,2023년 5월 4일 15시,목요일,광주광역시 서구 쌍촌동,경상사고,0,0,2,0,차대차 - 기타,안전운전불이행,젖음/습기,맑음,교차로 - 교차로안,승용,여,54세,경상,이륜,남,31세,경상
2023050400100352,2023년 5월 4일 15시,목요일,광주광역시 서구 매월동,경상사고,0,0,1,1,차대차 - 기타,안전거리미확보,건조,맑음,단일로 - 기타,승용,여,34세,부상신고,화물,남,50세,상해없음
2023050400100353,2023년 5월 4일 15시,목요일,광주광역시 북구 임동,경상사고,0,0,1,0,차대사람 - 차도통행중,안전운전불이행,젖음/습기,비,단일로 - 기타,화물,남,33세,상해없음,보행자,남,44세,경상
2023050400100354,2023년 5월 4일 15시,목요일,광주광역시 광산구 월전동,중상사고,0,1,0,0,차대차 - 기타,안전거리미확보,건조,맑음,단일로 - 기타,승용,여,50세,상해없음,화물,남,53세,중상
2023050400100398,2023년 5월 4일 16시,목요일,광주광역시 서구 마륵동,경상사고,0,0,2,0,차대차 - 기타,안전거리미확보,건조,맑음,단일로 - 기타,승용,남,47세,상해없음,승용,남,65세,경상
2023050400100399,2023년 5월 4일 16시,목요일,광주광역시 광산구 산월동,중상사고,0,1,0,0,차대사람 - 보도통행중,보행자보호의무위반,건조,맑음,단일로 - 기타,승용,여,47세,상해없음,보행자,여,68세,중상
2023050400100437,2023년 5월 4일 17시,목요일,광주광역시 광산구 운남동,경상사고,0,0,1,0,차대차 - 추돌,안전운전불이행,젖음/습기,비,단일로 - 기타,이륜,남,16세,경상,승용,남,48세,상해없음
2023050400100438,2023년 5월 4일 17시,목요일,광주광역시 광산구 산정동,경상사고,0,0,1,0,차대사람 - 기타,안전운전불이행,건조,흐림,교차로 - 교차로안,화물,남,63세,상해없음,보행자,남,30세,경상
2023050400100493,2023년 5월 4일 18시,목요일,광주광역시 동구 지산동,경상사고,0,0,1,0,차대차 - 기타,안전운전불이행,건조,맑음,기타 - 기타,승용,남,22세,상해없음,이륜,남,22세,경상
2023050400100525,2023년 5월 4일 19시,목요일,광주광역시 동구 용산동,경상사고,0,0,2,0,차대차 - 측면충돌,신호위반,젖음/습기,비,교차로 - 교차로안,승용,남,55세,상해없음,승용,남,26세,경상
2023050400100526,2023년 5월 4일 19시,목요일,광주광역시 광산구 우산동,경상사고,0,0,1,0,차대차 - 기타,안전운전불이행,젖음/습기,맑음,단일로 - 기타,화물,남,62세,상해없음,승용,남,62세,경상
2023050400100559,2023년 5월 4일 20시,목요일,광주광역시 북구 용봉동,경상사고,0,0,1,0,차대사람 - 횡단중,신호위반,젖음/습기,흐림,교차로 - 교차로횡단보도내,이륜,남,21세,상해없음,보행자,남,18세,경상
2023050400100560,2023년 5월 4일 20시,목요일,광주광역시 광산구 도천동,경상사고,0,0,2,0,차대차 - 기타,신호위반,젖음/습기,비,교차로 - 교차로안,승용,여,39세,상해없음,승용,여,33세,경상
2023050400100561,2023년 5월 4일 20시,목요일,광주광역시 광산구 하남동,중상사고,0,1,0,0,차대사람 - 보도통행중,안전운전불이행,건조,맑음,단일로 - 기타,이륜,남,49세,상해없음,보행자,남,66세,중상
2023050400100562,2023년 5월 4일 20시,목요일,광주광역시 광산구 신창동,경상사고,0,0,1,0,차대차 - 측면충돌,안전운전불이행,젖음/습기,비,단일로 - 기타,승용,여,56세,상해없음,승용,여,41세,경상
2023050400100593,2023년 5월 4일 21시,목요일,광주광역시 서구 풍암동,경상사고,0,0,1,0,차대차 - 기타,안전운전불이행,젖음/습기,비,단일로 - 기타,승용,남,25세,상해없음,이륜,남,59세,경상
2023050400100594,2023년 5월 4일 21시,목요일,광주광역시 광산구 우산동,경상사고,0,0,2,0,차대차 - 측면충돌,안전거리미확보,젖음/습기,비,교차로 - 교차로부근,승용,남,46세,상해없음,승용,남,27세,경상
2023050400100610,2023년 5월 4일 22시,목요일,광주광역시 남구 주월동,경상사고,0,0,3,0,차대차 - 기타,안전운전불이행,젖음/습기,비,교차로 - 교차로안,승용,남,48세,상해없음,승용,여,36세,경상
2023050400100611,2023년 5월 4일 22시,목요일,광주광역시 광산구 우산동,경상사고,0,0,1,0,차대사람 - 횡단중,보행자보호의무위반,젖음/습기,비,교차로 - 교차로안,이륜,남,29세,상해없음,보행자,남,29세,경상
2023050400100612,2023년 5월 4일 22시,목요일,광주광역시 광산구 신가동,경상사고,0,0,1,0,차대차 - 측면충돌,안전거리미확보,젖음/습기,맑음,교차로 - 교차로안,승용,남,52세,상해없음,승용,남,24세,경상
2023050400100635,2023년 5월 4일 23시,목요일,광주광역시 남구 서동,경상사고,0,0,1,0,차대차 - 측면충돌,안전운전불이행,젖음/습기,비,교차로 - 교차로안,승용,남,25세,상해없음,이륜,남,27세,경상
2023050500100041,2023년 5월 5일 02시,금요일,광주광역시 서구 쌍촌동,경상사고,0,0,1,0,차대차 - 추돌,안전운전불이행,건조,맑음,교차로 - 교차로부근,승용,남,71세,상해없음,승용,남,61세,경상
2023050500100060,2023년 5월 5일 05시,금요일,광주광역시 서구 치평동,경상사고,0,0,1,0,차대사람 - 길가장자리구역통행중,안전운전불이행,젖음/습기,비,단일로 - 기타,승용,남,22세,상해없음,보행자,남,25세,경상
2023050500100061,2023년 5월 5일 05시,금요일,광주광역시 서구 쌍촌동,경상사고,0,0,2,0,차대차 - 후진중충돌,안전운전불이행,젖음/습기,비,단일로 - 기타,승용,남,22세,상해없음,승용,남,53세,상해없음
2023050500100062,2023년 5월 5일 05시,금요일,광주광역시 북구 본촌동,중상사고,0,1,0,0,차대사람 - 횡단중,신호위반,젖음/습기,비,교차로 - 교차로횡단보도내,승합,남,65세,상해없음,보행자,남,57세,중상
2023050500100080,2023년 5월 5일 07시,금요일,광주광역시 광산구 용곡동,경상사고,0,0,2,0,차대차 - 기타,안전운전불이행,젖음/습기,비,단일로 - 기타,승용,남,68세,기타불명,승용,남,62세,경상
2023050500100102,2023년 5월 5일 09시,금요일,광주광역시 북구 운암동,경상사고,0,0,2,0,차대차 - 측면충돌,교차로운행방법위반,젖음/습기,비,교차로 - 교차로안,승용,남,74세,상해없음,승용,남,22세,경상
2023050500100133,2023년 5월 5일 11시,금요일,광주광역시 광산구 수완동,경상사고,0,0,1,0,차대차 - 기타,교차로운행방법위반,젖음/습기,비,교차로 - 교차로부근,승용,여,70세,상해없음,승용,여,22세,경상
2023050500100159,2023년 5월 5일 12시,금요일,광주광역시 서구 쌍촌동,경상사고,0,0,3,0,차대차 - 기타,신호위반,젖음/습기,비,교차로 - 교차로안,승용,여,45세,경상,승용,남,66세,경상
2023050500100191,2023년 5월 5일 13시,금요일,광주광역시 북구 동림동,부상신고사고,0,0,0,3,차대차 - 추돌,안전운전불이행,젖음/습기,비,교차로 - 교차로안,승용,여,27세,상해없음,승용,남,49세,부상신고
2023050500100192,2023년 5월 5일 13시,금요일,광주광역시 광산구 도천동,경상사고,0,0,2,0,차대차 - 추돌,안전운전불이행,젖음/습기,비,교차로 - 교차로부근,승용,남,54세,상해없음,승용,여,33세,경상
2023050500100239,2023년 5월 5일 15시,금요일,광주광역시 광산구 월전동,경상사고,0,0,1,0,차대차 - 기타,신호위반,서리/결빙,비,교차로 - 교차로안,화물,남,74세,상해없음,화물,남,55세,경상
2023050500100263,2023년 5월 5일 16시,금요일,광주광역시 동구 대인동,경상사고,0,0,2,0,차대차 - 정면충돌,신호위반,젖음/습기,비,교차로 - 교차로안,승용,남,30세,상해없음,승용,남,34세,경상
2023050500100264,2023년 5월 5일 16시,금요일,광주광역시 서구 농성동,중상사고,0,1,4,0,차대차 - 기타,안전운전불이행,건조,맑음,교차로 - 교차로부근,승용,여,57세,경상,승용,여,52세,경상
2023050500100317,2023년 5월 5일 18시,금요일,광주광역시 동구 계림동,경상사고,0,0,2,0,차대차 - 추돌,안전운전불이행,젖음/습기,비,교차로 - 교차로부근,승용,남,54세,상해없음,승용,남,36세,경상
2023050500100318,2023년 5월 5일 18시,금요일,광주광역시 서구 내방동,부상신고사고,0,0,0,1,차대차 - 후진중충돌,안전운전불이행,건조,맑음,주차장 - 주차장,승용,남,61세,상해없음,승용,남,26세,부상신고
2023050500100319,2023년 5월 5일 18시,금요일,광주광역시 남구 월산동,중상사고,0,2,0,0,차대사람 - 횡단중,안전운전불이행,젖음/습기,비,교차로 - 교차로안,원동기,남,50세,상해없음,보행자,남,73세,중상
2023050500100320,2023년 5월 5일 18시,금요일,광주광역시 북구 오치동,경상사고,0,0,1,0,차대사람 - 보도통행중,신호위반,젖음/습기,비,교차로 - 교차로횡단보도내,승용,남,50세,상해없음,보행자,여,50세,경상
2023050500100385,2023년 5월 5일 20시,금요일,광주광역시 서구 쌍촌동,경상사고,0,0,4,1,차대차 - 기타,안전거리미확보,건조,맑음,단일로 - 기타,승용,남,51세,상해없음,승용,남,74세,경상