사고번호,사고일시,요일,시군구,사고내용,사망자수,중상자수,경상자수,부상신고자수,사고유형,법규위반,노면상태,기상상태,도로형태,가해운전자 차종,가해운전자 성별,가해운전자 연령,가해운전자 상해정도,피해운전자 차종,피해운전자 성별,피해운전자 연령,피해운전자 상해정도
2023051200100183,2023년 5월 12일 10시,금요일,광주광역시 북구 양산동,경상사고,0,0,2,0,차대차 - 기타,안전운전불이행,건조,맑음,교차로 - 교차로횡단보도내,승용,남,84세,상해없음,승용,여,60세,경상
2023051200100184,2023년 5월 12일 10시,금요일,광주광역시 광산구 도덕동,경상사고,0,0,1,0,차대차 - 측면충돌,안전거리미확보,건조,맑음,단일로 - 기타,승용,남,23세,상해없음,건설기계,남,58세,경상
2023051200100185,2023년 5월 12일 10시,금요일,광주광역시 광산구 도덕동,경상사고,0,0,1,0,차대차 - 추돌,안전거리미확보,건조,맑음,단일로 - 기타,화물,남,64세,상해없음,승용,남,69세,경상
2023051200100259,2023년 5월 12일 12시,금요일,광주광역시 남구 송하동,중상사고,0,1,1,0,차대차 - 측면충돌,교차로운행방법위반,건조,맑음,교차로 - 교차로안,승용,여,42세,상해없음,승용,남,77세,중상
2023051200100295,2023년 5월 12일 13시,금요일,광주광역시 남구 월산동,경상사고,0,0,1,0,차대차 - 측면충돌,안전거리미확보,건조,맑음,단일로 - 기타,화물,남,34세,상해없음,승용,남,38세,경상
2023051200100337,2023년 5월 12일 14시,금요일,광주광역시 북구 신안동,경상사고,0,0,1,0,차대차 - 추돌,안전운전불이행,건조,맑음,교차로 - 교차로부근,승용,남,54세,상해없음,승용,남,37세,경상
2023051200100465,2023년 5월 12일 17시,금요일,광주광역시 북구 신용동,부상신고사고,0,0,0,1,차대사람 - 기타,안전운전불이행,건조,맑음,주차장 - 주차장,승용,여,63세,상해없음,보행자,여,29세,부상신고
2023051200100466,2023년 5월 12일 17시,금요일,광주광역시 광산구 선암동,경상사고,0,0,1,0,차대차 - 측면충돌,안전거리미확보,건조,맑음,단일로 - 기타,승용,남,52세,상해없음,승용,남,70세,경상
2023051200100513,2023년 5월 12일 18시,금요일,광주광역시 남구 봉선동,경상사고,0,0,1,0,차대차 - 측면충돌,직진우회전진행방해,건조,맑음,교차로 - 교차로안,이륜,남,19세,상해없음,승용,남,51세,경상
2023051200100514,2023년 5월 12일 18시,금요일,광주광역시 광산구 우산동,경상사고,0,0,1,0,차대차 - 기타,안전운전불이행,건조,맑음,단일로 - 기타,승용,남,59세,상해없음,승용,여,55세,경상
2023051200100574,2023년 5월 12일 20시,금요일,광주광역시 광산구 하남동,부상신고사고,0,0,0,1,차량단독 - 기타,안전운전불이행,건조,맑음,교차로 - 교차로안,이륜,남,17세,부상신고,,,,
2023051200100629,2023년 5월 12일 22시,금요일,광주광역시 남구 송하동,경상사고,0,0,1,0,차대차 - 측면충돌,신호위반,젖음/습기,비,교차로 - 교차로안,승용,남,40세,상해없음,승용,남,53세,경상
2023051300100028,2023년 5월 13일 02시,토요일,광주광역시 광산구 신촌동,경상사고,0,0,1,0,차대차 - 측면충돌,차로위반,건조,맑음,단일로 - 기타,승용,남,73세,상해없음,승용,남,24세,경상
2023051300100064,2023년 5월 13일 06시,토요일,광주광역시 동구 장동,경상사고,0,0,1,0,차대차 - 기타,신호위반,건조,맑음,교차로 - 교차로안,승용,남,60세,상해없음,승용,남,31세,경상
2023051300100075,2023년 5월 13일 07시,토요일,광주광역시 서구 용두동,경상사고,0,0,1,0,차대차 - 기타,중앙선침범,건조,맑음,단일로 - 기타,자전거,남,12세,경상,승용,남,26세,상해없음
2023051300100105,2023년 5월 13일 08시,토요일,광주광역시 광산구 월계동,경상사고,0,0,1,1,차대차 - 측면충돌,직진우회전진행방해,건조,맑음,교차로 - 교차로안,이륜,남,19세,부상신고,승용,여,42세,경상
2023051300100132,2023년 5월 13일 09시,토요일,광주광역시 서구 양동,경상사고,0,0,4,0,차대차 - 측면충돌,안전운전불이행,건조,맑음,교차로 - 교차로부근,승용,여,43세,경상,승용,여,35세,상해없음
2023051300100133,2023년 5월 13일 09시,토요일,광주광역시 광산구 우산동,경상사고,0,0,1,0,차대차 - 측면충돌,불법유턴,건조,맑음,단일로 - 기타,화물,남,62세,기타불명,이륜,남,26세,경상
2023051300100203,2023년 5월 13일 11시,토요일,광주광역시 동구 지산동,경상사고,0,0,1,0,차대차 - 기타,안전운전불이행,건조,맑음,단일로 - 기타,승용,여,69세,상해없음,승용,남,28세,기타불명
2023051300100204,2023년 5월 13일 11시,토요일,광주광역시 북구 오치동,중상사고,0,1,0,0,차대사람 - 횡단중,보행자보호의무위반,건조,맑음,단일로 - 기타,승용,남,80세,상해없음,보행자,여,74세,중상
2023051300100243,2023년 5월 13일 12시,토요일,광주광역시 서구 동천동,경상사고,0,0,1,0,차대차 - 추돌,안전운전불이행,건조,맑음,교차로 - 교차로부근,승용,남,46세,상해없음,승용,남,62세,경상
2023051300100244,2023년 5월 13일 12시,토요일,광주광역시 남구 진월동,경상사고,0,0,1,0,차대차 - 추돌,안전운전불이행,건조,맑음,단일로 - 기타,승용,여,44세,상해없음,화물,남,64세,경상
2023051300100245,2023년 5월 13일 12시,토요일,광주광역시 남구 봉선동,경상사고,0,0,1,0,차대차 - 측면충돌,안전거리미확보,건조,맑음,단일로 - 기타,승용,남,75세,상해없음,승용,남,52세,경상
2023051300100246,2023년 5월 13일 12시,토요일,광주광역시 광산구 수완동,부상신고사고,0,0,0,1,차대차 - 기타,교차로운행방법위반,건조,맑음,교차로 - 교차로안,승용,여,45세,상해없음,개인형이동수단(PM),남,22세,부상신고
2023051300100336,2023년 5월 13일 14시,토요일,광주광역시 북구 임동,경상사고,0,0,1,0,차대사람 - 횡단중,안전운전불이행,건조,맑음,단일로 - 기타,승용,남,70세,상해없음,보행자,남,14세,경상
2023051300100372,2023년 5월 13일 15시,토요일,광주광역시 북구 생용동,경상사고,0,0,4,0,차대차 - 기타,안전운전불이행,건조,맑음,교차로 - 교차로안,승용,여,53세,상해없음,승용,남,39세,경상
2023051300100438,2023년 5월 13일 17시,토요일,광주광역시 남구 월산동,경상사고,0,0,1,0,차대차 - 후진중충돌,안전운전불이행,건조,맑음,단일로 - 기타,승용,남,61세,상해없음,개인형이동수단(PM),남,29세,경상
2023051300100439,2023년 5월 13일 17시,토요일,광주광역시 남구 봉선동,경상사고,0,0,4,0,차대차 - 측면충돌,교차로운행방법위반,건조,맑음,교차로 - 교차로안,승용,여,37세,상해없음,승용,남,53세,경상
2023051300100440,2023년 5월 13일 17시,토요일,광주광역시 서구 동천동,경상사고,0,0,3,0,차대차 - 추돌,안전운전불이행,건조,맑음,단일로 - 기타,승용,남,62세,상해없음,승용,남,35세,경상
2023051300100498,2023년 5월 13일 19시,토요일,광주광역시 광산구 도산동,중상사고,0,1,0,0,차대사람 - 기타,기타,건조,맑음,교차로 - 교차로안,승용,남,56세,상해없음,보행자,남,59세,중상
2023051300100525,2023년 5월 13일 20시,토요일,광주광역시 남구 봉선동,경상사고,0,0,1,0,차대차 - 추돌,안전운전불이행,건조,맑음,단일로 - 기타,승용,남,57세,상해없음,승용,남,31세,경상
2023051300100549,2023년 5월 13일 21시,토요일,광주광역시 북구 동림동,중상사고,0,1,1,0,차대차 - 기타,기타,건조,맑음,교차로 - 교차로부근,승용,남,31세,중상,승용,여,61세,경상
2023051300100550,2023년 5월 13일 21시,토요일,광주광역시 광산구 산월동,경상사고,0,0,2,0,차대차 - 추돌,안전운전불이행,건조,맑음,교차로 - 교차로안,승용,남,66세,상해없음,승용,남,21세,경상
2023051300100568,2023년 5월 13일 22시,토요일,광주광역시 남구 송하동,경상사고,0,0,2,0,차대차 - 추돌,안전운전불이행,건조,맑음,교차로 - 교차로부근,승용,남,38세,상해없음,승용,남,31세,경상
2023051300100569,2023년 5월 13일 22시,토요일,광주광역시 북구 문흥동,경상사고,0,0,3,0,차대차 - 추돌,안전운전불이행,건조,맑음,단일로 - 기타,승용,남,45세,상해없음,승용,남,65세,경상
2023051300100583,2023년 5월 13일 23시,토요일,광주광역시 서구 농성동,경상사고,0,0,2,0,차대차 - 기타,신호위반,건조,맑음,교차로 - 교차로안,승용,여,40세,기타불명,승용,여,55세,경상
2023051400100027,2023년 5월 14일 02시,일요일,광주광역시 서구 농성동,경상사고,0,0,1,0,차대차 - 기타,안전거리미확보,건조,맑음,단일로 - 기타,승용,남,25세,상해없음,승용,남,56세,경상
2023051400100060,2023년 5월 14일 08시,일요일,광주광역시 북구 운암동,중상사고,0,1,1,0,차대차 - 측면충돌,신호위반,건조,맑음,교차로 - 교차로안,승용,여,60세,상해없음,승용,남,66세,경상
2023051400100098,2023년 5월 14일 10시,일요일,광주광역시 북구 용봉동,경상사고,0,0,1,0,차대사람 - 기타,보행자보호의무위반,건조,맑음,교차로 - 교차로부근,승용,남,38세,상해없음,보행자,남,41세,경상
2023051400100153,2023년 5월 14일 12시,일요일,광주광역시 동구 산수동,중상사고,0,2,0,0,차대차 - 기타,직진우회전진행방해,건조,맑음,교차로 - 교차로안,승용,여,56세,기타불명,자전거,남,74세,중상
2023051400100189,2023년 5월 14일 13시,일요일,광주광역시 서구 농성동,경상사고,0,0,2,0,차대차 - 측면충돌,안전거리미확보,건조,맑음,교차로 - 교차로안,화물,남,63세,상해없음,승용,남,40세,경상
2023051400100227,2023년 5월 14일 14시,일요일,광주광역시 서구 화정동,경상사고,0,0,3,0,차대차 - 측면충돌,안전운전불이행,건조,맑음,단일로 - 기타,승용,여,61세,상해없음,승합,남,40세,경상
2023051400100265,2023년 5월 14일 15시,일요일,광주광역시 광산구 산정동,경상사고,0,0,2,0,차대차 - 측면충돌,교차로운행방법위반,건조,맑음,교차로 - 교차로안,승용,여,27세,상해없음,승용,남,27세,경상
2023051400100302,2023년 5월 14일 16시,일요일,광주광역시 서구 쌍촌동,경상사고,0,0,1,0,차대차 - 추돌,안전운전불이행,건조,맑음,교차로 - 교차로부근,승용,남,66세,상해없음,승용,남,37세,경상
2023051400100303,2023년 5월 14일 16시,일요일,광주광역시 서구 치평동,경상사고,0,0,1,0,차대차 - 추돌,안전운전불이행,건조,맑음,단일로 - 기타,승용,남,46세,상해없음,승용,여,53세,경상
2023051400100364,2023년 5월 14일 18시,일요일,광주광역시 광산구 송정동,중상사고,0,1,0,0,차대차 - 측면충돌,안전거리미확보,건조,맑음,단일로 - 기타,승용,남,58세,기타불명,이륜,남,49세,중상
2023051400100397,2023년 5월 14일 19시,일요일,광주광역시 광산구 월곡동,경상사고,0,0,1,0,차대사람 - 기타,안전운전불이행,건조,맑음,단일로 - 기타,승용,남,30세,상해없음,보행자,남,58세,경상
2023051400100429,2023년 5월 14일 20시,일요일,광주광역시 동구 대인동,부상신고사고,0,0,0,1,차량단독 - 기타,안전운전불이행,건조,맑음,교차로 - 교차로부근,자전거,남,66세,부상신고,,,,
2023051400100430,2023년 5월 14일 20시,일요일,광주광역시 북구 운암동,경상사고,0,0,1,0,차대차 - 기타,안전거리미확보,건조,맑음,단일로 - 교량,승용,여,19세,상해없음,승용,남,54세,상해없음
2023051400100451,2023년 5월 14일 21시,일요일,광주광역시 광산구 서봉동,경상사고,0,0,7,0,차대차 - 추돌,안전운전불이행,건조,맑음,교차로 - 교차로부근,화물,남,41세,경상,승용,여,47세,경상
2023051500100034,2023년 5월 15일 06시,월요일,광주광역시 서구 광천동,경상사고,0,0,1,0,차대차 - 추돌,안전운전불이행,건조,맑음,교차로 - 교차로부근,화물,남,57세,상해없음,승용,남,34세,경상
2023051500100072,2023년 5월 15일 07시,월요일,광주광역시 동구 산수동,중상사고,0,1,0,0,차대차 - 측면충돌,안전운전불이행,건조,맑음,단일로 - 기타,승용,남,32세,상해없음,이륜,남,24세,중상
2023051500100120,2023년 5월 15일 08시,월요일,광주광역시 서구 유촌동,경상사고,0,0,1,1,차대차 - 기타,안전운전불이행,건조,맑음,교차로 - 교차로부근,승용,여,58세,상해없음,승용,남,36세,경상
2023051500100121,2023년 5월 15일 08시,월요일,광주광역시 광산구 장덕동,경상사고,0,0,1,0,차대차 - 측면충돌,교차로운행방법위반,건조,맑음,교차로 - 교차로부근,화물,남,71세,기타불명,승용,남,43세,경상
2023051500100152,2023년 5월 15일 09시,월요일,광주광역시 북구 두암동,경상사고,0,0,1,0,차대사람 - 기타,보행자보호의무위반,건조,맑음,교차로 - 교차로횡단보도내,승용,여,57세,상해없음,보행자,여,62세,경상
2023051500100218,2023년 5월 15일 11시,월요일,광주광역시 북구 중흥동,경상사고,0,0,1,0,차대차 - 추돌,안전거리미확보,건조,맑음,단일로 - 기타,승용,남,52세,상해없음,승용,남,68세,경상
2023051500100288,2023년 5월 15일 13시,월요일,광주광역시 북구 운암동,경상사고,0,0,1,0,차대차 - 기타,안전운전불이행,건조,맑음,단일로 - 기타,승용,남,63세,기타불명,승용,여,38세,경상
2023051500100289,2023년 5월 15일 13시,월요일,광주광역시 북구 누문동,경상사고,0,0,1,0,차대차 - 기타,차로위반,기타,기타,단일로 - 기타,승용,남,26세,상해없음,승용,남,43세,경상
2023051500100401,2023년 5월 15일 16시,월요일,광주광역시 광산구 쌍암동,경상사고,0,0,1,0,차대차 - 기타,안전운전불이행,건조,맑음,단일로 - 기타,승용,여,54세,상해없음,개인형이동수단(PM),남,33세,경상
2023051500100447,2023년 5월 15일 17시,월요일,광주광역시 서구 풍암동,경상사고,0,0,2,0,차대차 - 측면충돌,교차로운행방법위반,건조,맑음,교차로 - 교차로안,승용,여,72세,경상,승용,여,63세,경상
2023051500100448,2023년 5월 15일 17시,월요일,광주광역시 남구 주월동,경상사고,0,0,1,0,차대사람 - 차도통행중,안전운전불이행,건조,맑음,단일로 - 기타,이륜,남,45세,상해없음,보행자,남,23세,경상
2023051500100449,2023년 5월 15일 17시,월요일,광주광역시 광산구 신촌동,경상사고,0,0,1,0,차대차 - 후진중충돌,안전운전불이행,건조,맑음,기타 - 기타,화물,남,63세,상해없음,승용,남,58세,경상
2023051500100490,2023년 5월 15일 18시,월요일,광주광역시 서구 쌍촌동,경상사고,0,0,2,0,차대차 - 기타,중앙선침범,건조,맑음,교차로 - 교차로부근,승용,남,34세,상해없음,승용,남,31세,경상
2023051500100516,2023년 5월 15일 19시,월요일,광주광역시 서구 풍암동,경상사고,0,0,1,0,차대차 - 기타,안전운전불이행,건조,맑음,단일로 - 기타,승용,여,60세,상해없음,승용,여,48세,경상
2023051500100517,2023년 5월 15일 19시,월요일,광주광역시 서구 쌍촌동,경상사고,0,0,2,0,차대차 - 측면충돌,직진우회전진행방해,건조,맑음,교차로 - 교차로안,이륜,남,28세,경상,승용,남,74세,경상
2023051500100518,2023년 5월 15일 19시,월요일,광주광역시 남구 백운동,경상사고,0,0,2,0,차대차 - 기타,교차로운행방법위반,건조,맑음,교차로 - 교차로안,승용,남,65세,상해없음,화물,남,29세,경상
2023051500100544,2023년 5월 15일 20시,월요일,광주광역시 서구 벽진동,경상사고,0,0,2,0,차대차 - 측면충돌,안전운전불이행,건조,맑음,교차로 - 교차로안,승용,여,53세,상해없음,승용,여,40세,경상
2023051500100596,2023년 5월 15일 23시,월요일,광주광역시 광산구 산월동,중상사고,0,1,0,0,차대차 - 추돌,안전운전불이행,건조,맑음,교차로 - 교차로안,승용,남,36세,상해없음,화물,남,46세,중상
2023051600100016,2023년 5월 16일 01시,화요일,광주광역시 북구 운암동,부상신고사고,0,0,0,1,차량단독 - 기타,안전운전불이행,건조,맑음,단일로 - 기타,승용,남,61세,상해없음,,,,
2023051600100070,2023년 5월 16일 07시,화요일,광주광역시 광산구 장록동,경상사고,0,0,1,0,차대차 - 기타,안전운전불이행,건조,맑음,교차로 - 교차로안,화물,남,53세,상해없음,승용,남,72세,경상
2023051600100112,2023년 5월 16일 08시,화요일,광주광역시 동구 금남로5가,경상사고,0,0,1,0,차대사람 - 횡단중,안전운전불이행,건조,맑음,단일로 - 기타,승용,남,37세,상해없음,보행자,여,78세,경상
2023051600100114,2023년 5월 16일 08시,화요일,광주광역시 북구 연제동,경상사고,0,0,1,0,차대사람 - 기타,안전운전불이행,건조,맑음,단일로 - 기타,승용,여,43세,상해없음,보행자,남,45세,경상
2023051600100115,2023년 5월 16일 08시,화요일,광주광역시 광산구 월계동,경상사고,0,0,1,0,차대차 - 측면충돌,안전운전불이행,건조,맑음,단일로 - 기타,개인형이동수단(PM),남,15세,경상,승합,남,50세,상해없음
2023051600100116,2023년 5월 16일 08시,화요일,광주광역시 광산구 운남동,경상사고,0,0,1,0,차대차 - 추돌,안전운전불이행,건조,맑음,단일로 - 기타,승용,남,22세,상해없음,승용,여,45세,경상
2023051600100191,2023년 5월 16일 10시,화요일,광주광역시 서구 화정동,경상사고,0,0,3,0,차대차 - 측면충돌,안전운전불이행,건조,맑음,교차로 - 교차로부근,승용,여,33세,경상,승용,여,31세,경상
2023051600100192,2023년 5월 16일 10시,화요일,광주광역시 남구 월산동,경상사고,0,0,1,0,차대차 - 추돌,안전거리미확보,건조,맑음,단일로 - 기타,승용,여,39세,상해없음,승용,남,21세,경상
2023051600100227,2023년 5월 16일 11시,화요일,광주광역시 광산구 도산동,경상사고,0,0,1,0,차대차 - 측면충돌,안전거리미확보,건조,맑음,단일로 - 기타,승용,남,26세,상해없음,승용,여,28세,경상
2023051600100299,2023년 5월 16일 13시,화요일,광주광역시 북구 문흥동,경상사고,0,0,1,0,차대차 - 추돌,안전운전불이행,건조,맑음,단일로 - 지하차도(도로)내,이륜,남,71세,상해없음,승용,남,64세,상해없음
2023051600100300,2023년 5월 16일 13시,화요일,광주광역시 광산구 월곡동,경상사고,0,0,1,0,차대사람 - 횡단중,신호위반,건조,맑음,교차로 - 교차로횡단보도내,승용,남,71세,상해없음,보행자,남,7세,경상
2023051600100338,2023년 5월 16일 14시,화요일,광주광역시 북구 용봉동,경상사고,0,0,1,0,차대사람 - 횡단중,신호위반,건조,맑음,교차로 - 교차로안,승용,남,63세,상해없음,보행자,남,29세,경상
2023051600100339,2023년 5월 16일 14시,화요일,광주광역시 북구 운암동,경상사고,0,0,2,0,차대차 - 기타,기타,건조,맑음,교차로 - 교차로안,건설기계,남,54세,기타불명,승용,여,35세,경상
2023051600100435,2023년 5월 16일 16시,화요일,광주광역시 서구 유촌동,경상사고,0,0,1,0,차대차 - 추돌,안전운전불이행,건조,맑음,교차로 - 교차로부근,이륜,남,64세,상해없음,승용,여,59세,경상
2023051600100436,2023년 5월 16일 16시,화요일,광주광역시 북구 두암동,경상사고,0,0,4,0,차대차 - 측면충돌,안전거리미확보,건조,맑음,단일로 - 기타,승용,남,50세,상해없음,승용,여,31세,경상
2023051600100494,2023년 5월 16일 17시,화요일,광주광역시 남구 양림동,경상사고,0,0,1,0,차대차 - 기타,안전운전불이행,건조,맑음,단일로 - 기타,승용,남,64세,기타불명,승용,남,27세,경상
2023051600100495,2023년 5월 16일 17시,화요일,광주광역시 북구 용봉동,부상신고사고,0,0,0,1,차대차 - 측면충돌,교차로운행방법위반,건조,맑음,교차로 - 교차로안,원동기,남,29세,부상신고,승용,여,48세,상해없음
2023051600100496,2023년 5월 16일 17시,화요일,광주광역시 북구 오치동,중상사고,0,1,0,0,차대사람 - 기타,안전운전불이행,건조,맑음,단일로 - 기타,화물,남,52세,상해없음,보행자,여,80세,중상
2023051600100497,2023년 5월 16일 17시,화요일,광주광역시 광산구 산월동,경상사고,0,0,1,0,차대사람 - 보도통행중,기타,건조,맑음,기타 - 기타,개인형이동수단(PM),남,30세,상해없음,보행자,여,29세,경상
2023051600100553,2023년 5월 16일 18시,화요일,광주광역시 남구 주월동,경상사고,0,0,1,0,차대차 - 측면충돌,안전운전불이행,건조,맑음,단일로 - 기타,이륜,남,26세,상해없음,자전거,남,68세,경상
2023051600100554,2023년 5월 16일 18시,화요일,광주광역시 광산구 월전동,중상사고,0,1,2,0,차대차 - 측면충돌,기타,건조,맑음,단일로 - 기타,화물,남,21세,경상,승용,여,62세,중상
2023051600100588,2023년 5월 16일 19시,화요일,광주광역시 북구 운암동,경상사고,0,0,1,0,차대차 - 기타,기타,건조,맑음,단일로 - 기타,승용,남,30세,상해없음,승용,남,62세,경상
2023051600100589,2023년 5월 16일 19시,화요일,광주광역시 광산구 하남동,경상사고,0,0,1,0,차대차 - 기타,직진우회전진행방해,건조,맑음,교차로 - 교차로안,승용,여,25세,상해없음,화물,남,32세,경상
2023051600100660,2023년 5월 16일 22시,화요일,광주광역시 서구 양동,경상사고,0,0,1,0,차대차 - 기타,안전운전불이행,건조,맑음,교차로 - 교차로횡단보도내,승용,남,33세,기타불명,자전거,남,60세,경상
2023051700100134,2023년 5월 17일 08시,수요일,광주광역시 남구 주월동,경상사고,0,0,1,0,차대사람 - 횡단중,안전운전불이행,건조,맑음,교차로 - 교차로횡단보도내,승용,여,50세,상해없음,보행자,여,26세,경상
2023051700100135,2023년 5월 17일 08시,수요일,광주광역시 광산구 신가동,경상사고,0,0,1,0,차대차 - 후진중충돌,안전운전불이행,건조,맑음,교차로 - 교차로부근,승용,여,57세,기타불명,승용,여,40세,경상
2023051700100265,2023년 5월 17일 11시,수요일,광주광역시 동구 서석동,경상사고,0,0,2,0,차대차 - 측면충돌,안전운전불이행,건조,맑음,교차로 - 교차로안,승용,남,73세,상해없음,승용,남,66세,경상
2023051700100266,2023년 5월 17일 11시,수요일,광주광역시 광산구 하남동,경상사고,0,0,1,0,차대차 - 측면충돌,안전운전불이행,건조,맑음,교차로 - 교차로안,화물,남,59세,상해없음,승용,남,20세,경상
2023051700100299,2023년 5월 17일 12시,수요일,광주광역시 서구 광천동,부상신고사고,0,0,0,1,차대차 - 측면충돌,안전운전불이행,건조,맑음,교차로 - 교차로안,건설기계,남,47세,상해없음,승용,여,50세,부상신고
2023051700100300,2023년 5월 17일 12시,수요일,광주광역시 서구 매월동,중상사고,0,1,1,0,차대차 - 측면충돌,교차로운행방법위반,건조,맑음,교차로 - 교차로안,이륜,남,65세,상해없음,화물,남,31세,중상
2023051700100301,2023년 5월 17일 12시,수요일,광주광역시 북구 신안동,경상사고,0,0,1,0,차량단독 - 공작물충돌,안전운전불이행,건조,맑음,단일로 - 기타,승용,남,81세,경상,,,,
2023051700100302,2023년 5월 17일 12시,수요일,광주광역시 북구 용봉동,경상사고,0,0,2,0,차대차 - 측면충돌,안전운전불이행,건조,맑음,교차로 - 교차로안,이륜,남,45세,경상,화물,남,43세,경상
2023051700100441,2023년 5월 17일 15시,수요일,광주광역시 동구 계림동,중상사고,0,1,0,0,차대차 - 기타,신호위반,건조,맑음,교차로 - 교차로안,이륜,남,40세,상해없음,자전거,여,56세,중상
2023051700100442,2023년 5월 17일 15시,수요일,광주광역시 동구 동명동,경상사고,0,0,1,0,차대차 - 기타,안전운전불이행,건조,맑음,교차로 - 교차로안,화물,남,43세,상해없음,이륜,남,83세,경상
2023051700100475,2023년 5월 17일 16시,수요일,광주광역시 북구 문흥동,경상사고,0,0,1,0,차대차 - 기타,안전운전불이행,건조,맑음,단일로 - 기타,승용,남,30세,상해없음,승용,남,64세,경상
2023051700100539,2023년 5월 17일 17시,수요일,광주광역시 서구 동천동,중상사고,0,1,0,0,차대차 - 측면충돌,직진우회전진행방해,건조,맑음,교차로 - 교차로안,승용,남,52세,상해없음,개인형이동수단(PM),남,34세,중상
2023051700100590,2023년 5월 17일 18시,수요일,광주광역시 서구 양동,경상사고,0,0,1,0,차대사람 - 길가장자리구역통행중,안전운전불이행,건조,맑음,단일로 - 기타,승용,여,58세,상해없음,보행자,여,58세,경상
2023051700100591,2023년 5월 17일 18시,수요일,광주광역시 북구 신용동,부상신고사고,0,0,0,1,차대사람 - 보도통행중,안전운전불이행,건조,맑음,기타 - 기타,이륜,남,33세,기타불명,보행자,여,4세,부상신고
2023051700100592,2023년 5월 17일 18시,수요일,광주광역시 광산구 월계동,경상사고,0,0,1,0,차대사람 - 기타,안전운전불이행,건조,맑음,단일로 - 기타,승용,남,58세,기타불명,보행자,남,38세,경상
2023051700100653,2023년 5월 17일 20시,수요일,광주광역시 서구 농성동,경상사고,0,0,2,0,차대차 - 추돌,안전운전불이행,건조,맑음,교차로 - 교차로부근,승용,남,60세,상해없음,승용,남,50세,경상
2023051700100654,2023년 5월 17일 20시,수요일,광주광역시 광산구 쌍암동,중상사고,0,1,0,0,차대차 - 측면충돌,안전운전불이행,건조,맑음,교차로 - 교차로부근,승용,남,69세,상해없음,이륜,남,41세,중상
2023051800100047,2023년 5월 18일 05시,목요일,광주광역시 서구 치평동,중상사고,0,1,2,0,차대차 - 측면충돌,신호위반,젖음/습기,비,교차로 - 교차로안,승용,남,73세,경상,승용,남,42세,경상
2023051800100064,2023년 5월 18일 06시,목요일,광주광역시 광산구 장덕동,경상사고,0,0,5,0,차대차 - 측면충돌,교차로운행방법위반,젖음/습기,비,교차로 - 교차로부근,승용,남,64세,경상,화물,남,32세,경상
2023051800100065,2023년 5월 18일 06시,목요일,광주광역시 광산구 월계동,경상사고,0,0,1,0,차대차 - 측면충돌,신호위반,젖음/습기,비,교차로 - 교차로안,승용,남,44세,상해없음,승용,남,31세,경상
2023051800100130,2023년 5월 18일 08시,목요일,광주광역시 남구 월산동,경상사고,0,0,1,0,차대차 - 측면충돌,교차로운행방법위반,젖음/습기,흐림,교차로 - 교차로안,승합,남,67세,상해없음,승용,남,69세,경상
2023051800100131,2023년 5월 18일 08시,목요일,광주광역시 광산구 신가동,경상사고,0,0,1,0,차대차 - 측면충돌,안전운전불이행,건조,흐림,교차로 - 교차로부근,승용,여,19세,상해없음,승합,남,57세,경상
2023051800100297,2023년 5월 18일 13시,목요일,광주광역시 서구 양동,부상신고사고,0,0,0,1,차대차 - 측면충돌,안전운전불이행,건조,맑음,교차로 - 교차로부근,자전거,남,76세,부상신고,화물,남,68세,상해없음
2023051800100334,2023년 5월 18일 14시,목요일,광주광역시 서구 풍암동,경상사고,0,0,1,0,차대차 - 추돌,안전운전불이행,건조,맑음,단일로 - 기타,승용,남,32세,상해없음,승용,여,29세,경상
2023051800100335,2023년 5월 18일 14시,목요일,광주광역시 남구 진월동,경상사고,0,0,2,0,차대사람 - 횡단중,보행자보호의무위반,젖음/습기,비,교차로 - 교차로횡단보도내,승용,남,72세,상해없음,보행자,여,8세,경상
2023051800100374,2023년 5월 18일 15시,목요일,광주광역시 서구 쌍촌동,경상사고,0,0,1,0,차대차 - 추돌,안전운전불이행,젖음/습기,비,교차로 - 교차로부근,승용,남,54세,상해없음,승용,남,76세,경상
2023051800100375,2023년 5월 18일 15시,목요일,광주광역시 서구 치평동,경상사고,0,0,1,0,차대차 - 기타,안전운전불이행,건조,맑음,단일로 - 기타,화물,남,38세,상해없음,승용,여,26세,경상
2023051800100376,2023년 5월 18일 15시,목요일,광주광역시 북구 운암동,경상사고,0,0,1,0,차대차 - 기타,안전운전불이행,젖음/습기,비,단일로 - 기타,승용,여,67세,상해없음,승용,남,34세,경상
2023051800100412,2023년 5월 18일 16시,목요일,광주광역시 서구 유촌동,경상사고,0,0,1,0,차대차 - 측면충돌,안전운전불이행,젖음/습기,비,교차로 - 교차로부근,화물,남,68세,상해없음,승용,여,61세,경상
2023051800100460,2023년 5월 18일 17시,목요일,광주광역시 서구 치평동,경상사고,0,0,1,0,차대차 - 측면충돌,신호위반,젖음/습기,비,교차로 - 교차로안,승용,남,32세,상해없음,승용,여,58세,경상
2023051800100462,2023년 5월 18일 17시,목요일,광주광역시 남구 봉선동,경상사고,0,0,1,0,차대사람 - 횡단중,보행자보호의무위반,젖음/습기,비,단일로 - 기타,승용,남,21세,상해없음,보행자,여,15세,경상
2023051800100463,2023년 5월 18일 17시,목요일,광주광역시 북구 운암동,경상사고,0,0,2,0,차대차 - 기타,안전거리미확보,젖음/습기,비,교차로 - 교차로안,승용,남,42세,상해없음,승용,남,47세,경상