사고번호,사고일시,요일,시군구,사고내용,사망자수,중상자수,경상자수,부상신고자수,사고유형,법규위반,노면상태,기상상태,도로형태,가해운전자 차종,가해운전자 성별,가해운전자 연령,가해운전자 상해정도,피해운전자 차종,피해운전자 성별,피해운전자 연령,피해운전자 상해정도
2023051800100515,2023년 5월 18일 18시,목요일,광주광역시 서구 마륵동,경상사고,0,0,1,0,차대차 - 측면충돌,안전운전불이행,건조,맑음,교차로 - 교차로안,승용,남,53세,상해없음,승용,여,42세,경상
2023051800100516,2023년 5월 18일 18시,목요일,광주광역시 북구 운암동,경상사고,0,0,2,0,차대차 - 측면충돌,중앙선침범,건조,맑음,단일로 - 기타,이륜,남,45세,상해없음,승용,여,35세,경상
2023051800100543,2023년 5월 18일 19시,목요일,광주광역시 서구 치평동,경상사고,0,0,2,0,차대차 - 기타,신호위반,젖음/습기,비,교차로 - 교차로안,화물,남,70세,상해없음,승용,여,42세,경상
2023051800100544,2023년 5월 18일 19시,목요일,광주광역시 서구 금호동,경상사고,0,0,2,0,차대차 - 추돌,안전거리미확보,젖음/습기,비,교차로 - 교차로부근,승용,여,37세,상해없음,승용,여,52세,경상
2023051800100545,2023년 5월 18일 19시,목요일,광주광역시 광산구 신가동,경상사고,0,0,1,0,차대사람 - 횡단중,안전운전불이행,젖음/습기,비,교차로 - 교차로안,승용,여,50세,상해없음,보행자,여,62세,경상
2023051800100591,2023년 5월 18일 21시,목요일,광주광역시 서구 치평동,경상사고,0,0,3,0,차대차 - 후진중충돌,안전운전불이행,건조,맑음,교차로 - 교차로부근,승용,남,66세,상해없음,승용,여,28세,경상
2023051800100613,2023년 5월 18일 22시,목요일,광주광역시 광산구 장덕동,경상사고,0,0,2,0,차대차 - 추돌,안전운전불이행,젖음/습기,흐림,단일로 - 기타,승용,남,63세,상해없음,승용,남,29세,경상
2023051800100623,2023년 5월 18일 23시,목요일,광주광역시 동구 산수동,중상사고,0,1,0,0,차대사람 - 기타,보행자보호의무위반,건조,맑음,교차로 - 교차로횡단보도내,승용,남,64세,상해없음,보행자,남,54세,중상
2023051900100022,2023년 5월 19일 02시,금요일,광주광역시 서구 농성동,경상사고,0,0,3,0,차대차 - 추돌,안전운전불이행,건조,맑음,교차로 - 교차로부근,승용,남,44세,상해없음,승용,남,40세,경상
2023051900100089,2023년 5월 19일 07시,금요일,광주광역시 광산구 송정동,중상사고,0,1,0,0,차대차 - 측면충돌,안전운전불이행,건조,맑음,단일로 - 기타,화물,남,56세,상해없음,승용,여,24세,중상
2023051900100133,2023년 5월 19일 08시,금요일,광주광역시 서구 유촌동,경상사고,0,0,1,0,차대사람 - 기타,안전운전불이행,건조,맑음,단일로 - 기타,승용,여,28세,상해없음,보행자,남,73세,경상
2023051900100134,2023년 5월 19일 08시,금요일,광주광역시 서구 쌍촌동,경상사고,0,0,2,0,차대차 - 측면충돌,교차로운행방법위반,건조,맑음,교차로 - 교차로안,승용,남,66세,경상,승용,여,28세,경상
2023051900100135,2023년 5월 19일 08시,금요일,광주광역시 남구 양림동,중상사고,0,1,0,0,차대사람 - 횡단중,안전운전불이행,건조,맑음,교차로 - 교차로안,승용,여,47세,상해없음,보행자,여,14세,중상
2023051900100136,2023년 5월 19일 08시,금요일,광주광역시 북구 양산동,경상사고,0,0,1,0,차대사람 - 횡단중,보행자보호의무위반,건조,맑음,교차로 - 교차로횡단보도내,승용,여,43세,상해없음,보행자,남,12세,경상
2023051900100137,2023년 5월 19일 08시,금요일,광주광역시 북구 중흥동,경상사고,0,0,2,0,차대차 - 기타,안전운전불이행,건조,맑음,단일로 - 기타,승용,여,32세,경상,승용,여,26세,경상
2023051900100221,2023년 5월 19일 10시,금요일,광주광역시 서구 치평동,중상사고,0,1,0,0,차대사람 - 기타,안전운전불이행,건조,맑음,단일로 - 기타,화물,남,56세,상해없음,보행자,남,49세,중상
2023051900100222,2023년 5월 19일 10시,금요일,광주광역시 서구 치평동,부상신고사고,0,0,0,2,차대차 - 측면충돌,안전운전불이행,건조,맑음,단일로 - 기타,승용,남,71세,기타불명,승용,남,41세,부상신고
2023051900100223,2023년 5월 19일 10시,금요일,광주광역시 광산구 우산동,경상사고,0,0,1,0,차대차 - 기타,안전운전불이행,건조,맑음,주차장 - 주차장,승용,여,51세,상해없음,자전거,남,67세,경상
2023051900100266,2023년 5월 19일 11시,금요일,광주광역시 동구 산수동,경상사고,0,0,1,0,차대사람 - 기타,안전운전불이행,건조,맑음,기타 - 기타,이륜,남,31세,상해없음,보행자,여,56세,경상
2023051900100267,2023년 5월 19일 11시,금요일,광주광역시 광산구 월계동,경상사고,0,0,1,0,차대차 - 기타,안전운전불이행,건조,맑음,교차로 - 교차로부근,승용,남,31세,상해없음,승용,남,42세,경상
2023051900100313,2023년 5월 19일 12시,금요일,광주광역시 서구 내방동,경상사고,0,0,3,0,차대차 - 추돌,안전운전불이행,건조,맑음,단일로 - 기타,승용,남,73세,기타불명,승용,여,49세,경상
2023051900100314,2023년 5월 19일 12시,금요일,광주광역시 서구 쌍촌동,경상사고,0,0,1,0,차대차 - 추돌,안전거리미확보,건조,맑음,단일로 - 기타,승용,여,69세,상해없음,승용,남,27세,경상
2023051900100315,2023년 5월 19일 12시,금요일,광주광역시 남구 행암동,경상사고,0,0,1,0,차대차 - 후진중충돌,안전운전불이행,건조,맑음,교차로 - 교차로부근,승용,여,74세,상해없음,화물,남,52세,경상
2023051900100356,2023년 5월 19일 13시,금요일,광주광역시 동구 동명동,경상사고,0,0,1,0,차대사람 - 기타,안전운전불이행,건조,맑음,단일로 - 기타,승용,남,33세,상해없음,보행자,여,64세,경상
2023051900100357,2023년 5월 19일 13시,금요일,광주광역시 서구 광천동,경상사고,0,0,1,0,차대차 - 측면충돌,안전운전불이행,건조,맑음,단일로 - 기타,승용,남,76세,상해없음,승용,남,29세,경상
2023051900100393,2023년 5월 19일 14시,금요일,광주광역시 북구 운암동,경상사고,0,0,1,0,차대사람 - 횡단중,신호위반,건조,맑음,교차로 - 교차로횡단보도내,승용,남,71세,상해없음,보행자,여,51세,경상
2023051900100424,2023년 5월 19일 15시,금요일,광주광역시 북구 일곡동,경상사고,0,0,1,0,차대차 - 측면충돌,교차로운행방법위반,건조,맑음,교차로 - 교차로안,승용,기타불명,미분류,기타불명,개인형이동수단(PM),남,15세,경상
2023051900100425,2023년 5월 19일 15시,금요일,광주광역시 북구 일곡동,경상사고,0,0,1,0,차대차 - 측면충돌,안전운전불이행,건조,맑음,단일로 - 기타,승용,여,30세,상해없음,승용,여,54세,경상
2023051900100426,2023년 5월 19일 15시,금요일,광주광역시 광산구 수완동,중상사고,0,1,0,0,차대차 - 기타,안전거리미확보,건조,맑음,단일로 - 기타,승용,여,72세,상해없음,화물,남,45세,중상
2023051900100469,2023년 5월 19일 16시,금요일,광주광역시 서구 동천동,부상신고사고,0,0,0,1,차대차 - 기타,불법유턴,건조,맑음,단일로 - 기타,화물,남,28세,상해없음,이륜,남,36세,부상신고
2023051900100527,2023년 5월 19일 17시,금요일,광주광역시 북구 문흥동,경상사고,0,0,1,0,차대사람 - 횡단중,신호위반,건조,맑음,교차로 - 교차로횡단보도내,이륜,남,42세,상해없음,보행자,남,6세,경상
2023051900100528,2023년 5월 19일 17시,금요일,광주광역시 광산구 월계동,경상사고,0,0,1,0,차대차 - 정면충돌,신호위반,건조,맑음,교차로 - 교차로부근,승용,여,63세,상해없음,이륜,남,25세,경상
2023051900100529,2023년 5월 19일 17시,금요일,광주광역시 광산구 우산동,경상사고,0,0,1,0,차대사람 - 기타,안전운전불이행,건조,맑음,단일로 - 기타,승합,남,49세,상해없음,보행자,여,52세,경상
2023051900100580,2023년 5월 19일 18시,금요일,광주광역시 서구 금호동,중상사고,0,1,0,0,차대차 - 정면충돌,안전운전불이행,건조,맑음,교차로 - 교차로안,승용,남,49세,상해없음,이륜,남,35세,중상
2023051900100581,2023년 5월 19일 18시,금요일,광주광역시 서구 풍암동,경상사고,0,0,4,0,차대차 - 기타,안전운전불이행,건조,맑음,단일로 - 기타,화물,남,65세,상해없음,승용,남,74세,경상
2023051900100582,2023년 5월 19일 18시,금요일,광주광역시 서구 화정동,경상사고,0,0,1,0,차대차 - 측면충돌,기타,건조,맑음,교차로 - 교차로부근,승용,남,28세,경상,승용,여,36세,기타불명
2023051900100583,2023년 5월 19일 18시,금요일,광주광역시 서구 화정동,중상사고,0,1,0,0,차대차 - 기타,차로위반,건조,맑음,교차로 - 교차로부근,승용,남,55세,상해없음,승용,남,32세,중상
2023051900100584,2023년 5월 19일 18시,금요일,광주광역시 북구 임동,중상사고,0,1,2,0,차대차 - 기타,안전운전불이행,건조,맑음,기타 - 기타,이륜,남,25세,중상,승용,여,54세,경상
2023051900100585,2023년 5월 19일 18시,금요일,광주광역시 북구 운암동,부상신고사고,0,0,0,2,차대차 - 추돌,안전거리미확보,건조,맑음,단일로 - 고가도로위,승용,여,60세,기타불명,승용,남,56세,부상신고
2023051900100617,2023년 5월 19일 19시,금요일,광주광역시 광산구 도천동,경상사고,0,0,1,0,차대차 - 측면충돌,직진우회전진행방해,건조,맑음,교차로 - 교차로안,승용,남,75세,상해없음,승용,남,57세,경상
2023051900100652,2023년 5월 19일 20시,금요일,광주광역시 광산구 하남동,경상사고,0,0,1,0,차대차 - 기타,신호위반,건조,맑음,교차로 - 교차로안,이륜,남,45세,기타불명,이륜,남,30세,경상
2023051900100711,2023년 5월 19일 22시,금요일,광주광역시 서구 농성동,경상사고,0,0,1,0,차대차 - 측면충돌,신호위반,건조,맑음,교차로 - 교차로안,승용,남,33세,상해없음,승용,여,34세,경상
2023051900100712,2023년 5월 19일 22시,금요일,광주광역시 북구 양산동,경상사고,0,0,1,0,차대차 - 기타,기타,건조,흐림,교차로 - 교차로안,승용,남,23세,상해없음,승용,남,57세,경상
2023052000100012,2023년 5월 20일 00시,토요일,광주광역시 광산구 수완동,경상사고,0,0,1,0,차대차 - 기타,안전운전불이행,건조,맑음,기타 - 기타,승용,남,33세,상해없음,승용,남,31세,상해없음
2023052000100022,2023년 5월 20일 01시,토요일,광주광역시 서구 유촌동,중상사고,0,2,3,0,차대차 - 측면충돌,신호위반,건조,맑음,교차로 - 교차로안,승용,남,24세,기타불명,승용,남,63세,경상
2023052000100031,2023년 5월 20일 02시,토요일,광주광역시 동구 계림동,경상사고,0,0,1,0,차량단독 - 기타,안전운전불이행,건조,맑음,단일로 - 기타,이륜,남,50세,경상,,,,
2023052000100050,2023년 5월 20일 04시,토요일,광주광역시 서구 쌍촌동,경상사고,0,0,2,0,차대차 - 추돌,안전운전불이행,건조,맑음,교차로 - 교차로부근,승용,여,24세,상해없음,승용,남,51세,경상
2023052000100129,2023년 5월 20일 09시,토요일,광주광역시 동구 소태동,중상사고,0,1,1,0,차대차 - 기타,안전운전불이행,건조,맑음,단일로 - 기타,승용,남,61세,상해없음,이륜,남,66세,중상
2023052000100170,2023년 5월 20일 10시,토요일,광주광역시 북구 본촌동,경상사고,0,0,1,0,차대차 - 측면충돌,안전거리미확보,건조,맑음,단일로 - 기타,승용,여,50세,상해없음,승용,남,47세,경상
2023052000100217,2023년 5월 20일 11시,토요일,광주광역시 서구 치평동,경상사고,0,0,2,0,차대차 - 측면충돌,안전거리미확보,건조,맑음,교차로 - 교차로부근,승용,남,33세,상해없음,승용,남,37세,경상
2023052000100218,2023년 5월 20일 11시,토요일,광주광역시 북구 각화동,경상사고,0,0,1,0,차대차 - 기타,신호위반,건조,맑음,교차로 - 교차로안,승용,남,37세,상해없음,승용,남,23세,경상
2023052000100219,2023년 5월 20일 11시,토요일,광주광역시 광산구 월계동,부상신고사고,0,0,0,1,차대차 - 측면충돌,안전거리미확보,건조,맑음,단일로 - 기타,승용,여,43세,상해없음,이륜,남,20세,부상신고
2023052000100267,2023년 5월 20일 12시,토요일,광주광역시 북구 일곡동,경상사고,0,0,2,0,차대차 - 기타,안전운전불이행,건조,맑음,교차로 - 교차로안,승용,남,58세,경상,승용,남,28세,경상
2023052000100313,2023년 5월 20일 13시,토요일,광주광역시 남구 봉선동,경상사고,0,0,1,0,차대사람 - 차도통행중,안전운전불이행,건조,맑음,교차로 - 교차로부근,승용,여,47세,상해없음,보행자,여,28세,경상
2023052000100314,2023년 5월 20일 13시,토요일,광주광역시 남구 봉선동,경상사고,0,0,1,0,차대차 - 추돌,안전운전불이행,건조,맑음,단일로 - 기타,승용,남,69세,상해없음,화물,남,49세,경상
2023052000100315,2023년 5월 20일 13시,토요일,광주광역시 북구 운암동,경상사고,0,0,5,0,차대차 - 추돌,안전거리미확보,건조,맑음,단일로 - 기타,승용,남,44세,상해없음,승용,여,26세,경상
2023052000100316,2023년 5월 20일 13시,토요일,광주광역시 광산구 송정동,경상사고,0,0,1,0,차대차 - 기타,안전운전불이행,건조,맑음,단일로 - 기타,승용,여,33세,상해없음,승용,남,32세,상해없음
2023052000100317,2023년 5월 20일 13시,토요일,광주광역시 광산구 신가동,경상사고,0,0,1,0,차대차 - 추돌,안전거리미확보,건조,맑음,단일로 - 기타,승용,여,46세,상해없음,승용,남,44세,경상
2023052000100363,2023년 5월 20일 14시,토요일,광주광역시 서구 마륵동,경상사고,0,0,2,0,차대차 - 측면충돌,안전거리미확보,건조,맑음,단일로 - 기타,승용,남,71세,상해없음,승용,남,31세,경상
2023052000100406,2023년 5월 20일 15시,토요일,광주광역시 북구 양산동,경상사고,0,0,1,0,차대차 - 추돌,불법유턴,건조,맑음,교차로 - 교차로부근,승용,남,71세,기타불명,승용,여,45세,경상
2023052000100478,2023년 5월 20일 17시,토요일,광주광역시 광산구 월전동,경상사고,0,0,2,0,차대차 - 추돌,안전운전불이행,건조,맑음,교차로 - 교차로부근,승용,남,65세,상해없음,승용,남,33세,경상
2023052000100503,2023년 5월 20일 18시,토요일,광주광역시 북구 용봉동,부상신고사고,0,0,0,1,차대차 - 기타,안전운전불이행,건조,맑음,단일로 - 기타,개인형이동수단(PM),남,14세,부상신고,승용,여,46세,상해없음
2023052000100504,2023년 5월 20일 18시,토요일,광주광역시 광산구 송정동,중상사고,0,1,0,0,차대차 - 기타,차로위반,건조,맑음,교차로 - 교차로부근,승용,남,38세,상해없음,승합,남,62세,상해없음
2023052000100567,2023년 5월 20일 20시,토요일,광주광역시 광산구 월곡동,경상사고,0,0,2,0,차대차 - 측면충돌,안전운전불이행,건조,맑음,교차로 - 교차로안,승용,남,62세,기타불명,승용,남,25세,경상
2023052000100596,2023년 5월 20일 21시,토요일,광주광역시 북구 운암동,경상사고,0,0,2,0,차대차 - 측면충돌,안전운전불이행,건조,맑음,단일로 - 기타,승용,남,44세,경상,승용,남,56세,경상
2023052000100612,2023년 5월 20일 22시,토요일,광주광역시 서구 치평동,중상사고,0,1,0,0,차대차 - 기타,신호위반,건조,맑음,교차로 - 교차로안,승용,남,69세,상해없음,원동기,남,41세,중상
2023052000100613,2023년 5월 20일 22시,토요일,광주광역시 광산구 장덕동,중상사고,0,1,1,0,차대차 - 기타,안전운전불이행,건조,맑음,단일로 - 기타,개인형이동수단(PM),남,18세,경상,이륜,남,26세,중상
2023052000100614,2023년 5월 20일 22시,토요일,광주광역시 광산구 신촌동,경상사고,0,0,1,0,차량단독 - 기타,기타,건조,맑음,단일로 - 기타,승용,남,57세,상해없음,,,,
2023052100100066,2023년 5월 21일 08시,일요일,광주광역시 광산구 쌍암동,경상사고,0,0,4,0,차대차 - 기타,안전운전불이행,건조,흐림,단일로 - 기타,승용,여,55세,기타불명,승용,남,81세,경상
2023052100100081,2023년 5월 21일 09시,일요일,광주광역시 서구 농성동,경상사고,0,0,1,0,차대차 - 기타,중앙선침범,건조,흐림,단일로 - 기타,이륜,남,61세,상해없음,이륜,남,43세,경상
2023052100100082,2023년 5월 21일 09시,일요일,광주광역시 북구 운암동,부상신고사고,0,0,0,1,차대차 - 기타,안전운전불이행,건조,맑음,교차로 - 교차로부근,승용,남,43세,상해없음,승용,남,42세,부상신고
2023052100100128,2023년 5월 21일 11시,일요일,광주광역시 북구 일곡동,경상사고,0,0,2,0,차대차 - 추돌,안전거리미확보,건조,맑음,교차로 - 교차로안,승용,남,27세,상해없음,승용,남,62세,경상
2023052100100129,2023년 5월 21일 11시,일요일,광주광역시 광산구 월계동,경상사고,0,0,3,0,차대차 - 측면충돌,안전거리미확보,건조,맑음,단일로 - 기타,승용,남,63세,상해없음,승용,남,48세,경상
2023052100100154,2023년 5월 21일 12시,일요일,광주광역시 북구 문흥동,경상사고,0,0,3,0,차대차 - 추돌,안전거리미확보,건조,맑음,단일로 - 기타,승용,여,36세,경상,승용,여,33세,경상
2023052100100157,2023년 5월 21일 12시,일요일,광주광역시 서구 마륵동,경상사고,0,0,2,0,차대차 - 측면충돌,중앙선침범,건조,맑음,단일로 - 기타,승용,남,70세,상해없음,승용,남,32세,경상
2023052100100222,2023년 5월 21일 14시,일요일,광주광역시 북구 신안동,경상사고,0,0,1,0,차대차 - 기타,안전거리미확보,건조,맑음,교차로 - 교차로안,승용,남,32세,상해없음,승용,남,21세,경상
2023052100100324,2023년 5월 21일 17시,일요일,광주광역시 북구 두암동,경상사고,0,0,1,0,차대차 - 추돌,안전운전불이행,건조,맑음,단일로 - 기타,승용,남,33세,상해없음,이륜,남,35세,경상
2023052100100396,2023년 5월 21일 20시,일요일,광주광역시 남구 원산동,경상사고,0,0,2,0,차대차 - 측면충돌,안전운전불이행,건조,맑음,단일로 - 기타,기타불명,기타불명,미분류,기타불명,승용,남,34세,경상
2023052100100397,2023년 5월 21일 20시,일요일,광주광역시 광산구 흑석동,중상사고,0,1,0,0,차대사람 - 횡단중,안전운전불이행,건조,맑음,교차로 - 교차로안,승용,여,37세,상해없음,보행자,남,63세,중상
2023052100100436,2023년 5월 21일 21시,일요일,광주광역시 서구 쌍촌동,경상사고,0,0,3,0,차대차 - 기타,교차로운행방법위반,건조,맑음,교차로 - 교차로안,승용,남,51세,경상,승용,남,24세,경상
2023052100100437,2023년 5월 21일 21시,일요일,광주광역시 광산구 산정동,경상사고,0,0,1,0,차대사람 - 횡단중,신호위반,건조,맑음,교차로 - 교차로부근,승용,남,26세,상해없음,보행자,남,63세,경상
2023052100100454,2023년 5월 21일 22시,일요일,광주광역시 서구 금호동,경상사고,0,0,1,0,차대차 - 기타,안전운전불이행,건조,맑음,단일로 - 기타,이륜,남,42세,상해없음,승용,남,47세,경상
2023052200100004,2023년 5월 22일 00시,월요일,광주광역시 광산구 도천동,경상사고,0,0,5,0,차대차 - 기타,신호위반,건조,맑음,교차로 - 교차로안,승합,남,66세,기타불명,승용,남,20세,기타불명
2023052200100098,2023년 5월 22일 08시,월요일,광주광역시 서구 치평동,경상사고,0,0,2,0,차대차 - 측면충돌,안전운전불이행,건조,맑음,교차로 - 교차로안,승용,여,27세,경상,승용,남,55세,경상
2023052200100128,2023년 5월 22일 09시,월요일,광주광역시 광산구 월곡동,경상사고,0,0,1,0,차대사람 - 기타,안전운전불이행,건조,맑음,단일로 - 기타,승합,남,66세,상해없음,보행자,여,33세,경상
2023052200100162,2023년 5월 22일 10시,월요일,광주광역시 북구 누문동,경상사고,0,0,1,0,차량단독 - 기타,안전운전불이행,건조,맑음,기타 - 기타,승합,남,59세,상해없음,,,,
2023052200100189,2023년 5월 22일 11시,월요일,광주광역시 서구 농성동,부상신고사고,0,0,0,1,차대사람 - 기타,안전운전불이행,건조,맑음,교차로 - 교차로안,승합,남,53세,상해없음,보행자,남,53세,부상신고
2023052200100190,2023년 5월 22일 11시,월요일,광주광역시 서구 유촌동,경상사고,0,0,2,0,차대차 - 기타,안전거리미확보,젖음/습기,비,단일로 - 기타,승용,남,69세,상해없음,승용,여,56세,경상
2023052200100302,2023년 5월 22일 14시,월요일,광주광역시 남구 주월동,경상사고,0,0,1,0,차대차 - 후진중충돌,안전운전불이행,건조,맑음,단일로 - 기타,승용,남,62세,상해없음,승용,여,31세,경상
2023052200100343,2023년 5월 22일 15시,월요일,광주광역시 광산구 월계동,경상사고,0,0,1,0,차대차 - 측면충돌,안전운전불이행,건조,맑음,교차로 - 교차로부근,승용,여,63세,기타불명,이륜,남,46세,경상
2023052200100344,2023년 5월 22일 15시,월요일,광주광역시 광산구 산정동,경상사고,0,0,1,0,차대차 - 추돌,안전거리미확보,건조,맑음,단일로 - 기타,승용,여,33세,상해없음,승용,남,33세,경상
2023052200100345,2023년 5월 22일 15시,월요일,광주광역시 광산구 장덕동,경상사고,0,0,1,0,차대차 - 측면충돌,안전거리미확보,건조,맑음,단일로 - 기타,승용,남,44세,상해없음,승용,여,42세,경상
2023052200100386,2023년 5월 22일 16시,월요일,광주광역시 서구 치평동,경상사고,0,0,1,0,차대차 - 추돌,안전운전불이행,건조,맑음,교차로 - 교차로안,승용,여,29세,상해없음,승용,남,36세,경상
2023052200100481,2023년 5월 22일 18시,월요일,광주광역시 북구 운암동,경상사고,0,0,1,0,차대차 - 측면충돌,안전운전불이행,건조,맑음,교차로 - 교차로안,승용,남,29세,상해없음,개인형이동수단(PM),남,13세,경상
2023052200100513,2023년 5월 22일 19시,월요일,광주광역시 서구 화정동,경상사고,0,0,1,0,차대차 - 추돌,안전운전불이행,건조,맑음,교차로 - 교차로부근,승용,여,67세,상해없음,이륜,남,37세,경상
2023052200100514,2023년 5월 22일 19시,월요일,광주광역시 남구 진월동,경상사고,0,0,2,0,차대차 - 기타,교차로운행방법위반,건조,맑음,교차로 - 교차로부근,승용,여,60세,상해없음,화물,남,29세,경상
2023052200100544,2023년 5월 22일 20시,월요일,광주광역시 서구 금호동,부상신고사고,0,0,0,1,차대차 - 추돌,안전운전불이행,건조,맑음,교차로 - 교차로부근,승용,남,65세,상해없음,승용,여,44세,부상신고
2023052200100578,2023년 5월 22일 21시,월요일,광주광역시 광산구 우산동,부상신고사고,0,0,0,1,차대사람 - 기타,안전운전불이행,건조,맑음,단일로 - 기타,승용,남,65세,상해없음,보행자,남,62세,부상신고
2023052200100595,2023년 5월 22일 22시,월요일,광주광역시 북구 매곡동,경상사고,0,0,1,0,차대차 - 기타,안전운전불이행,건조,맑음,기타 - 기타,승용,남,42세,기타불명,승용,남,56세,경상
2023052200100618,2023년 5월 22일 23시,월요일,광주광역시 북구 용전동,경상사고,0,0,2,0,차대차 - 추돌,안전운전불이행,건조,맑음,단일로 - 교량,승용,남,27세,경상,승용,여,52세,경상
2023052300100061,2023년 5월 23일 07시,화요일,광주광역시 동구 계림동,경상사고,0,0,2,0,차대차 - 측면충돌,신호위반,건조,맑음,교차로 - 교차로안,승용,남,64세,상해없음,승용,남,51세,경상
2023052300100112,2023년 5월 23일 08시,화요일,광주광역시 남구 주월동,경상사고,0,0,2,0,차대차 - 측면충돌,신호위반,건조,맑음,교차로 - 교차로안,승용,여,62세,경상,승용,여,42세,경상
2023052300100113,2023년 5월 23일 08시,화요일,광주광역시 서구 내방동,경상사고,0,0,3,0,차대차 - 기타,안전운전불이행,건조,맑음,교차로 - 교차로안,승합,여,59세,경상,개인형이동수단(PM),남,17세,경상
2023052300100114,2023년 5월 23일 08시,화요일,광주광역시 남구 봉선동,중상사고,0,1,0,0,차대차 - 측면충돌,직진우회전진행방해,건조,맑음,교차로 - 교차로안,승용,여,49세,상해없음,이륜,남,61세,중상
2023052300100162,2023년 5월 23일 09시,화요일,광주광역시 서구 동천동,경상사고,0,0,1,1,차대차 - 기타,안전운전불이행,건조,맑음,단일로 - 기타,승용,여,57세,부상신고,승용,남,35세,경상
2023052300100164,2023년 5월 23일 09시,화요일,광주광역시 광산구 신촌동,경상사고,0,0,1,0,차대차 - 측면충돌,신호위반,건조,맑음,단일로 - 기타,승용,남,63세,상해없음,자전거,남,73세,경상
2023052300100205,2023년 5월 23일 10시,화요일,광주광역시 남구 방림동,경상사고,0,0,1,0,차대차 - 추돌,안전거리미확보,건조,맑음,교차로 - 교차로부근,승용,남,74세,상해없음,승용,남,63세,경상
2023052300100206,2023년 5월 23일 10시,화요일,광주광역시 광산구 월곡동,경상사고,0,0,1,0,차대차 - 측면충돌,안전운전불이행,건조,맑음,단일로 - 기타,승용,여,63세,기타불명,승용,남,39세,경상
2023052300100354,2023년 5월 23일 14시,화요일,광주광역시 광산구 도천동,경상사고,0,0,1,0,차대차 - 측면충돌,안전거리미확보,건조,맑음,단일로 - 기타,승용,남,79세,상해없음,승용,여,35세,경상
2023052300100396,2023년 5월 23일 15시,화요일,광주광역시 북구 용봉동,경상사고,0,0,1,0,차대차 - 추돌,안전운전불이행,건조,맑음,단일로 - 기타,승용,여,34세,기타불명,승용,남,36세,경상
2023052300100439,2023년 5월 23일 16시,화요일,광주광역시 서구 양동,경상사고,0,0,2,0,차량단독 - 기타,안전거리미확보,건조,맑음,단일로 - 교량,승용,남,72세,상해없음,,,,
2023052300100440,2023년 5월 23일 16시,화요일,광주광역시 광산구 운수동,경상사고,0,0,1,0,차대차 - 측면충돌,차로위반,건조,맑음,단일로 - 기타,특수,남,43세,상해없음,승용,남,50세,경상
2023052300100495,2023년 5월 23일 17시,화요일,광주광역시 동구 금남로5가,경상사고,0,0,2,0,차대차 - 기타,안전거리미확보,건조,맑음,단일로 - 기타,승용,남,74세,상해없음,승용,남,31세,경상
2023052300100497,2023년 5월 23일 17시,화요일,광주광역시 광산구 월전동,경상사고,0,0,1,0,차대차 - 측면충돌,안전운전불이행,건조,맑음,단일로 - 기타,화물,남,61세,상해없음,자전거,남,26세,경상
2023052300100548,2023년 5월 23일 18시,화요일,광주광역시 광산구 하남동,경상사고,0,0,2,0,차대차 - 측면충돌,교차로운행방법위반,건조,맑음,교차로 - 교차로안,승용,남,48세,경상,승용,남,31세,경상
2023052300100583,2023년 5월 23일 19시,화요일,광주광역시 북구 일곡동,경상사고,0,0,1,0,차대차 - 측면충돌,안전운전불이행,건조,맑음,교차로 - 교차로부근,자전거,남,12세,경상,승합,남,68세,상해없음
2023052300100603,2023년 5월 23일 20시,화요일,광주광역시 서구 금호동,경상사고,0,0,1,0,차대차 - 기타,중앙선침범,건조,맑음,교차로 - 교차로부근,승용,남,43세,상해없음,자전거,남,11세,경상
2023052300100640,2023년 5월 23일 22시,화요일,광주광역시 서구 광천동,경상사고,0,0,1,0,차대차 - 기타,기타,건조,맑음,단일로 - 기타,승용,남,62세,기타불명,이륜,남,30세,경상
2023052300100641,2023년 5월 23일 22시,화요일,광주광역시 광산구 도산동,경상사고,0,0,1,1,차대차 - 추돌,안전거리미확보,건조,맑음,단일로 - 기타,승용,남,57세,상해없음,승용,남,54세,경상
2023052300100652,2023년 5월 23일 23시,화요일,광주광역시 북구 용봉동,경상사고,0,0,1,0,차량단독 - 기타,안전운전불이행,건조,맑음,단일로 - 기타,승용,남,73세,기타불명,,,,
2023052400100010,2023년 5월 24일 00시,수요일,광주광역시 서구 풍암동,경상사고,0,0,1,0,차대차 - 정면충돌,중앙선침범,젖음/습기,흐림,교차로 - 교차로안,승용,남,30세,상해없음,승용,남,54세,경상
2023052400100016,2023년 5월 24일 01시,수요일,광주광역시 북구 용봉동,경상사고,0,0,1,0,차대차 - 기타,안전운전불이행,건조,맑음,단일로 - 기타,승용,남,53세,상해없음,이륜,남,51세,경상
2023052400100084,2023년 5월 24일 07시,수요일,광주광역시 북구 운암동,경상사고,0,0,1,0,차대차 - 측면충돌,안전거리미확보,건조,맑음,단일로 - 기타,승용,남,51세,기타불명,승용,여,50세,경상
2023052400100135,2023년 5월 24일 08시,수요일,광주광역시 서구 농성동,경상사고,0,0,1,0,차대차 - 측면충돌,교차로운행방법위반,건조,맑음,교차로 - 교차로안,승용,남,56세,상해없음,승합,남,25세,상해없음
2023052400100136,2023년 5월 24일 08시,수요일,광주광역시 광산구 우산동,경상사고,0,0,1,1,차대차 - 측면충돌,직진우회전진행방해,건조,맑음,교차로 - 교차로안,승용,여,30세,부상신고,화물,남,61세,경상