사고번호,사고일시,요일,시군구,사고내용,사망자수,중상자수,경상자수,부상신고자수,사고유형,법규위반,노면상태,기상상태,도로형태,가해운전자 차종,가해운전자 성별,가해운전자 연령,가해운전자 상해정도,피해운전자 차종,피해운전자 성별,피해운전자 연령,피해운전자 상해정도
2023052400100137,2023년 5월 24일 08시,수요일,광주광역시 광산구 월계동,경상사고,0,0,1,1,차대차 - 측면충돌,안전거리미확보,건조,맑음,단일로 - 기타,승용,남,78세,부상신고,승용,여,46세,경상
2023052400100138,2023년 5월 24일 08시,수요일,광주광역시 광산구 월전동,경상사고,0,0,2,0,차대차 - 추돌,교차로운행방법위반,건조,맑음,교차로 - 교차로부근,화물,남,60세,경상,승용,남,29세,경상
2023052400100179,2023년 5월 24일 09시,수요일,광주광역시 동구 계림동,경상사고,0,0,2,0,차대차 - 측면충돌,안전거리미확보,건조,맑음,단일로 - 기타,승용,여,73세,상해없음,승용,남,41세,경상
2023052400100180,2023년 5월 24일 09시,수요일,광주광역시 북구 양산동,경상사고,0,0,2,0,차대차 - 기타,안전운전불이행,건조,맑음,단일로 - 기타,승용,여,36세,경상,승용,여,46세,경상
2023052400100209,2023년 5월 24일 10시,수요일,광주광역시 북구 동림동,경상사고,0,0,1,0,차대차 - 추돌,안전거리미확보,건조,맑음,단일로 - 기타,화물,남,64세,상해없음,승용,여,56세,경상
2023052400100210,2023년 5월 24일 10시,수요일,광주광역시 광산구 신창동,중상사고,0,1,0,0,차대차 - 기타,안전운전불이행,건조,맑음,기타 - 기타,화물,남,30세,상해없음,개인형이동수단(PM),여,19세,중상
2023052400100294,2023년 5월 24일 13시,수요일,광주광역시 북구 각화동,경상사고,0,0,2,0,차대차 - 기타,안전운전불이행,건조,맑음,단일로 - 기타,화물,남,49세,기타불명,승용,여,50세,경상
2023052400100365,2023년 5월 24일 15시,수요일,광주광역시 서구 금호동,경상사고,0,0,1,0,차대차 - 기타,안전운전불이행,건조,맑음,단일로 - 기타,승용,여,32세,상해없음,승용,여,50세,경상
2023052400100366,2023년 5월 24일 15시,수요일,광주광역시 북구 본촌동,경상사고,0,0,3,0,차대차 - 기타,안전운전불이행,건조,맑음,교차로 - 교차로부근,승용,남,48세,상해없음,승합,남,64세,상해없음
2023052400100402,2023년 5월 24일 16시,수요일,광주광역시 서구 쌍촌동,경상사고,0,0,2,0,차대차 - 기타,안전운전불이행,건조,맑음,단일로 - 기타,승용,남,39세,상해없음,승용,여,44세,경상
2023052400100451,2023년 5월 24일 17시,수요일,광주광역시 남구 방림동,경상사고,0,0,4,0,차대차 - 측면충돌,교차로운행방법위반,건조,맑음,교차로 - 교차로안,화물,남,57세,경상,승용,남,49세,경상
2023052400100498,2023년 5월 24일 18시,수요일,광주광역시 남구 주월동,경상사고,0,0,1,0,차대사람 - 횡단중,보행자보호의무위반,건조,맑음,단일로 - 기타,이륜,여,61세,상해없음,보행자,남,9세,경상
2023052400100499,2023년 5월 24일 18시,수요일,광주광역시 북구 오치동,경상사고,0,0,1,0,차대차 - 측면충돌,안전거리미확보,건조,맑음,단일로 - 기타,승용,여,45세,상해없음,승용,여,23세,경상
2023052400100500,2023년 5월 24일 18시,수요일,광주광역시 광산구 장덕동,경상사고,0,0,1,0,차대사람 - 보도통행중,기타,건조,맑음,기타 - 기타,개인형이동수단(PM),여,15세,상해없음,보행자,남,17세,경상
2023052400100545,2023년 5월 24일 20시,수요일,광주광역시 동구 월남동,경상사고,0,0,3,0,차대차 - 추돌,안전거리미확보,건조,맑음,기타 - 기타,승용,여,49세,상해없음,승용,남,52세,경상
2023052400100563,2023년 5월 24일 21시,수요일,광주광역시 동구 금남로3가,경상사고,0,0,3,0,차대차 - 기타,신호위반,건조,맑음,교차로 - 교차로안,승용,남,27세,상해없음,승용,남,19세,경상
2023052400100564,2023년 5월 24일 21시,수요일,광주광역시 서구 치평동,경상사고,0,0,1,0,차대차 - 측면충돌,안전운전불이행,건조,맑음,교차로 - 교차로부근,승용,여,49세,기타불명,승용,남,65세,경상
2023052400100565,2023년 5월 24일 21시,수요일,광주광역시 북구 생용동,경상사고,0,0,1,0,차대차 - 기타,직진우회전진행방해,건조,맑음,단일로 - 기타,승용,남,41세,상해없음,자전거,여,75세,경상
2023052400100566,2023년 5월 24일 21시,수요일,광주광역시 북구 운암동,부상신고사고,0,0,0,1,차대사람 - 기타,안전운전불이행,건조,맑음,기타 - 기타,승용,남,36세,상해없음,보행자,남,50세,부상신고
2023052400100599,2023년 5월 24일 23시,수요일,광주광역시 북구 동림동,부상신고사고,0,0,0,1,차대차 - 측면충돌,교차로운행방법위반,건조,맑음,교차로 - 교차로안,승용,남,35세,상해없음,승용,남,25세,부상신고
2023052500100008,2023년 5월 25일 00시,목요일,광주광역시 서구 쌍촌동,경상사고,0,0,2,0,차대차 - 추돌,안전운전불이행,건조,맑음,단일로 - 기타,승용,남,36세,상해없음,승용,남,39세,기타불명
2023052500100009,2023년 5월 25일 00시,목요일,광주광역시 북구 중흥동,경상사고,0,0,3,0,차대차 - 추돌,안전운전불이행,건조,맑음,교차로 - 교차로부근,승용,남,35세,상해없음,승용,남,52세,경상
2023052500100018,2023년 5월 25일 02시,목요일,광주광역시 북구 용봉동,경상사고,0,0,1,0,차대차 - 기타,안전거리미확보,건조,맑음,교차로 - 교차로부근,이륜,남,28세,상해없음,자전거,남,28세,경상
2023052500100033,2023년 5월 25일 04시,목요일,광주광역시 서구 금호동,경상사고,0,0,1,0,차대차 - 기타,교차로운행방법위반,건조,맑음,교차로 - 교차로안,승용,남,62세,상해없음,승용,여,60세,경상
2023052500100161,2023년 5월 25일 09시,목요일,광주광역시 북구 신안동,경상사고,0,0,1,0,차대차 - 추돌,안전운전불이행,건조,맑음,교차로 - 교차로안,승용,남,59세,상해없음,승용,남,47세,경상
2023052500100191,2023년 5월 25일 10시,목요일,광주광역시 서구 쌍촌동,경상사고,0,0,1,0,차대사람 - 기타,안전운전불이행,건조,맑음,교차로 - 교차로부근,기타불명,기타불명,미분류,기타불명,보행자,여,26세,경상
2023052500100192,2023년 5월 25일 10시,목요일,광주광역시 북구 신용동,경상사고,0,0,1,0,차대차 - 측면충돌,신호위반,건조,맑음,교차로 - 교차로횡단보도내,승용,남,52세,상해없음,자전거,남,44세,경상
2023052500100193,2023년 5월 25일 10시,목요일,광주광역시 광산구 비아동,경상사고,0,0,1,0,차대차 - 측면충돌,직진우회전진행방해,건조,맑음,교차로 - 교차로안,승용,남,47세,상해없음,승용,남,46세,경상
2023052500100219,2023년 5월 25일 11시,목요일,광주광역시 동구 서석동,중상사고,0,1,0,0,차대사람 - 차도통행중,안전운전불이행,건조,맑음,단일로 - 기타,이륜,남,59세,상해없음,보행자,여,70세,중상
2023052500100249,2023년 5월 25일 12시,목요일,광주광역시 서구 농성동,경상사고,0,0,1,0,차대차 - 측면충돌,안전운전불이행,건조,맑음,단일로 - 기타,승용,남,45세,상해없음,승용,여,29세,경상
2023052500100250,2023년 5월 25일 12시,목요일,광주광역시 광산구 우산동,경상사고,0,0,2,0,차대차 - 추돌,안전운전불이행,건조,맑음,단일로 - 기타,승용,남,35세,상해없음,승용,남,65세,경상
2023052500100282,2023년 5월 25일 13시,목요일,광주광역시 북구 두암동,경상사고,0,0,1,0,차대차 - 측면충돌,안전거리미확보,건조,맑음,교차로 - 교차로부근,승용,남,65세,상해없음,승용,남,63세,경상
2023052500100358,2023년 5월 25일 15시,목요일,광주광역시 광산구 소촌동,중상사고,0,1,0,0,차대사람 - 차도통행중,안전운전불이행,건조,맑음,기타 - 기타,승용,여,56세,기타불명,보행자,남,10세,중상
2023052500100403,2023년 5월 25일 16시,목요일,광주광역시 서구 유촌동,경상사고,0,0,1,0,차대차 - 측면충돌,안전거리미확보,건조,맑음,단일로 - 기타,화물,남,72세,상해없음,승용,여,42세,경상
2023052500100404,2023년 5월 25일 16시,목요일,광주광역시 북구 용두동,경상사고,0,0,2,0,차대차 - 정면충돌,중앙선침범,건조,맑음,단일로 - 기타,승용,남,53세,상해없음,승용,여,51세,경상
2023052500100482,2023년 5월 25일 18시,목요일,광주광역시 서구 내방동,경상사고,0,0,1,0,차대차 - 기타,안전운전불이행,건조,맑음,단일로 - 기타,승용,남,47세,상해없음,승합,남,53세,상해없음
2023052500100483,2023년 5월 25일 18시,목요일,광주광역시 북구 문흥동,중상사고,0,1,0,0,차대차 - 측면충돌,안전운전불이행,건조,맑음,교차로 - 교차로안,자전거,남,68세,중상,승용,여,26세,상해없음
2023052500100548,2023년 5월 25일 20시,목요일,광주광역시 동구 대인동,경상사고,0,0,3,0,차대차 - 정면충돌,신호위반,건조,맑음,교차로 - 교차로안,승용,남,24세,상해없음,승용,남,60세,경상
2023052500100549,2023년 5월 25일 20시,목요일,광주광역시 광산구 월곡동,경상사고,0,0,1,0,차대차 - 기타,안전운전불이행,건조,맑음,단일로 - 기타,승용,여,50세,상해없음,이륜,남,30세,경상
2023052500100550,2023년 5월 25일 20시,목요일,광주광역시 광산구 비아동,경상사고,0,0,1,0,차대차 - 추돌,안전운전불이행,건조,맑음,단일로 - 기타,승용,남,51세,상해없음,개인형이동수단(PM),남,47세,경상
2023052600100009,2023년 5월 26일 00시,금요일,광주광역시 북구 용봉동,경상사고,0,0,1,0,차대사람 - 기타,안전운전불이행,건조,흐림,단일로 - 기타,승용,남,71세,상해없음,보행자,남,39세,경상
2023052600100076,2023년 5월 26일 07시,금요일,광주광역시 광산구 소촌동,경상사고,0,0,1,0,차대차 - 추돌,안전운전불이행,건조,맑음,교차로 - 교차로부근,승용,여,58세,기타불명,화물,남,50세,상해없음
2023052600100161,2023년 5월 26일 09시,금요일,광주광역시 서구 쌍촌동,경상사고,0,0,1,0,차대차 - 측면충돌,중앙선침범,건조,맑음,단일로 - 기타,승용,남,87세,상해없음,이륜,남,46세,경상
2023052600100201,2023년 5월 26일 10시,금요일,광주광역시 서구 농성동,중상사고,0,1,0,0,차대사람 - 보도통행중,안전운전불이행,건조,맑음,주차장 - 주차장,화물,남,62세,상해없음,보행자,여,66세,중상
2023052600100202,2023년 5월 26일 10시,금요일,광주광역시 북구 오치동,부상신고사고,0,0,0,1,차대차 - 추돌,안전운전불이행,건조,맑음,단일로 - 기타,이륜,남,36세,부상신고,승용,여,48세,상해없음
2023052600100203,2023년 5월 26일 10시,금요일,광주광역시 북구 운암동,경상사고,0,0,1,0,차대차 - 측면충돌,안전운전불이행,건조,맑음,교차로 - 교차로안,건설기계,남,62세,상해없음,승용,여,27세,경상
2023052600100242,2023년 5월 26일 11시,금요일,광주광역시 북구 두암동,경상사고,0,0,1,0,차대차 - 기타,중앙선침범,건조,맑음,단일로 - 기타,승용,남,64세,상해없음,이륜,남,44세,상해없음
2023052600100438,2023년 5월 26일 16시,금요일,광주광역시 동구 소태동,부상신고사고,0,0,0,1,차대차 - 기타,안전운전불이행,건조,맑음,교차로 - 교차로안,이륜,남,17세,부상신고,승용,남,74세,상해없음
2023052600100439,2023년 5월 26일 16시,금요일,광주광역시 북구 동림동,경상사고,0,0,1,0,차대사람 - 기타,안전운전불이행,건조,맑음,주차장 - 주차장,승용,남,51세,상해없음,보행자,남,50세,경상
2023052600100501,2023년 5월 26일 17시,금요일,광주광역시 서구 쌍촌동,경상사고,0,0,1,0,차대차 - 측면충돌,안전거리미확보,건조,맑음,단일로 - 기타,승용,남,27세,상해없음,승용,여,56세,경상
2023052600100502,2023년 5월 26일 17시,금요일,광주광역시 남구 월산동,중상사고,0,1,0,0,차대사람 - 횡단중,보행자보호의무위반,건조,맑음,단일로 - 기타,승용,여,57세,상해없음,보행자,남,11세,중상
2023052600100555,2023년 5월 26일 18시,금요일,광주광역시 서구 매월동,경상사고,0,0,1,0,차대차 - 기타,교차로운행방법위반,건조,맑음,교차로 - 교차로안,화물,남,50세,상해없음,승용,남,32세,경상
2023052600100556,2023년 5월 26일 18시,금요일,광주광역시 남구 주월동,경상사고,0,0,1,1,차대차 - 기타,안전거리미확보,건조,맑음,단일로 - 기타,승용,남,23세,상해없음,승합,남,44세,상해없음
2023052600100557,2023년 5월 26일 18시,금요일,광주광역시 북구 운암동,부상신고사고,0,0,0,1,차대차 - 기타,안전운전불이행,건조,맑음,단일로 - 기타,개인형이동수단(PM),남,14세,부상신고,승용,남,45세,상해없음
2023052600100600,2023년 5월 26일 19시,금요일,광주광역시 동구 계림동,경상사고,0,0,1,0,차대차 - 측면충돌,안전운전불이행,건조,맑음,교차로 - 교차로안,승용,여,34세,상해없음,자전거,남,26세,경상
2023052600100601,2023년 5월 26일 19시,금요일,광주광역시 서구 풍암동,경상사고,0,0,1,0,차대사람 - 횡단중,안전운전불이행,건조,맑음,단일로 - 기타,화물,남,59세,상해없음,보행자,남,21세,경상
2023052600100602,2023년 5월 26일 19시,금요일,광주광역시 광산구 도천동,경상사고,0,0,2,0,차대차 - 측면충돌,교차로운행방법위반,건조,맑음,교차로 - 교차로부근,기타불명,기타불명,미분류,기타불명,승용,남,69세,경상
2023052600100653,2023년 5월 26일 21시,금요일,광주광역시 서구 동천동,중상사고,0,1,2,0,차대차 - 측면충돌,신호위반,건조,맑음,교차로 - 교차로안,이륜,남,26세,중상,승용,남,24세,경상
2023052700100010,2023년 5월 27일 00시,토요일,광주광역시 서구 쌍촌동,경상사고,0,0,1,0,차대사람 - 기타,안전운전불이행,건조,맑음,교차로 - 교차로안,승용,여,59세,상해없음,보행자,여,23세,경상
2023052700100011,2023년 5월 27일 00시,토요일,광주광역시 북구 연제동,경상사고,0,0,1,0,차량단독 - 전도전복 - 전도,안전운전불이행,건조,맑음,기타 - 기타,개인형이동수단(PM),여,16세,경상,,,,
2023052700100174,2023년 5월 27일 11시,토요일,광주광역시 광산구 신창동,경상사고,0,0,1,0,차대차 - 추돌,안전운전불이행,건조,맑음,기타 - 기타,승용,여,25세,상해없음,화물,남,62세,경상
2023052700100185,2023년 5월 27일 11시,토요일,광주광역시 남구 주월동,경상사고,0,0,4,0,차대차 - 추돌,안전거리미확보,젖음/습기,흐림,단일로 - 기타,승용,남,25세,상해없음,승용,남,36세,경상
2023052700100224,2023년 5월 27일 12시,토요일,광주광역시 북구 신안동,경상사고,0,0,1,0,차량단독 - 기타,기타,건조,맑음,단일로 - 기타,승용,남,60세,상해없음,,,,
2023052700100267,2023년 5월 27일 13시,토요일,광주광역시 북구 임동,경상사고,0,0,3,0,차대차 - 기타,안전운전불이행,건조,맑음,교차로 - 교차로부근,승용,남,24세,상해없음,화물,남,42세,경상
2023052700100304,2023년 5월 27일 14시,토요일,광주광역시 서구 벽진동,경상사고,0,0,2,0,차대차 - 기타,신호위반,건조,맑음,교차로 - 교차로안,화물,남,71세,상해없음,승용,여,29세,경상
2023052700100305,2023년 5월 27일 14시,토요일,광주광역시 북구 신용동,경상사고,0,0,1,0,차대차 - 추돌,안전운전불이행,건조,맑음,단일로 - 기타,승용,여,49세,상해없음,승용,남,27세,경상
2023052700100377,2023년 5월 27일 16시,토요일,광주광역시 북구 운암동,부상신고사고,0,0,0,1,차대차 - 측면충돌,안전운전불이행,건조,맑음,단일로 - 기타,승용,남,73세,부상신고,승용,남,54세,기타불명
2023052700100412,2023년 5월 27일 17시,토요일,광주광역시 광산구 우산동,경상사고,0,0,1,0,차대차 - 추돌,안전운전불이행,건조,맑음,단일로 - 기타,승용,여,28세,상해없음,승용,남,35세,경상
2023052700100443,2023년 5월 27일 18시,토요일,광주광역시 서구 치평동,경상사고,0,0,1,0,차대차 - 추돌,안전운전불이행,건조,맑음,단일로 - 기타,화물,남,62세,상해없음,승용,여,54세,경상
2023052700100444,2023년 5월 27일 18시,토요일,광주광역시 북구 운암동,경상사고,0,0,2,0,차대차 - 측면충돌,안전거리미확보,건조,맑음,교차로 - 교차로안,승용,여,50세,기타불명,승용,남,32세,경상
2023052700100445,2023년 5월 27일 18시,토요일,광주광역시 북구 운암동,경상사고,0,0,2,0,차대차 - 측면충돌,교차로운행방법위반,건조,맑음,교차로 - 교차로안,화물,남,44세,경상,승용,남,33세,경상
2023052700100478,2023년 5월 27일 19시,토요일,광주광역시 서구 화정동,중상사고,0,1,0,0,차대차 - 기타,안전운전불이행,건조,맑음,단일로 - 기타,승용,남,65세,상해없음,이륜,남,51세,중상
2023052700100519,2023년 5월 27일 20시,토요일,광주광역시 서구 농성동,경상사고,0,0,3,0,차대차 - 측면충돌,신호위반,건조,맑음,교차로 - 교차로안,승용,남,83세,상해없음,승용,남,61세,경상
2023052700100520,2023년 5월 27일 20시,토요일,광주광역시 광산구 수완동,경상사고,0,0,1,0,차대차 - 기타,신호위반,건조,맑음,교차로 - 교차로안,승용,남,54세,상해없음,승용,남,64세,경상
2023052700100557,2023년 5월 27일 21시,토요일,광주광역시 광산구 수완동,경상사고,0,0,1,0,차대차 - 측면충돌,안전운전불이행,건조,맑음,단일로 - 기타,승용,남,64세,상해없음,승용,남,46세,기타불명
2023052700100586,2023년 5월 27일 22시,토요일,광주광역시 남구 봉선동,경상사고,0,0,1,0,차대차 - 정면충돌,중앙선침범,건조,맑음,단일로 - 기타,승용,남,23세,기타불명,화물,남,67세,경상
2023052700100587,2023년 5월 27일 22시,토요일,광주광역시 남구 백운동,경상사고,0,0,1,0,차대차 - 추돌,안전거리미확보,건조,맑음,기타 - 기타,승용,남,73세,상해없음,승용,여,32세,경상
2023052800100088,2023년 5월 28일 08시,일요일,광주광역시 서구 양동,경상사고,0,0,1,0,차대차 - 기타,신호위반,건조,맑음,교차로 - 교차로안,승용,남,45세,상해없음,승용,여,45세,경상
2023052800100139,2023년 5월 28일 11시,일요일,광주광역시 서구 치평동,경상사고,0,0,1,0,차대차 - 측면충돌,안전운전불이행,젖음/습기,비,단일로 - 기타,승용,여,60세,상해없음,승용,남,23세,경상
2023052800100224,2023년 5월 28일 14시,일요일,광주광역시 북구 중흥동,경상사고,0,0,1,0,차대차 - 측면충돌,신호위반,건조,맑음,교차로 - 교차로안,승용,남,49세,상해없음,승용,여,27세,경상
2023052800100311,2023년 5월 28일 17시,일요일,광주광역시 동구 호남동,경상사고,0,0,1,0,차대차 - 기타,직진우회전진행방해,건조,맑음,교차로 - 교차로안,이륜,남,51세,상해없음,개인형이동수단(PM),여,24세,경상
2023052800100330,2023년 5월 28일 18시,일요일,광주광역시 남구 진월동,경상사고,0,0,1,1,차대차 - 기타,교차로운행방법위반,건조,맑음,교차로 - 교차로안,이륜,남,24세,경상,승용,여,27세,부상신고
2023052800100386,2023년 5월 28일 20시,일요일,광주광역시 서구 쌍촌동,경상사고,0,0,1,0,차대차 - 기타,안전거리미확보,건조,맑음,기타 - 기타,사륜오토바이(ATV),남,35세,경상,승용,남,63세,상해없음
2023052800100387,2023년 5월 28일 20시,일요일,광주광역시 북구 운암동,경상사고,0,0,2,0,차대차 - 추돌,교차로운행방법위반,건조,맑음,교차로 - 교차로횡단보도내,이륜,남,50세,경상,승용,남,56세,경상
2023052800100425,2023년 5월 28일 21시,일요일,광주광역시 서구 유촌동,중상사고,0,1,2,0,차대차 - 측면충돌,안전거리미확보,젖음/습기,비,교차로 - 교차로안,승용,남,63세,경상,승용,남,30세,경상
2023052800100426,2023년 5월 28일 21시,일요일,광주광역시 광산구 도산동,경상사고,0,0,1,0,차대차 - 측면충돌,안전거리미확보,건조,맑음,단일로 - 기타,승용,남,48세,상해없음,승용,남,43세,경상
2023052800100464,2023년 5월 28일 23시,일요일,광주광역시 동구 궁동,경상사고,0,0,1,0,차대차 - 기타,안전운전불이행,건조,맑음,기타 - 기타,승용,남,50세,상해없음,이륜,남,29세,경상
2023052900100015,2023년 5월 29일 00시,월요일,광주광역시 서구 치평동,경상사고,0,0,2,0,차대차 - 추돌,안전운전불이행,젖음/습기,비,단일로 - 기타,승용,남,24세,상해없음,승용,남,40세,경상
2023052900100114,2023년 5월 29일 10시,월요일,광주광역시 서구 유촌동,경상사고,0,0,1,0,차대차 - 측면충돌,안전운전불이행,젖음/습기,비,단일로 - 기타,승용,여,48세,상해없음,승용,남,25세,경상
2023052900100115,2023년 5월 29일 10시,월요일,광주광역시 광산구 운남동,경상사고,0,0,4,0,차대차 - 기타,중앙선침범,건조,맑음,교차로 - 교차로안,승용,남,62세,상해없음,승용,여,34세,경상
2023052900100133,2023년 5월 29일 11시,월요일,광주광역시 서구 치평동,경상사고,0,0,1,0,차대차 - 기타,안전운전불이행,건조,맑음,교차로 - 교차로부근,승용,남,26세,상해없음,이륜,남,40세,경상
2023052900100222,2023년 5월 29일 14시,월요일,광주광역시 북구 용봉동,경상사고,0,0,4,0,차대차 - 기타,안전운전불이행,젖음/습기,흐림,단일로 - 기타,승용,남,33세,경상,승용,여,26세,경상
2023052900100253,2023년 5월 29일 15시,월요일,광주광역시 서구 유촌동,경상사고,0,0,1,0,차대차 - 추돌,안전운전불이행,건조,맑음,교차로 - 교차로부근,승용,남,77세,상해없음,승용,여,42세,경상
2023052900100377,2023년 5월 29일 18시,월요일,광주광역시 서구 화정동,경상사고,0,0,1,0,차대차 - 기타,안전운전불이행,건조,맑음,단일로 - 기타,승용,남,37세,상해없음,승용,남,44세,경상
2023052900100400,2023년 5월 29일 19시,월요일,광주광역시 북구 삼각동,부상신고사고,0,0,0,1,차대차 - 기타,교차로운행방법위반,젖음/습기,비,교차로 - 교차로부근,이륜,남,40세,부상신고,승용,남,34세,상해없음
2023052900100401,2023년 5월 29일 19시,월요일,광주광역시 광산구 월계동,경상사고,0,0,1,0,차대차 - 측면충돌,안전운전불이행,건조,맑음,기타 - 기타,기타불명,기타불명,미분류,기타불명,이륜,남,25세,경상
2023052900100423,2023년 5월 29일 20시,월요일,광주광역시 서구 광천동,경상사고,0,0,2,0,차대차 - 측면충돌,안전거리미확보,건조,맑음,교차로 - 교차로부근,승용,남,45세,기타불명,승용,남,26세,경상
2023052900100440,2023년 5월 29일 21시,월요일,광주광역시 북구 삼각동,경상사고,0,0,1,0,차대사람 - 기타,안전운전불이행,젖음/습기,비,주차장 - 주차장,승용,남,28세,상해없음,보행자,남,45세,경상
2023052900100461,2023년 5월 29일 22시,월요일,광주광역시 광산구 하산동,경상사고,0,0,2,0,차대차 - 측면충돌,안전운전불이행,건조,흐림,교차로 - 교차로부근,화물,남,69세,상해없음,승용,여,47세,경상
2023053000100010,2023년 5월 30일 00시,화요일,광주광역시 북구 용두동,경상사고,0,0,1,0,차량단독 - 기타,안전운전불이행,건조,맑음,단일로 - 기타,승용,남,61세,상해없음,,,,
2023053000100055,2023년 5월 30일 07시,화요일,광주광역시 북구 삼각동,경상사고,0,0,2,0,차대차 - 측면충돌,교차로운행방법위반,건조,맑음,교차로 - 교차로안,승합,남,71세,상해없음,승용,여,49세,경상
2023053000100106,2023년 5월 30일 08시,화요일,광주광역시 남구 방림동,경상사고,0,0,1,0,차대사람 - 횡단중,보행자보호의무위반,젖음/습기,비,교차로 - 교차로횡단보도내,승용,남,68세,상해없음,보행자,여,51세,경상
2023053000100107,2023년 5월 30일 08시,화요일,광주광역시 북구 오치동,경상사고,0,0,1,0,차대차 - 기타,안전운전불이행,건조,맑음,교차로 - 교차로안,승용,남,62세,상해없음,승용,남,29세,경상
2023053000100108,2023년 5월 30일 08시,화요일,광주광역시 광산구 산월동,경상사고,0,0,1,0,차대차 - 측면충돌,차로위반,건조,맑음,단일로 - 기타,화물,남,72세,상해없음,화물,남,40세,경상
2023053000100151,2023년 5월 30일 09시,화요일,광주광역시 남구 방림동,부상신고사고,0,0,0,1,차대차 - 정면충돌,신호위반,건조,맑음,교차로 - 교차로안,자전거,남,46세,부상신고,화물,남,73세,상해없음
2023053000100152,2023년 5월 30일 09시,화요일,광주광역시 북구 운암동,중상사고,0,1,0,0,차량단독 - 기타,안전운전불이행,건조,맑음,단일로 - 기타,승합,남,54세,상해없음,,,,
2023053000100177,2023년 5월 30일 10시,화요일,광주광역시 서구 치평동,경상사고,0,0,1,0,차대차 - 측면충돌,안전운전불이행,건조,맑음,단일로 - 기타,승용,남,64세,상해없음,승용,남,27세,경상
2023053000100295,2023년 5월 30일 13시,화요일,광주광역시 서구 치평동,경상사고,0,0,1,0,차대사람 - 차도통행중,안전운전불이행,건조,맑음,단일로 - 기타,승용,여,48세,상해없음,보행자,남,31세,경상
2023053000100296,2023년 5월 30일 13시,화요일,광주광역시 남구 월산동,부상신고사고,0,0,0,1,차대차 - 측면충돌,중앙선침범,건조,맑음,단일로 - 기타,자전거,남,68세,부상신고,승용,여,28세,상해없음
2023053000100297,2023년 5월 30일 13시,화요일,광주광역시 북구 일곡동,경상사고,0,0,1,0,차대차 - 측면충돌,교차로운행방법위반,건조,맑음,교차로 - 교차로안,승용,여,35세,상해없음,이륜,남,34세,경상
2023053000100298,2023년 5월 30일 13시,화요일,광주광역시 북구 두암동,경상사고,0,0,2,0,차대차 - 측면충돌,교차로운행방법위반,건조,맑음,교차로 - 교차로안,이륜,남,74세,상해없음,승용,남,32세,경상
2023053000100299,2023년 5월 30일 13시,화요일,광주광역시 북구 매곡동,경상사고,0,0,1,0,차대사람 - 횡단중,보행자보호의무위반,건조,맑음,교차로 - 교차로부근,승용,여,59세,상해없음,보행자,여,9세,경상
2023053000100331,2023년 5월 30일 14시,화요일,광주광역시 북구 용두동,경상사고,0,0,1,0,차대차 - 기타,안전운전불이행,건조,맑음,단일로 - 기타,승용,남,38세,상해없음,승용,남,48세,경상
2023053000100332,2023년 5월 30일 14시,화요일,광주광역시 광산구 신가동,경상사고,0,0,1,0,차대차 - 측면충돌,신호위반,건조,맑음,교차로 - 교차로안,승용,남,70세,상해없음,이륜,남,24세,경상
2023053000100365,2023년 5월 30일 15시,화요일,광주광역시 서구 매월동,경상사고,0,0,1,0,차대차 - 측면충돌,안전운전불이행,건조,맑음,교차로 - 교차로안,승용,여,48세,기타불명,승용,여,43세,경상
2023053000100447,2023년 5월 30일 17시,화요일,광주광역시 서구 금호동,경상사고,0,0,4,0,차대차 - 측면충돌,안전운전불이행,건조,맑음,단일로 - 기타,승용,남,25세,경상,승용,여,29세,경상
2023053000100448,2023년 5월 30일 17시,화요일,광주광역시 남구 봉선동,경상사고,0,0,1,0,차대사람 - 횡단중,안전운전불이행,건조,맑음,교차로 - 교차로부근,승용,남,42세,상해없음,보행자,남,29세,경상
2023053000100492,2023년 5월 30일 18시,화요일,광주광역시 남구 백운동,경상사고,0,0,1,0,차대차 - 측면충돌,안전운전불이행,건조,맑음,단일로 - 기타,승용,남,76세,상해없음,자전거,남,17세,경상
2023053000100493,2023년 5월 30일 18시,화요일,광주광역시 남구 진월동,경상사고,0,0,2,0,차대차 - 추돌,안전운전불이행,건조,맑음,단일로 - 기타,승용,남,39세,경상,승용,남,60세,경상
2023053000100543,2023년 5월 30일 20시,화요일,광주광역시 북구 문흥동,경상사고,0,0,1,0,차대사람 - 기타,보행자보호의무위반,건조,맑음,교차로 - 교차로횡단보도내,승용,남,65세,상해없음,보행자,남,71세,경상
2023053000100562,2023년 5월 30일 21시,화요일,광주광역시 서구 유촌동,경상사고,0,0,4,0,차대차 - 측면충돌,안전운전불이행,건조,맑음,교차로 - 교차로안,승용,남,40세,경상,승용,남,23세,경상
2023053000100563,2023년 5월 30일 21시,화요일,광주광역시 북구 오치동,경상사고,0,0,2,0,차대차 - 기타,신호위반,건조,맑음,교차로 - 교차로안,승용,여,54세,상해없음,승용,남,31세,경상
2023053000100584,2023년 5월 30일 22시,화요일,광주광역시 북구 오룡동,경상사고,0,0,1,0,차대차 - 기타,신호위반,건조,맑음,교차로 - 교차로안,승용,남,76세,상해없음,승용,여,41세,경상
2023053100100065,2023년 5월 31일 07시,수요일,광주광역시 서구 치평동,경상사고,0,0,1,0,차대차 - 기타,안전운전불이행,건조,맑음,단일로 - 기타,승합,남,56세,상해없음,승용,남,33세,경상