사고번호,사고일시,요일,시군구,사고내용,사망자수,중상자수,경상자수,부상신고자수,사고유형,법규위반,노면상태,기상상태,도로형태,가해운전자 차종,가해운전자 성별,가해운전자 연령,가해운전자 상해정도,피해운전자 차종,피해운전자 성별,피해운전자 연령,피해운전자 상해정도
2023060700100525,2023년 6월 7일 19시,수요일,광주광역시 광산구 소촌동,경상사고,0,0,2,0,차대차 - 측면충돌,기타,건조,맑음,단일로 - 기타,승용,여,41세,기타불명,자전거,남,47세,경상
2023060700100550,2023년 6월 7일 20시,수요일,광주광역시 남구 봉선동,중상사고,0,1,0,0,차대차 - 기타,안전운전불이행,건조,맑음,교차로 - 교차로부근,원동기,남,44세,상해없음,개인형이동수단(PM),남,48세,중상
2023060700100574,2023년 6월 7일 21시,수요일,광주광역시 북구 중흥동,경상사고,0,0,1,0,차대차 - 기타,안전운전불이행,건조,맑음,교차로 - 교차로안,자전거,남,61세,상해없음,자전거,남,19세,경상
2023060700100617,2023년 6월 7일 23시,수요일,광주광역시 서구 마륵동,경상사고,0,0,3,0,차대차 - 측면충돌,안전운전불이행,건조,맑음,교차로 - 교차로안,승용,여,40세,경상,승용,남,26세,경상
2023060800100030,2023년 6월 8일 03시,목요일,광주광역시 북구 신안동,경상사고,0,0,1,0,차대차 - 추돌,안전운전불이행,젖음/습기,맑음,교차로 - 교차로부근,승용,남,49세,상해없음,승용,남,71세,경상
2023060800100039,2023년 6월 8일 04시,목요일,광주광역시 서구 치평동,경상사고,0,0,3,0,차대차 - 추돌,안전운전불이행,건조,맑음,교차로 - 교차로횡단보도내,승용,남,26세,상해없음,승용,남,19세,경상
2023060800100078,2023년 6월 8일 07시,목요일,광주광역시 광산구 송정동,경상사고,0,0,1,0,차대차 - 측면충돌,안전거리미확보,건조,맑음,단일로 - 기타,승용,남,20세,상해없음,승용,여,32세,경상
2023060800100114,2023년 6월 8일 08시,목요일,광주광역시 서구 치평동,경상사고,0,0,1,0,차대차 - 측면충돌,안전운전불이행,건조,맑음,단일로 - 기타,승용,여,53세,상해없음,승용,남,30세,경상
2023060800100188,2023년 6월 8일 10시,목요일,광주광역시 서구 쌍촌동,경상사고,0,0,1,0,차대차 - 기타,안전운전불이행,건조,맑음,단일로 - 기타,승용,여,59세,상해없음,승용,여,39세,경상
2023060800100189,2023년 6월 8일 10시,목요일,광주광역시 광산구 송정동,경상사고,0,0,1,0,차대차 - 기타,안전운전불이행,건조,맑음,교차로 - 교차로안,승용,남,56세,상해없음,승용,남,60세,상해없음
2023060800100235,2023년 6월 8일 12시,목요일,광주광역시 광산구 오선동,경상사고,0,0,3,0,차대차 - 측면충돌,교차로운행방법위반,건조,맑음,교차로 - 교차로안,승용,남,41세,상해없음,화물,남,65세,경상
2023060800100265,2023년 6월 8일 13시,목요일,광주광역시 서구 쌍촌동,부상신고사고,0,0,0,1,차대사람 - 기타,안전운전불이행,건조,맑음,교차로 - 교차로안,승용,남,61세,상해없음,보행자,여,3세,부상신고
2023060800100266,2023년 6월 8일 13시,목요일,광주광역시 북구 중흥동,경상사고,0,0,1,0,차대차 - 추돌,안전거리미확보,건조,맑음,단일로 - 기타,승용,남,55세,기타불명,승용,남,39세,경상
2023060800100360,2023년 6월 8일 16시,목요일,광주광역시 북구 운암동,부상신고사고,0,0,0,1,차대사람 - 기타,교차로운행방법위반,건조,맑음,교차로 - 교차로안,승용,남,63세,상해없음,보행자,남,75세,부상신고
2023060800100361,2023년 6월 8일 16시,목요일,광주광역시 광산구 신창동,경상사고,0,0,1,0,차대차 - 기타,안전운전불이행,건조,맑음,단일로 - 기타,자전거,여,49세,경상,화물,남,61세,상해없음
2023060800100399,2023년 6월 8일 17시,목요일,광주광역시 광산구 신가동,경상사고,0,0,1,0,차대차 - 추돌,안전운전불이행,건조,맑음,교차로 - 교차로부근,화물,남,39세,상해없음,승용,남,66세,경상
2023060800100438,2023년 6월 8일 18시,목요일,광주광역시 남구 봉선동,경상사고,0,0,1,0,차대차 - 측면충돌,직진우회전진행방해,건조,맑음,교차로 - 교차로안,승용,남,55세,기타불명,승용,남,79세,경상
2023060800100439,2023년 6월 8일 18시,목요일,광주광역시 남구 진월동,경상사고,0,0,1,0,차대차 - 추돌,안전거리미확보,건조,맑음,단일로 - 기타,승용,남,32세,기타불명,화물,남,43세,경상
2023060800100463,2023년 6월 8일 19시,목요일,광주광역시 남구 방림동,부상신고사고,0,0,0,1,차대차 - 정면충돌,안전운전불이행,건조,맑음,교차로 - 교차로안,자전거,남,7세,부상신고,승용,여,44세,상해없음
2023060800100495,2023년 6월 8일 20시,목요일,광주광역시 서구 광천동,경상사고,0,0,1,0,차대사람 - 보도통행중,보행자보호의무위반,건조,맑음,교차로 - 교차로부근,승용,여,31세,기타불명,보행자,여,30세,경상
2023060800100496,2023년 6월 8일 20시,목요일,광주광역시 북구 삼각동,중상사고,0,1,0,0,차대사람 - 횡단중,신호위반,건조,맑음,교차로 - 교차로횡단보도내,이륜,남,60세,상해없음,보행자,여,47세,중상
2023060800100531,2023년 6월 8일 21시,목요일,광주광역시 북구 문흥동,경상사고,0,0,3,0,차대차 - 기타,중앙선침범,건조,맑음,단일로 - 기타,승용,남,42세,상해없음,승용,남,39세,경상
2023060800100552,2023년 6월 8일 22시,목요일,광주광역시 북구 신안동,경상사고,0,0,2,0,차대차 - 추돌,교차로운행방법위반,건조,맑음,교차로 - 교차로안,승용,남,61세,상해없음,승용,여,25세,경상
2023060800100573,2023년 6월 8일 23시,목요일,광주광역시 광산구 우산동,중상사고,0,1,0,0,차대사람 - 횡단중,안전운전불이행,건조,맑음,단일로 - 기타,승용,남,56세,상해없음,보행자,여,21세,중상
2023060900100030,2023년 6월 9일 02시,금요일,광주광역시 서구 쌍촌동,부상신고사고,0,0,0,3,차대차 - 기타,안전운전불이행,건조,맑음,단일로 - 기타,승용,남,30세,부상신고,승용,남,31세,부상신고
2023060900100072,2023년 6월 9일 07시,금요일,광주광역시 광산구 쌍암동,경상사고,0,0,2,0,차대차 - 기타,안전거리미확보,건조,맑음,교차로 - 교차로부근,기타불명,기타불명,미분류,기타불명,승용,남,37세,상해없음
2023060900100146,2023년 6월 9일 09시,금요일,광주광역시 서구 풍암동,경상사고,0,0,1,0,차대차 - 정면충돌,안전운전불이행,건조,맑음,교차로 - 교차로안,승용,여,44세,상해없음,승용,남,63세,경상
2023060900100179,2023년 6월 9일 10시,금요일,광주광역시 서구 서창동,경상사고,0,0,1,0,차대차 - 정면충돌,신호위반,건조,맑음,교차로 - 교차로안,승용,남,69세,상해없음,건설기계,남,52세,경상
2023060900100180,2023년 6월 9일 10시,금요일,광주광역시 북구 일곡동,경상사고,0,0,2,0,차대차 - 측면충돌,안전운전불이행,건조,맑음,교차로 - 교차로안,승용,여,78세,경상,승용,남,68세,경상
2023060900100221,2023년 6월 9일 11시,금요일,광주광역시 동구 동명동,중상사고,0,1,1,0,차대차 - 기타,안전운전불이행,건조,맑음,교차로 - 교차로안,화물,남,54세,상해없음,승합,남,53세,경상
2023060900100222,2023년 6월 9일 11시,금요일,광주광역시 광산구 신촌동,경상사고,0,0,1,0,차대사람 - 횡단중,안전운전불이행,건조,맑음,단일로 - 기타,승용,남,27세,상해없음,보행자,여,60세,경상
2023060900100258,2023년 6월 9일 12시,금요일,광주광역시 광산구 수완동,경상사고,0,0,1,0,차대차 - 측면충돌,안전운전불이행,건조,맑음,교차로 - 교차로부근,승용,여,41세,상해없음,승용,여,51세,경상
2023060900100348,2023년 6월 9일 15시,금요일,광주광역시 북구 운암동,경상사고,0,0,2,0,차대차 - 측면충돌,신호위반,건조,맑음,교차로 - 교차로안,승합,남,34세,상해없음,승용,남,49세,경상
2023060900100404,2023년 6월 9일 16시,금요일,광주광역시 서구 매월동,경상사고,0,0,1,2,차대차 - 기타,안전거리미확보,건조,맑음,단일로 - 기타,승용,남,67세,상해없음,화물,남,55세,부상신고
2023060900100405,2023년 6월 9일 16시,금요일,광주광역시 서구 화정동,경상사고,0,0,1,0,차대사람 - 차도통행중,안전운전불이행,건조,맑음,단일로 - 기타,승용,여,58세,상해없음,보행자,남,65세,경상
2023060900100406,2023년 6월 9일 16시,금요일,광주광역시 서구 금호동,경상사고,0,0,1,0,차대사람 - 차도통행중,안전운전불이행,건조,맑음,단일로 - 기타,승용,여,61세,상해없음,보행자,여,54세,경상
2023060900100407,2023년 6월 9일 16시,금요일,광주광역시 광산구 오선동,경상사고,0,0,1,0,차대차 - 측면충돌,중앙선침범,건조,맑음,단일로 - 기타,승용,남,83세,상해없음,화물,남,34세,경상
2023060900100469,2023년 6월 9일 17시,금요일,광주광역시 서구 매월동,중상사고,0,1,0,0,차대차 - 추돌,안전거리미확보,건조,맑음,교차로 - 교차로부근,화물,남,52세,상해없음,승용,여,53세,중상
2023060900100470,2023년 6월 9일 17시,금요일,광주광역시 광산구 소촌동,부상신고사고,0,0,0,2,차대차 - 측면충돌,차로위반,건조,맑음,단일로 - 기타,승용,여,54세,상해없음,승용,남,28세,부상신고
2023060900100517,2023년 6월 9일 18시,금요일,광주광역시 광산구 쌍암동,경상사고,0,0,1,0,차대차 - 기타,안전거리미확보,건조,맑음,단일로 - 기타,건설기계,남,46세,상해없음,승용,여,36세,경상
2023060900100553,2023년 6월 9일 19시,금요일,광주광역시 광산구 수완동,경상사고,0,0,1,0,차대사람 - 횡단중,보행자보호의무위반,건조,맑음,교차로 - 교차로횡단보도내,이륜,남,17세,상해없음,보행자,남,46세,경상
2023060900100584,2023년 6월 9일 20시,금요일,광주광역시 북구 운암동,부상신고사고,0,0,0,1,차대사람 - 차도통행중,안전운전불이행,건조,맑음,단일로 - 기타,이륜,기타불명,미분류,기타불명,보행자,남,7세,부상신고
2023060900100610,2023년 6월 9일 21시,금요일,광주광역시 광산구 송정동,중상사고,0,1,0,0,차대사람 - 기타,안전운전불이행,건조,맑음,교차로 - 교차로부근,이륜,남,27세,기타불명,보행자,남,53세,중상
2023060900100651,2023년 6월 9일 23시,금요일,광주광역시 서구 화정동,중상사고,0,1,0,0,차대차 - 기타,안전운전불이행,건조,맑음,단일로 - 기타,승용,남,37세,상해없음,이륜,남,47세,중상
2023060900100652,2023년 6월 9일 23시,금요일,광주광역시 서구 쌍촌동,경상사고,0,0,1,0,차대차 - 기타,안전운전불이행,건조,맑음,단일로 - 기타,승용,남,20세,상해없음,승용,남,27세,상해없음
2023061000100110,2023년 6월 10일 09시,토요일,광주광역시 동구 운림동,경상사고,0,0,1,0,차대차 - 측면충돌,안전운전불이행,건조,맑음,단일로 - 기타,승용,남,64세,상해없음,승용,남,52세,상해없음
2023061000100179,2023년 6월 10일 11시,토요일,광주광역시 북구 운암동,경상사고,0,0,1,0,차대사람 - 기타,안전운전불이행,건조,맑음,교차로 - 교차로부근,승용,여,63세,상해없음,보행자,남,66세,경상
2023061000100212,2023년 6월 10일 12시,토요일,광주광역시 서구 양동,경상사고,0,0,1,0,차대차 - 기타,안전거리미확보,건조,맑음,단일로 - 기타,건설기계,남,57세,경상,승용,남,34세,상해없음
2023061000100247,2023년 6월 10일 13시,토요일,광주광역시 서구 화정동,부상신고사고,0,0,0,1,차대사람 - 기타,안전운전불이행,건조,맑음,단일로 - 기타,자전거,남,18세,기타불명,보행자,남,22세,부상신고
2023061000100248,2023년 6월 10일 13시,토요일,광주광역시 광산구 수완동,경상사고,0,0,1,0,차대차 - 기타,안전운전불이행,건조,맑음,기타 - 기타,승용,남,30세,상해없음,승용,여,46세,기타불명
2023061000100287,2023년 6월 10일 14시,토요일,광주광역시 서구 벽진동,경상사고,0,0,1,0,차대차 - 기타,안전운전불이행,건조,맑음,기타 - 기타,승용,남,30세,기타불명,자전거,남,81세,경상
2023061000100288,2023년 6월 10일 14시,토요일,광주광역시 남구 월산동,경상사고,0,0,1,0,차대차 - 추돌,안전거리미확보,건조,맑음,단일로 - 기타,승용,남,63세,상해없음,이륜,남,33세,경상
2023061000100289,2023년 6월 10일 14시,토요일,광주광역시 광산구 산월동,경상사고,0,0,1,0,차대차 - 측면충돌,차로위반,건조,맑음,교차로 - 교차로부근,승용,여,42세,상해없음,승용,여,34세,경상
2023061000100327,2023년 6월 10일 15시,토요일,광주광역시 북구 지야동,경상사고,0,0,4,0,차대차 - 추돌,안전운전불이행,건조,맑음,단일로 - 기타,화물,남,65세,경상,화물,남,37세,기타불명
2023061000100422,2023년 6월 10일 18시,토요일,광주광역시 동구 금동,경상사고,0,0,1,0,차대차 - 측면충돌,중앙선침범,건조,맑음,교차로 - 교차로부근,승합,남,56세,상해없음,이륜,남,51세,경상
2023061000100449,2023년 6월 10일 19시,토요일,광주광역시 광산구 산월동,중상사고,0,1,0,0,차대사람 - 차도통행중,안전운전불이행,건조,맑음,단일로 - 기타,이륜,남,40세,상해없음,보행자,여,51세,중상
2023061000100474,2023년 6월 10일 20시,토요일,광주광역시 서구 마륵동,경상사고,0,0,1,0,차대차 - 기타,안전운전불이행,건조,맑음,교차로 - 교차로안,승용,남,46세,상해없음,승용,남,63세,경상
2023061000100499,2023년 6월 10일 21시,토요일,광주광역시 광산구 운수동,경상사고,0,0,3,0,차대차 - 추돌,안전운전불이행,건조,맑음,단일로 - 기타,승용,남,64세,상해없음,승용,남,52세,경상
2023061000100538,2023년 6월 10일 23시,토요일,광주광역시 북구 중흥동,중상사고,0,1,1,0,차대차 - 기타,교차로운행방법위반,건조,맑음,교차로 - 교차로안,승용,남,35세,기타불명,승용,남,23세,중상
2023061100100079,2023년 6월 11일 07시,일요일,광주광역시 서구 농성동,경상사고,0,0,1,0,차대차 - 측면충돌,신호위반,건조,맑음,교차로 - 교차로안,승용,여,55세,상해없음,승합,남,58세,상해없음
2023061100100080,2023년 6월 11일 07시,일요일,광주광역시 남구 방림동,부상신고사고,0,0,0,1,차대차 - 측면충돌,안전운전불이행,건조,맑음,교차로 - 교차로안,자전거,남,71세,부상신고,승용,남,59세,상해없음
2023061100100088,2023년 6월 11일 08시,일요일,광주광역시 북구 임동,경상사고,0,0,2,0,차대차 - 측면충돌,안전운전불이행,건조,맑음,단일로 - 기타,승용,남,27세,상해없음,승용,남,28세,경상
2023061100100095,2023년 6월 11일 09시,일요일,광주광역시 동구 산수동,경상사고,0,0,1,0,차대차 - 측면충돌,안전운전불이행,건조,맑음,단일로 - 기타,승용,남,74세,상해없음,승용,여,59세,경상
2023061100100115,2023년 6월 11일 10시,일요일,광주광역시 동구 학동,경상사고,0,0,2,0,차대차 - 측면충돌,안전운전불이행,건조,맑음,단일로 - 기타,승용,남,56세,상해없음,이륜,남,27세,경상
2023061100100136,2023년 6월 11일 11시,일요일,광주광역시 북구 문흥동,경상사고,0,0,2,0,차대차 - 측면충돌,교차로운행방법위반,건조,맑음,기타 - 기타,승용,남,41세,상해없음,이륜,남,24세,경상
2023061100100166,2023년 6월 11일 12시,일요일,광주광역시 서구 내방동,부상신고사고,0,0,0,1,차대차 - 기타,안전운전불이행,건조,맑음,교차로 - 교차로안,이륜,남,55세,상해없음,이륜,남,22세,부상신고
2023061100100314,2023년 6월 11일 17시,일요일,광주광역시 북구 중흥동,중상사고,0,1,0,0,차대차 - 측면충돌,신호위반,젖음/습기,비,교차로 - 교차로안,승용,남,35세,상해없음,승용,남,49세,중상
2023061100100315,2023년 6월 11일 17시,일요일,광주광역시 북구 우산동,경상사고,0,0,1,0,차대차 - 추돌,안전운전불이행,젖음/습기,비,단일로 - 기타,승용,남,62세,상해없음,승용,남,24세,경상
2023061100100316,2023년 6월 11일 17시,일요일,광주광역시 광산구 수완동,경상사고,0,0,1,0,차대차 - 측면충돌,신호위반,건조,맑음,교차로 - 교차로횡단보도내,승용,여,58세,상해없음,개인형이동수단(PM),여,20세,경상
2023061100100342,2023년 6월 11일 18시,일요일,광주광역시 남구 행암동,중상사고,0,1,0,0,차대차 - 측면충돌,안전운전불이행,건조,맑음,단일로 - 기타,승용,남,57세,상해없음,이륜,남,22세,중상
2023061100100391,2023년 6월 11일 20시,일요일,광주광역시 서구 치평동,중상사고,0,1,0,0,차대차 - 측면충돌,안전거리미확보,건조,맑음,단일로 - 기타,승용,남,67세,상해없음,승용,남,37세,중상
2023061100100403,2023년 6월 11일 21시,일요일,광주광역시 서구 매월동,경상사고,0,0,1,0,차대차 - 기타,교차로운행방법위반,건조,맑음,교차로 - 교차로안,승용,여,62세,상해없음,화물,남,46세,경상
2023061200100067,2023년 6월 12일 07시,월요일,광주광역시 북구 운암동,경상사고,0,0,1,0,차대차 - 기타,안전거리미확보,건조,맑음,단일로 - 기타,승용,여,58세,상해없음,승용,남,40세,경상
2023061200100166,2023년 6월 12일 09시,월요일,광주광역시 서구 유촌동,경상사고,0,0,1,0,차대차 - 기타,안전운전불이행,건조,맑음,단일로 - 기타,화물,남,64세,상해없음,승용,남,39세,경상
2023061200100167,2023년 6월 12일 09시,월요일,광주광역시 남구 월산동,중상사고,0,1,1,0,차대차 - 기타,안전거리미확보,건조,맑음,단일로 - 기타,승용,남,59세,경상,승용,남,81세,중상
2023061200100188,2023년 6월 12일 10시,월요일,광주광역시 북구 양산동,경상사고,0,0,1,0,차대차 - 정면충돌,중앙선침범,건조,맑음,교차로 - 교차로부근,승용,남,64세,상해없음,이륜,남,25세,경상
2023061200100222,2023년 6월 12일 11시,월요일,광주광역시 서구 치평동,경상사고,0,0,2,0,차대차 - 추돌,안전운전불이행,건조,맑음,교차로 - 교차로부근,화물,남,60세,상해없음,승용,남,33세,경상
2023061200100223,2023년 6월 12일 11시,월요일,광주광역시 북구 용봉동,경상사고,0,0,2,0,차대차 - 측면충돌,안전거리미확보,건조,맑음,단일로 - 기타,승용,남,67세,상해없음,승용,여,49세,경상
2023061200100224,2023년 6월 12일 11시,월요일,광주광역시 광산구 월계동,경상사고,0,0,1,0,차대차 - 기타,안전거리미확보,건조,맑음,교차로 - 교차로부근,승용,남,57세,기타불명,승용,남,36세,경상
2023061200100259,2023년 6월 12일 12시,월요일,광주광역시 북구 운암동,부상신고사고,0,0,0,1,차대차 - 기타,안전운전불이행,건조,맑음,교차로 - 교차로부근,자전거,남,70세,부상신고,승용,여,38세,상해없음
2023061200100260,2023년 6월 12일 12시,월요일,광주광역시 북구 오치동,경상사고,0,0,1,0,차대차 - 정면충돌,신호위반,건조,맑음,교차로 - 교차로안,승용,남,36세,상해없음,승용,남,84세,경상
2023061200100261,2023년 6월 12일 12시,월요일,광주광역시 북구 신안동,경상사고,0,0,2,0,차대차 - 기타,교차로운행방법위반,건조,맑음,교차로 - 교차로횡단보도내,승용,여,44세,경상,승용,남,42세,경상
2023061200100262,2023년 6월 12일 12시,월요일,광주광역시 북구 일곡동,경상사고,0,0,1,0,차대차 - 기타,교차로운행방법위반,건조,맑음,교차로 - 교차로안,승용,남,58세,상해없음,승용,남,46세,경상
2023061200100358,2023년 6월 12일 15시,월요일,광주광역시 서구 풍암동,경상사고,0,0,2,1,차대차 - 추돌,안전운전불이행,건조,맑음,단일로 - 기타,승용,남,44세,기타불명,화물,남,73세,경상
2023061200100359,2023년 6월 12일 15시,월요일,광주광역시 북구 동림동,중상사고,0,1,1,0,차대차 - 측면충돌,신호위반,건조,맑음,교차로 - 교차로부근,승용,여,51세,상해없음,화물,남,26세,경상
2023061200100402,2023년 6월 12일 16시,월요일,광주광역시 서구 쌍촌동,중상사고,0,1,0,0,차대차 - 측면충돌,신호위반,건조,맑음,교차로 - 교차로안,화물,남,28세,기타불명,이륜,남,23세,중상
2023061200100403,2023년 6월 12일 16시,월요일,광주광역시 북구 연제동,경상사고,0,0,1,0,차대차 - 추돌,안전운전불이행,건조,맑음,단일로 - 기타,승용,여,67세,상해없음,승용,남,36세,경상
2023061200100442,2023년 6월 12일 17시,월요일,광주광역시 남구 봉선동,경상사고,0,0,2,0,차대차 - 측면충돌,안전운전불이행,젖음/습기,비,단일로 - 기타,화물,남,58세,상해없음,승용,여,58세,상해없음
2023061200100443,2023년 6월 12일 17시,월요일,광주광역시 북구 신용동,경상사고,0,0,2,0,차대차 - 추돌,안전운전불이행,건조,맑음,교차로 - 교차로부근,승용,남,37세,상해없음,승용,남,65세,경상
2023061200100444,2023년 6월 12일 17시,월요일,광주광역시 광산구 산정동,경상사고,0,0,2,0,차대차 - 측면충돌,안전운전불이행,건조,맑음,단일로 - 기타,승용,남,64세,상해없음,승용,남,35세,경상
2023061200100490,2023년 6월 12일 18시,월요일,광주광역시 북구 신용동,경상사고,0,0,1,1,차대사람 - 횡단중,보행자보호의무위반,건조,맑음,교차로 - 교차로부근,이륜,남,31세,부상신고,보행자,여,20세,경상
2023061200100555,2023년 6월 12일 20시,월요일,광주광역시 북구 두암동,경상사고,0,0,1,0,차대차 - 기타,안전운전불이행,건조,맑음,단일로 - 기타,승용,여,61세,상해없음,이륜,남,21세,경상
2023061200100573,2023년 6월 12일 21시,월요일,광주광역시 북구 중흥동,경상사고,0,0,2,0,차대차 - 기타,교차로운행방법위반,건조,맑음,교차로 - 교차로안,승용,남,53세,경상,승용,남,39세,경상
2023061200100597,2023년 6월 12일 22시,월요일,광주광역시 동구 산수동,경상사고,0,0,1,0,차대차 - 측면충돌,교차로운행방법위반,건조,맑음,교차로 - 교차로안,자전거,남,76세,경상,승용,남,55세,상해없음
2023061200100598,2023년 6월 12일 22시,월요일,광주광역시 남구 서동,경상사고,0,0,3,0,차대차 - 측면충돌,신호위반,건조,맑음,교차로 - 교차로안,승용,남,63세,기타불명,승용,남,18세,경상
2023061300100036,2023년 6월 13일 05시,화요일,광주광역시 서구 쌍촌동,중상사고,0,1,1,0,차대차 - 측면충돌,안전거리미확보,건조,맑음,단일로 - 기타,이륜,남,18세,경상,이륜,남,22세,중상
2023061300100065,2023년 6월 13일 07시,화요일,광주광역시 남구 봉선동,경상사고,0,0,1,0,차대차 - 측면충돌,안전운전불이행,건조,맑음,교차로 - 교차로안,승용,여,46세,상해없음,자전거,남,66세,경상
2023061300100109,2023년 6월 13일 08시,화요일,광주광역시 남구 방림동,부상신고사고,0,0,0,1,차량단독 - 기타,안전거리미확보,건조,맑음,교차로 - 교차로부근,이륜,남,70세,부상신고,,,,
2023061300100110,2023년 6월 13일 08시,화요일,광주광역시 북구 신안동,경상사고,0,0,1,0,차대차 - 추돌,안전거리미확보,건조,맑음,교차로 - 교차로안,승용,남,85세,기타불명,승용,여,35세,경상
2023061300100111,2023년 6월 13일 08시,화요일,광주광역시 광산구 우산동,경상사고,0,0,1,0,차대차 - 측면충돌,안전운전불이행,건조,맑음,단일로 - 기타,건설기계,남,51세,상해없음,승용,남,74세,경상
2023061300100153,2023년 6월 13일 09시,화요일,광주광역시 서구 광천동,경상사고,0,0,1,0,차대차 - 추돌,안전운전불이행,건조,맑음,단일로 - 기타,승용,남,19세,기타불명,승용,남,47세,경상
2023061300100154,2023년 6월 13일 09시,화요일,광주광역시 서구 풍암동,경상사고,0,0,2,0,차대차 - 기타,신호위반,건조,맑음,교차로 - 교차로안,승용,남,73세,경상,화물,남,28세,경상
2023061300100186,2023년 6월 13일 10시,화요일,광주광역시 북구 효령동,사망사고,1,0,0,0,차대사람 - 기타,안전운전불이행,건조,맑음,교차로 - 교차로부근,화물,남,21세,상해없음,보행자,남,69세,사망
2023061300100187,2023년 6월 13일 10시,화요일,광주광역시 북구 매곡동,경상사고,0,0,2,0,차대차 - 측면충돌,안전거리미확보,건조,맑음,교차로 - 교차로안,승용,여,62세,경상,승용,남,24세,경상
2023061300100212,2023년 6월 13일 11시,화요일,광주광역시 광산구 수완동,중상사고,0,1,0,0,차대사람 - 기타,안전운전불이행,건조,맑음,교차로 - 교차로안,승용,여,44세,상해없음,보행자,여,78세,중상
2023061300100213,2023년 6월 13일 11시,화요일,광주광역시 광산구 신창동,경상사고,0,0,1,0,차대차 - 측면충돌,안전운전불이행,건조,맑음,기타 - 기타,승용,남,62세,기타불명,승용,여,54세,경상
2023061300100244,2023년 6월 13일 12시,화요일,광주광역시 광산구 신창동,경상사고,0,0,1,0,차대사람 - 기타,보행자보호의무위반,건조,맑음,교차로 - 교차로안,승용,여,36세,상해없음,보행자,여,23세,경상
2023061300100278,2023년 6월 13일 13시,화요일,광주광역시 남구 월산동,경상사고,0,0,1,0,차대차 - 측면충돌,안전운전불이행,건조,맑음,단일로 - 기타,승용,남,49세,상해없음,승용,남,69세,경상
2023061300100279,2023년 6월 13일 13시,화요일,광주광역시 서구 치평동,경상사고,0,0,1,0,차량단독 - 기타,안전운전불이행,건조,맑음,단일로 - 기타,승합,남,63세,상해없음,,,,
2023061300100307,2023년 6월 13일 14시,화요일,광주광역시 남구 방림동,경상사고,0,0,1,0,차대차 - 추돌,안전거리미확보,건조,맑음,단일로 - 기타,승용,여,45세,상해없음,승용,남,71세,경상
2023061300100308,2023년 6월 13일 14시,화요일,광주광역시 광산구 산정동,경상사고,0,0,1,0,차대사람 - 보도통행중,보행자보호의무위반,건조,맑음,교차로 - 교차로부근,화물,남,68세,상해없음,보행자,여,54세,경상
2023061300100391,2023년 6월 13일 16시,화요일,광주광역시 북구 운암동,경상사고,0,0,1,0,차대차 - 추돌,안전운전불이행,건조,맑음,기타 - 기타,승용,남,62세,상해없음,승용,여,42세,경상
2023061300100450,2023년 6월 13일 17시,화요일,광주광역시 광산구 장덕동,경상사고,0,0,1,0,차대사람 - 횡단중,보행자보호의무위반,건조,맑음,교차로 - 교차로횡단보도내,승용,여,54세,상해없음,보행자,남,8세,경상
2023061300100506,2023년 6월 13일 18시,화요일,광주광역시 서구 쌍촌동,경상사고,0,0,1,0,차대차 - 기타,안전거리미확보,건조,맑음,단일로 - 기타,승용,남,59세,상해없음,승용,남,27세,경상
2023061300100507,2023년 6월 13일 18시,화요일,광주광역시 북구 문흥동,경상사고,0,0,1,0,차대차 - 후진중충돌,안전운전불이행,건조,맑음,단일로 - 기타,승용,남,72세,상해없음,승용,여,26세,경상
2023061300100560,2023년 6월 13일 20시,화요일,광주광역시 서구 광천동,경상사고,0,0,1,0,차대차 - 기타,안전운전불이행,건조,맑음,교차로 - 교차로안,승용,여,24세,상해없음,자전거,남,55세,경상
2023061300100561,2023년 6월 13일 20시,화요일,광주광역시 북구 두암동,경상사고,0,0,2,0,차대차 - 정면충돌,안전운전불이행,건조,맑음,단일로 - 기타,승용,여,67세,상해없음,승용,남,65세,경상
2023061400100008,2023년 6월 14일 00시,수요일,광주광역시 북구 신안동,경상사고,0,0,1,0,차대차 - 추돌,안전운전불이행,건조,맑음,교차로 - 교차로부근,승용,남,64세,상해없음,승용,남,73세,경상
2023061400100034,2023년 6월 14일 05시,수요일,광주광역시 서구 쌍촌동,경상사고,0,0,1,0,차대차 - 추돌,안전운전불이행,건조,맑음,단일로 - 기타,승용,남,27세,상해없음,승용,남,41세,경상
2023061400100117,2023년 6월 14일 08시,수요일,광주광역시 북구 운암동,중상사고,0,1,0,0,차량단독 - 기타,안전운전불이행,건조,맑음,단일로 - 교량,승합,남,53세,상해없음,,,,
2023061400100228,2023년 6월 14일 11시,수요일,광주광역시 서구 치평동,경상사고,0,0,1,0,차대차 - 기타,안전운전불이행,건조,맑음,주차장 - 주차장,승용,여,36세,상해없음,승용,여,28세,경상
2023061400100229,2023년 6월 14일 11시,수요일,광주광역시 남구 화장동,경상사고,0,0,1,0,차대차 - 측면충돌,안전운전불이행,건조,맑음,단일로 - 기타,승용,여,43세,기타불명,화물,남,65세,경상
2023061400100265,2023년 6월 14일 12시,수요일,광주광역시 서구 마륵동,경상사고,0,0,1,0,차대차 - 측면충돌,안전거리미확보,건조,맑음,교차로 - 교차로부근,화물,남,63세,상해없음,승용,남,46세,경상
2023061400100289,2023년 6월 14일 13시,수요일,광주광역시 남구 주월동,경상사고,0,0,1,0,차대차 - 추돌,안전거리미확보,건조,맑음,교차로 - 교차로부근,화물,남,38세,상해없음,승용,남,68세,상해없음
2023061400100290,2023년 6월 14일 13시,수요일,광주광역시 북구 용두동,경상사고,0,0,1,0,차대사람 - 기타,안전운전불이행,건조,맑음,단일로 - 기타,승용,남,36세,상해없음,보행자,남,77세,경상