사고번호,사고일시,요일,시군구,사고내용,사망자수,중상자수,경상자수,부상신고자수,사고유형,법규위반,노면상태,기상상태,도로형태,가해운전자 차종,가해운전자 성별,가해운전자 연령,가해운전자 상해정도,피해운전자 차종,피해운전자 성별,피해운전자 연령,피해운전자 상해정도
2023061400100291,2023년 6월 14일 13시,수요일,광주광역시 광산구 송산동,경상사고,0,0,2,0,차대차 - 후진중충돌,불법유턴,건조,맑음,단일로 - 기타,화물,남,72세,상해없음,승용,여,32세,경상
2023061400100320,2023년 6월 14일 14시,수요일,광주광역시 북구 운암동,경상사고,0,0,1,0,차대차 - 측면충돌,신호위반,건조,맑음,교차로 - 교차로안,승용,여,42세,상해없음,승용,남,33세,경상
2023061400100361,2023년 6월 14일 15시,수요일,광주광역시 남구 주월동,경상사고,0,0,2,0,차대차 - 추돌,안전거리미확보,건조,맑음,단일로 - 기타,승용,여,64세,상해없음,승용,남,78세,경상
2023061400100394,2023년 6월 14일 16시,수요일,광주광역시 동구 서석동,경상사고,0,0,1,0,차대차 - 추돌,기타,건조,맑음,단일로 - 기타,이륜,남,18세,상해없음,승용,남,29세,경상
2023061400100444,2023년 6월 14일 17시,수요일,광주광역시 남구 주월동,경상사고,0,0,1,0,차대차 - 추돌,안전운전불이행,건조,맑음,단일로 - 기타,승용,여,44세,상해없음,승용,남,44세,경상
2023061400100445,2023년 6월 14일 17시,수요일,광주광역시 광산구 신촌동,경상사고,0,0,1,0,차대차 - 추돌,안전운전불이행,건조,맑음,교차로 - 교차로부근,승용,남,65세,상해없음,승용,남,65세,경상
2023061400100495,2023년 6월 14일 18시,수요일,광주광역시 북구 운암동,경상사고,0,0,1,0,차대차 - 측면충돌,안전거리미확보,건조,흐림,단일로 - 기타,승용,남,68세,상해없음,승용,남,26세,경상
2023061400100532,2023년 6월 14일 19시,수요일,광주광역시 광산구 도산동,중상사고,0,1,0,0,차대사람 - 기타,안전운전불이행,건조,맑음,단일로 - 기타,승용,남,29세,상해없음,보행자,남,4세,중상
2023061400100558,2023년 6월 14일 20시,수요일,광주광역시 북구 양산동,부상신고사고,0,0,0,1,차대차 - 추돌,안전거리미확보,건조,맑음,단일로 - 기타,승용,남,38세,기타불명,승용,남,29세,부상신고
2023061400100579,2023년 6월 14일 21시,수요일,광주광역시 북구 용봉동,경상사고,0,0,7,0,차대차 - 기타,교차로운행방법위반,건조,맑음,단일로 - 기타,승용,남,29세,경상,승용,남,43세,경상
2023061400100580,2023년 6월 14일 21시,수요일,광주광역시 광산구 운남동,경상사고,0,0,1,0,차대사람 - 기타,안전운전불이행,건조,맑음,기타 - 기타,승용,남,64세,상해없음,보행자,여,27세,경상
2023061500100028,2023년 6월 15일 02시,목요일,광주광역시 동구 동명동,경상사고,0,0,3,0,차대차 - 기타,안전운전불이행,건조,맑음,단일로 - 기타,승합,남,57세,상해없음,승용,남,57세,경상
2023061500100079,2023년 6월 15일 07시,목요일,광주광역시 서구 덕흥동,경상사고,0,0,1,0,차대차 - 기타,안전운전불이행,건조,맑음,단일로 - 기타,승용,남,49세,상해없음,승용,남,41세,경상
2023061500100080,2023년 6월 15일 07시,목요일,광주광역시 북구 두암동,중상사고,0,2,2,0,차대차 - 측면충돌,교차로운행방법위반,건조,맑음,교차로 - 교차로안,승용,여,45세,경상,화물,남,64세,경상
2023061500100141,2023년 6월 15일 08시,목요일,광주광역시 남구 백운동,경상사고,0,0,2,0,차대차 - 추돌,안전거리미확보,건조,맑음,단일로 - 기타,승용,남,60세,기타불명,승용,남,29세,경상
2023061500100142,2023년 6월 15일 08시,목요일,광주광역시 북구 두암동,경상사고,0,0,1,0,차대차 - 추돌,안전운전불이행,건조,맑음,교차로 - 교차로부근,승용,여,28세,상해없음,승용,여,59세,경상
2023061500100230,2023년 6월 15일 11시,목요일,광주광역시 북구 신안동,경상사고,0,0,1,0,차대차 - 측면충돌,안전운전불이행,건조,맑음,단일로 - 기타,자전거,남,86세,경상,승용,여,51세,상해없음
2023061500100231,2023년 6월 15일 11시,목요일,광주광역시 북구 운암동,경상사고,0,0,1,0,차대사람 - 기타,기타,건조,맑음,기타 - 기타,이륜,남,44세,상해없음,보행자,남,60세,경상
2023061500100232,2023년 6월 15일 11시,목요일,광주광역시 광산구 수완동,경상사고,0,0,1,1,차대차 - 측면충돌,안전거리미확보,건조,맑음,교차로 - 교차로부근,승용,남,57세,부상신고,화물,남,42세,경상
2023061500100266,2023년 6월 15일 12시,목요일,광주광역시 북구 신안동,중상사고,0,1,0,1,차대차 - 측면충돌,안전운전불이행,건조,맑음,교차로 - 교차로안,이륜,남,46세,부상신고,이륜,남,43세,중상
2023061500100267,2023년 6월 15일 12시,목요일,광주광역시 북구 신용동,경상사고,0,0,3,1,차대차 - 추돌,안전거리미확보,건조,맑음,교차로 - 교차로부근,승용,여,41세,부상신고,승용,남,48세,경상
2023061500100304,2023년 6월 15일 13시,목요일,광주광역시 북구 오치동,경상사고,0,0,3,0,차대차 - 추돌,안전운전불이행,건조,맑음,단일로 - 기타,승용,남,44세,상해없음,승합,남,57세,경상
2023061500100342,2023년 6월 15일 14시,목요일,광주광역시 북구 문흥동,경상사고,0,0,3,0,차대차 - 측면충돌,직진우회전진행방해,건조,맑음,교차로 - 교차로안,승용,여,59세,경상,승용,남,27세,경상
2023061500100426,2023년 6월 15일 16시,목요일,광주광역시 광산구 소촌동,경상사고,0,0,1,0,차대사람 - 횡단중,안전운전불이행,건조,맑음,단일로 - 기타,승용,남,48세,상해없음,보행자,남,6세,경상
2023061500100510,2023년 6월 15일 18시,목요일,광주광역시 서구 치평동,경상사고,0,0,3,0,차대차 - 정면충돌,안전운전불이행,건조,맑음,단일로 - 기타,승용,여,41세,경상,승용,남,25세,상해없음
2023061500100511,2023년 6월 15일 18시,목요일,광주광역시 서구 농성동,경상사고,0,0,1,0,차대차 - 측면충돌,신호위반,건조,맑음,단일로 - 기타,승용,남,49세,상해없음,승용,남,27세,경상
2023061500100512,2023년 6월 15일 18시,목요일,광주광역시 북구 두암동,중상사고,0,1,0,0,차대사람 - 횡단중,안전운전불이행,건조,맑음,교차로 - 교차로안,승용,남,49세,상해없음,보행자,남,63세,중상
2023061500100542,2023년 6월 15일 19시,목요일,광주광역시 남구 주월동,경상사고,0,0,1,0,차대차 - 기타,안전운전불이행,건조,맑음,단일로 - 기타,승용,남,37세,상해없음,자전거,남,41세,경상
2023061500100572,2023년 6월 15일 20시,목요일,광주광역시 서구 치평동,경상사고,0,0,1,0,차대차 - 추돌,안전거리미확보,건조,맑음,교차로 - 교차로횡단보도내,승용,남,62세,상해없음,승용,남,50세,경상
2023061500100602,2023년 6월 15일 21시,목요일,광주광역시 서구 벽진동,경상사고,0,0,1,0,차대차 - 측면충돌,교차로운행방법위반,건조,맑음,교차로 - 교차로안,승용,여,65세,상해없음,승용,여,41세,경상
2023061500100603,2023년 6월 15일 21시,목요일,광주광역시 광산구 송정동,중상사고,0,1,0,0,차대차 - 정면충돌,신호위반,건조,맑음,교차로 - 교차로안,승용,여,29세,상해없음,이륜,남,40세,중상
2023061500100623,2023년 6월 15일 22시,목요일,광주광역시 광산구 하산동,경상사고,0,0,1,0,차대차 - 추돌,안전운전불이행,건조,맑음,교차로 - 교차로부근,승용,남,52세,상해없음,승용,남,35세,경상
2023061500100633,2023년 6월 15일 23시,목요일,광주광역시 서구 내방동,경상사고,0,0,2,0,차대차 - 측면충돌,신호위반,건조,맑음,교차로 - 교차로안,승용,여,32세,상해없음,승용,남,23세,경상
2023061600100018,2023년 6월 16일 01시,금요일,광주광역시 남구 봉선동,경상사고,0,0,2,0,차대사람 - 횡단중,신호위반,건조,맑음,교차로 - 교차로부근,기타불명,기타불명,미분류,기타불명,보행자,여,13세,경상
2023061600100051,2023년 6월 16일 06시,금요일,광주광역시 광산구 신창동,사망사고,1,0,0,0,차대차 - 측면충돌,신호위반,건조,맑음,교차로 - 교차로안,승용,남,24세,상해없음,화물,남,37세,사망
2023061600100071,2023년 6월 16일 07시,금요일,광주광역시 북구 용봉동,경상사고,0,0,1,0,차대차 - 기타,안전운전불이행,건조,맑음,교차로 - 교차로안,승용,여,53세,상해없음,승용,여,65세,경상
2023061600100109,2023년 6월 16일 08시,금요일,광주광역시 서구 쌍촌동,중상사고,0,1,0,0,차대사람 - 횡단중,안전운전불이행,건조,맑음,교차로 - 교차로안,승용,남,48세,상해없음,보행자,남,89세,중상
2023061600100110,2023년 6월 16일 08시,금요일,광주광역시 서구 매월동,중상사고,0,1,5,0,차대차 - 측면충돌,안전운전불이행,건조,맑음,단일로 - 기타,화물,남,55세,중상,승용,남,31세,경상
2023061600100138,2023년 6월 16일 09시,금요일,광주광역시 서구 매월동,경상사고,0,0,2,0,차대차 - 추돌,안전운전불이행,건조,맑음,단일로 - 기타,승용,남,56세,상해없음,승용,남,65세,경상
2023061600100169,2023년 6월 16일 10시,금요일,광주광역시 북구 중흥동,경상사고,0,0,1,0,차대사람 - 길가장자리구역통행중,안전운전불이행,건조,맑음,단일로 - 기타,승용,남,79세,상해없음,보행자,여,18세,경상
2023061600100213,2023년 6월 16일 11시,금요일,광주광역시 동구 수기동,경상사고,0,0,1,0,차대차 - 기타,차로위반,건조,맑음,기타 - 기타,승용,남,62세,상해없음,승용,남,42세,경상
2023061600100252,2023년 6월 16일 12시,금요일,광주광역시 남구 백운동,경상사고,0,0,1,0,차대차 - 측면충돌,안전운전불이행,건조,맑음,단일로 - 기타,승용,남,71세,기타불명,승용,남,63세,경상
2023061600100297,2023년 6월 16일 13시,금요일,광주광역시 남구 행암동,중상사고,0,2,0,0,차대차 - 정면충돌,교차로운행방법위반,건조,맑음,교차로 - 교차로안,승용,남,77세,상해없음,화물,남,39세,중상
2023061600100335,2023년 6월 16일 14시,금요일,광주광역시 광산구 비아동,경상사고,0,0,1,0,차대차 - 기타,불법유턴,건조,맑음,교차로 - 교차로부근,승용,남,74세,상해없음,이륜,남,30세,경상
2023061600100429,2023년 6월 16일 16시,금요일,광주광역시 북구 신안동,경상사고,0,0,2,0,차대차 - 후진중충돌,안전운전불이행,건조,맑음,교차로 - 교차로부근,화물,남,61세,경상,승용,남,29세,경상
2023061600100431,2023년 6월 16일 16시,금요일,광주광역시 광산구 비아동,경상사고,0,0,3,0,차대차 - 측면충돌,직진우회전진행방해,건조,맑음,교차로 - 교차로안,화물,남,52세,경상,승용,남,69세,경상
2023061600100497,2023년 6월 16일 17시,금요일,광주광역시 서구 마륵동,경상사고,0,0,1,0,차대사람 - 기타,안전운전불이행,건조,맑음,기타 - 기타,승용,여,56세,상해없음,보행자,남,82세,경상
2023061600100498,2023년 6월 16일 17시,금요일,광주광역시 광산구 우산동,경상사고,0,0,1,0,차대차 - 측면충돌,안전거리미확보,건조,맑음,단일로 - 기타,승용,남,27세,상해없음,승용,남,48세,경상
2023061600100553,2023년 6월 16일 18시,금요일,광주광역시 광산구 산정동,경상사고,0,0,2,0,차대차 - 기타,안전운전불이행,건조,맑음,단일로 - 기타,승합,남,73세,상해없음,승용,여,41세,경상
2023061600100554,2023년 6월 16일 18시,금요일,광주광역시 광산구 쌍암동,중상사고,0,1,0,0,차대차 - 기타,안전운전불이행,건조,맑음,교차로 - 교차로안,승용,남,50세,상해없음,이륜,남,18세,중상
2023061600100595,2023년 6월 16일 19시,금요일,광주광역시 광산구 장덕동,경상사고,0,0,1,0,차대차 - 측면충돌,안전운전불이행,건조,맑음,단일로 - 기타,자전거,남,60세,경상,승용,여,52세,상해없음
2023061600100653,2023년 6월 16일 21시,금요일,광주광역시 서구 풍암동,중상사고,0,1,0,0,차대사람 - 기타,안전운전불이행,건조,맑음,교차로 - 교차로부근,승용,남,48세,상해없음,보행자,남,58세,중상
2023061600100654,2023년 6월 16일 21시,금요일,광주광역시 남구 백운동,경상사고,0,0,1,0,차대차 - 후진중충돌,안전운전불이행,건조,맑음,교차로 - 교차로부근,승합,여,59세,상해없음,이륜,남,39세,경상
2023061600100676,2023년 6월 16일 22시,금요일,광주광역시 서구 화정동,경상사고,0,0,1,0,차량단독 - 기타,안전운전불이행,건조,맑음,교차로 - 교차로횡단보도내,승용,남,53세,상해없음,,,,
2023061600100700,2023년 6월 16일 23시,금요일,광주광역시 서구 농성동,경상사고,0,0,1,0,차대사람 - 기타,안전운전불이행,건조,맑음,단일로 - 기타,승용,남,67세,상해없음,보행자,남,51세,경상
2023061600100701,2023년 6월 16일 23시,금요일,광주광역시 북구 용봉동,경상사고,0,0,1,0,차대사람 - 기타,안전운전불이행,건조,맑음,교차로 - 교차로안,승용,남,22세,상해없음,보행자,남,21세,경상
2023061700100012,2023년 6월 17일 00시,토요일,광주광역시 서구 쌍촌동,경상사고,0,0,1,0,차대차 - 기타,안전운전불이행,건조,맑음,교차로 - 교차로부근,승용,남,67세,상해없음,이륜,남,24세,경상
2023061700100028,2023년 6월 17일 01시,토요일,광주광역시 북구 용두동,경상사고,0,0,1,0,차대차 - 추돌,안전운전불이행,건조,맑음,단일로 - 기타,승용,남,30세,기타불명,이륜,남,54세,경상
2023061700100038,2023년 6월 17일 02시,토요일,광주광역시 서구 치평동,경상사고,0,0,1,0,차대차 - 기타,신호위반,건조,맑음,교차로 - 교차로안,승용,남,22세,상해없음,승용,남,56세,경상
2023061700100039,2023년 6월 17일 02시,토요일,광주광역시 서구 치평동,경상사고,0,0,1,0,차대사람 - 횡단중,안전운전불이행,건조,맑음,교차로 - 교차로횡단보도내,승용,남,39세,상해없음,보행자,남,41세,경상
2023061700100040,2023년 6월 17일 02시,토요일,광주광역시 서구 쌍촌동,경상사고,0,0,3,0,차대차 - 측면충돌,교차로운행방법위반,건조,맑음,교차로 - 교차로안,승용,남,58세,상해없음,승용,남,30세,경상
2023061700100041,2023년 6월 17일 02시,토요일,광주광역시 북구 신용동,경상사고,0,0,1,0,차대차 - 측면충돌,기타,기타,기타,교차로 - 교차로부근,승용,남,68세,상해없음,승용,남,80세,상해없음
2023061700100042,2023년 6월 17일 02시,토요일,광주광역시 광산구 신창동,경상사고,0,0,1,0,차대차 - 측면충돌,신호위반,건조,맑음,교차로 - 교차로부근,이륜,남,16세,상해없음,승용,남,64세,경상
2023061700100043,2023년 6월 17일 02시,토요일,광주광역시 광산구 우산동,경상사고,0,0,1,0,차대사람 - 기타,중앙선침범,건조,맑음,교차로 - 교차로안,승용,남,63세,상해없음,보행자,남,30세,경상
2023061700100051,2023년 6월 17일 03시,토요일,광주광역시 남구 백운동,경상사고,0,0,1,0,차대차 - 추돌,안전운전불이행,건조,맑음,교차로 - 교차로부근,승용,남,25세,상해없음,승용,남,48세,경상
2023061700100059,2023년 6월 17일 04시,토요일,광주광역시 동구 계림동,경상사고,0,0,1,0,차대차 - 기타,안전거리미확보,건조,흐림,기타 - 기타,승용,남,65세,상해없음,화물,남,72세,경상
2023061700100075,2023년 6월 17일 06시,토요일,광주광역시 북구 중흥동,경상사고,0,0,1,1,차대차 - 측면충돌,신호위반,건조,맑음,교차로 - 교차로안,이륜,여,31세,부상신고,승용,남,51세,경상
2023061700100146,2023년 6월 17일 09시,토요일,광주광역시 북구 두암동,경상사고,0,0,1,0,차대차 - 기타,교차로운행방법위반,건조,맑음,교차로 - 교차로안,화물,남,82세,상해없음,자전거,남,71세,경상
2023061700100274,2023년 6월 17일 12시,토요일,광주광역시 광산구 소촌동,경상사고,0,0,3,0,차대차 - 측면충돌,신호위반,건조,맑음,기타 - 기타,승용,여,27세,상해없음,승용,남,59세,경상
2023061700100275,2023년 6월 17일 12시,토요일,광주광역시 광산구 신창동,경상사고,0,0,1,0,차대차 - 기타,안전거리미확보,건조,맑음,단일로 - 기타,승용,남,67세,상해없음,이륜,남,32세,경상
2023061700100323,2023년 6월 17일 13시,토요일,광주광역시 광산구 송정동,경상사고,0,0,1,0,차대차 - 측면충돌,안전운전불이행,건조,맑음,단일로 - 기타,이륜,남,23세,경상,승용,남,26세,상해없음
2023061700100366,2023년 6월 17일 14시,토요일,광주광역시 서구 광천동,경상사고,0,0,1,0,차대차 - 측면충돌,안전운전불이행,건조,맑음,단일로 - 기타,승용,남,31세,상해없음,승용,여,38세,경상
2023061700100367,2023년 6월 17일 14시,토요일,광주광역시 남구 봉선동,경상사고,0,0,2,0,차대차 - 추돌,안전거리미확보,건조,맑음,단일로 - 기타,승용,남,65세,상해없음,승용,남,55세,경상
2023061700100368,2023년 6월 17일 14시,토요일,광주광역시 광산구 하남동,경상사고,0,0,1,0,차대차 - 기타,신호위반,건조,맑음,교차로 - 교차로안,승용,남,41세,기타불명,승용,여,39세,경상
2023061700100400,2023년 6월 17일 15시,토요일,광주광역시 서구 유촌동,경상사고,0,0,1,0,차대차 - 추돌,안전운전불이행,건조,맑음,교차로 - 교차로부근,승용,여,30세,상해없음,승용,여,41세,경상
2023061700100448,2023년 6월 17일 16시,토요일,광주광역시 북구 두암동,경상사고,0,0,1,0,차대사람 - 횡단중,안전운전불이행,건조,맑음,교차로 - 교차로안,승용,여,55세,상해없음,보행자,남,88세,경상
2023061700100449,2023년 6월 17일 16시,토요일,광주광역시 광산구 서봉동,중상사고,0,2,2,0,차대차 - 추돌,안전운전불이행,건조,맑음,단일로 - 기타,승용,여,51세,기타불명,승용,여,67세,경상
2023061700100485,2023년 6월 17일 17시,토요일,광주광역시 동구 대인동,경상사고,0,0,2,0,차대차 - 기타,신호위반,건조,맑음,교차로 - 교차로안,승용,남,55세,경상,화물,남,62세,경상
2023061700100519,2023년 6월 17일 18시,토요일,광주광역시 서구 쌍촌동,경상사고,0,0,1,0,차대차 - 기타,안전운전불이행,건조,맑음,단일로 - 기타,승용,여,52세,상해없음,원동기,남,39세,경상
2023061700100520,2023년 6월 17일 18시,토요일,광주광역시 광산구 도천동,경상사고,0,0,1,0,차대차 - 측면충돌,안전운전불이행,건조,맑음,교차로 - 교차로안,승용,남,58세,상해없음,승용,여,32세,경상
2023061700100543,2023년 6월 17일 19시,토요일,광주광역시 동구 계림동,경상사고,0,0,2,0,차대차 - 기타,안전운전불이행,건조,맑음,단일로 - 기타,승용,남,65세,경상,이륜,남,53세,경상
2023061700100544,2023년 6월 17일 19시,토요일,광주광역시 광산구 신가동,경상사고,0,0,1,0,차대차 - 기타,불법유턴,건조,맑음,단일로 - 기타,승용,남,55세,상해없음,승용,남,39세,경상
2023061700100559,2023년 6월 17일 20시,토요일,광주광역시 동구 서석동,경상사고,0,0,1,0,차대차 - 기타,안전운전불이행,건조,맑음,교차로 - 교차로횡단보도내,승용,남,19세,상해없음,개인형이동수단(PM),여,20세,경상
2023061700100586,2023년 6월 17일 21시,토요일,광주광역시 서구 쌍촌동,경상사고,0,0,5,0,차대차 - 기타,교차로운행방법위반,건조,맑음,교차로 - 교차로안,승용,남,30세,상해없음,승용,남,30세,경상
2023061700100607,2023년 6월 17일 22시,토요일,광주광역시 광산구 쌍암동,중상사고,0,1,0,0,차대사람 - 횡단중,보행자보호의무위반,건조,맑음,교차로 - 교차로횡단보도내,승용,남,69세,상해없음,보행자,여,24세,중상
2023061700100622,2023년 6월 17일 23시,토요일,광주광역시 북구 동림동,경상사고,0,0,2,0,차대차 - 측면충돌,안전운전불이행,건조,맑음,교차로 - 교차로부근,승용,남,43세,경상,승용,여,29세,경상
2023061800100031,2023년 6월 18일 02시,일요일,광주광역시 동구 장동,경상사고,0,0,2,0,차대차 - 기타,안전거리미확보,건조,맑음,기타 - 기타,승용,남,20세,상해없음,승용,여,21세,경상
2023061800100094,2023년 6월 18일 09시,일요일,광주광역시 광산구 도산동,경상사고,0,0,1,0,차대차 - 기타,안전운전불이행,건조,맑음,기타 - 기타,이륜,남,76세,기타불명,자전거,남,80세,경상
2023061800100139,2023년 6월 18일 11시,일요일,광주광역시 북구 운암동,경상사고,0,0,1,0,차대차 - 추돌,안전거리미확보,건조,맑음,기타 - 기타,승용,남,41세,상해없음,승용,남,65세,경상
2023061800100163,2023년 6월 18일 12시,일요일,광주광역시 동구 계림동,경상사고,0,0,1,0,차대차 - 후진중충돌,안전운전불이행,건조,맑음,기타 - 기타,승용,남,48세,상해없음,승용,남,29세,경상
2023061800100203,2023년 6월 18일 13시,일요일,광주광역시 서구 금호동,중상사고,0,1,0,0,차대차 - 측면충돌,신호위반,건조,맑음,교차로 - 교차로안,이륜,남,45세,중상,승합,남,66세,상해없음
2023061800100261,2023년 6월 18일 15시,일요일,광주광역시 북구 운암동,경상사고,0,0,1,0,차대차 - 후진중충돌,안전운전불이행,건조,맑음,단일로 - 기타,승용,남,38세,상해없음,원동기,남,51세,경상
2023061800100262,2023년 6월 18일 15시,일요일,광주광역시 광산구 송정동,경상사고,0,0,2,0,차대차 - 측면충돌,안전거리미확보,건조,맑음,단일로 - 기타,승용,남,37세,기타불명,승용,남,37세,경상
2023061800100297,2023년 6월 18일 16시,일요일,광주광역시 광산구 우산동,경상사고,0,0,1,0,차대차 - 정면충돌,안전거리미확보,건조,맑음,단일로 - 기타,자전거,남,24세,경상,승용,여,51세,상해없음
2023061800100299,2023년 6월 18일 16시,일요일,광주광역시 광산구 산정동,중상사고,0,1,0,0,차대차 - 기타,교차로운행방법위반,건조,맑음,교차로 - 교차로안,승용,기타불명,미분류,기타불명,이륜,남,54세,중상
2023061800100322,2023년 6월 18일 17시,일요일,광주광역시 광산구 우산동,경상사고,0,0,1,0,차대차 - 측면충돌,신호위반,건조,맑음,교차로 - 교차로안,승용,남,26세,상해없음,이륜,남,20세,경상
2023061800100376,2023년 6월 18일 19시,일요일,광주광역시 광산구 수완동,경상사고,0,0,1,0,차대차 - 기타,안전운전불이행,건조,맑음,기타 - 기타,승용,여,19세,상해없음,자전거,남,9세,경상
2023061800100404,2023년 6월 18일 20시,일요일,광주광역시 북구 양산동,경상사고,0,0,3,0,차대차 - 측면충돌,신호위반,건조,맑음,교차로 - 교차로안,승용,남,55세,경상,승용,여,32세,경상
2023061800100405,2023년 6월 18일 20시,일요일,광주광역시 북구 일곡동,경상사고,0,0,3,0,차대차 - 기타,교차로운행방법위반,건조,맑음,기타 - 기타,승용,여,41세,경상,승용,남,23세,경상
2023061800100422,2023년 6월 18일 21시,일요일,광주광역시 광산구 소촌동,경상사고,0,0,1,0,차대차 - 추돌,안전운전불이행,건조,맑음,단일로 - 기타,승용,남,20세,상해없음,승용,여,26세,경상
2023061900100127,2023년 6월 19일 08시,월요일,광주광역시 북구 중흥동,중상사고,0,1,1,0,차대차 - 측면충돌,안전운전불이행,건조,맑음,교차로 - 교차로안,승합,남,62세,상해없음,이륜,여,59세,경상
2023061900100177,2023년 6월 19일 09시,월요일,광주광역시 북구 본촌동,부상신고사고,0,0,0,1,차대차 - 기타,안전운전불이행,건조,맑음,교차로 - 교차로안,개인형이동수단(PM),여,22세,부상신고,화물,남,57세,상해없음
2023061900100178,2023년 6월 19일 09시,월요일,광주광역시 서구 동천동,경상사고,0,0,2,0,차대차 - 측면충돌,안전거리미확보,건조,맑음,단일로 - 기타,승용,남,58세,상해없음,승용,여,26세,경상
2023061900100203,2023년 6월 19일 10시,월요일,광주광역시 북구 문흥동,경상사고,0,0,2,0,차대차 - 추돌,안전거리미확보,건조,맑음,단일로 - 기타,승합,남,64세,상해없음,승용,남,49세,경상
2023061900100289,2023년 6월 19일 12시,월요일,광주광역시 동구 학동,경상사고,0,0,1,0,차대사람 - 횡단중,안전운전불이행,건조,맑음,단일로 - 기타,승용,남,20세,상해없음,보행자,남,39세,경상
2023061900100366,2023년 6월 19일 14시,월요일,광주광역시 서구 금호동,경상사고,0,0,1,1,차대차 - 기타,신호위반,건조,맑음,단일로 - 기타,승용,여,42세,부상신고,이륜,남,27세,경상
2023061900100367,2023년 6월 19일 14시,월요일,광주광역시 북구 장등동,중상사고,0,2,0,0,차대차 - 추돌,안전운전불이행,기타,기타,단일로 - 기타,승용,남,55세,상해없음,승용,남,69세,중상
2023061900100477,2023년 6월 19일 16시,월요일,광주광역시 서구 농성동,경상사고,0,0,1,0,차대차 - 기타,교차로운행방법위반,건조,맑음,교차로 - 교차로안,승용,여,32세,상해없음,승용,남,55세,상해없음
2023061900100478,2023년 6월 19일 16시,월요일,광주광역시 서구 금호동,경상사고,0,0,1,0,차대차 - 추돌,안전운전불이행,건조,맑음,교차로 - 교차로부근,승용,남,68세,상해없음,승용,여,43세,경상
2023061900100479,2023년 6월 19일 16시,월요일,광주광역시 남구 주월동,경상사고,0,0,1,0,차대차 - 측면충돌,안전운전불이행,건조,맑음,단일로 - 기타,승용,여,52세,기타불명,승용,여,43세,경상
2023061900100480,2023년 6월 19일 16시,월요일,광주광역시 광산구 산정동,경상사고,0,0,1,0,차대차 - 기타,직진우회전진행방해,건조,맑음,교차로 - 교차로안,승용,남,67세,상해없음,승용,남,59세,경상
2023061900100481,2023년 6월 19일 16시,월요일,광주광역시 광산구 신창동,경상사고,0,0,2,0,차대차 - 기타,안전운전불이행,건조,맑음,교차로 - 교차로안,승용,여,48세,경상,승용,여,43세,경상
2023061900100482,2023년 6월 19일 16시,월요일,광주광역시 광산구 본덕동,경상사고,0,0,2,0,차대차 - 기타,안전거리미확보,건조,맑음,단일로 - 기타,승용,남,72세,경상,승용,남,24세,상해없음
2023061900100506,2023년 6월 19일 17시,월요일,광주광역시 광산구 도천동,중상사고,0,1,1,0,차대차 - 추돌,교차로운행방법위반,건조,맑음,교차로 - 교차로부근,화물,남,54세,경상,승용,여,31세,중상
2023061900100553,2023년 6월 19일 18시,월요일,광주광역시 광산구 우산동,경상사고,0,0,1,2,차대차 - 기타,안전거리미확보,건조,맑음,기타 - 기타,승용,남,28세,기타불명,승용,남,38세,경상
2023061900100585,2023년 6월 19일 19시,월요일,광주광역시 광산구 우산동,경상사고,0,0,5,0,차대차 - 추돌,기타,건조,맑음,단일로 - 기타,승용,남,49세,경상,승용,남,36세,경상
2023061900100642,2023년 6월 19일 21시,월요일,광주광역시 동구 학동,경상사고,0,0,2,0,차대차 - 추돌,안전운전불이행,건조,맑음,단일로 - 기타,승용,여,65세,경상,승합,남,54세,경상
2023061900100643,2023년 6월 19일 21시,월요일,광주광역시 광산구 소촌동,경상사고,0,0,1,0,차대차 - 측면충돌,안전거리미확보,건조,맑음,단일로 - 기타,승용,남,28세,상해없음,승용,남,31세,경상
2023061900100644,2023년 6월 19일 21시,월요일,광주광역시 광산구 복룡동,경상사고,0,0,1,0,차대차 - 기타,안전거리미확보,건조,맑음,단일로 - 기타,승용,남,37세,상해없음,승용,남,54세,경상
2023061900100668,2023년 6월 19일 22시,월요일,광주광역시 광산구 산월동,경상사고,0,0,1,0,차대차 - 기타,안전거리미확보,건조,맑음,단일로 - 기타,승용,남,23세,상해없음,승용,남,56세,경상
2023061900100675,2023년 6월 19일 23시,월요일,광주광역시 광산구 신창동,경상사고,0,0,1,0,차대사람 - 기타,안전운전불이행,젖음/습기,맑음,단일로 - 기타,승용,남,41세,기타불명,보행자,여,23세,경상
2023062000100032,2023년 6월 20일 05시,화요일,광주광역시 북구 용봉동,경상사고,0,0,1,0,차대차 - 측면충돌,안전운전불이행,건조,맑음,교차로 - 교차로안,승용,남,67세,상해없음,화물,남,38세,경상
2023062000100033,2023년 6월 20일 05시,화요일,광주광역시 광산구 월곡동,중상사고,0,1,0,0,차대사람 - 기타,안전운전불이행,건조,맑음,교차로 - 교차로안,승합,남,48세,상해없음,보행자,여,71세,중상
2023062000100041,2023년 6월 20일 06시,화요일,광주광역시 광산구 하남동,경상사고,0,0,1,0,차대차 - 기타,교차로운행방법위반,건조,맑음,교차로 - 교차로안,승용,남,71세,상해없음,승용,남,37세,경상
2023062000100100,2023년 6월 20일 08시,화요일,광주광역시 서구 매월동,경상사고,0,0,1,0,차대차 - 기타,안전거리미확보,건조,맑음,교차로 - 교차로부근,승합,남,74세,상해없음,승용,남,34세,경상