사고번호,사고일시,요일,시군구,사고내용,사망자수,중상자수,경상자수,부상신고자수,사고유형,법규위반,노면상태,기상상태,도로형태,가해운전자 차종,가해운전자 성별,가해운전자 연령,가해운전자 상해정도,피해운전자 차종,피해운전자 성별,피해운전자 연령,피해운전자 상해정도
2023062600100474,2023년 6월 26일 19시,월요일,광주광역시 광산구 신가동,경상사고,0,0,1,0,차대차 - 추돌,안전운전불이행,젖음/습기,비,교차로 - 교차로부근,기타불명,기타불명,미분류,기타불명,승용,남,40세,경상
2023062600100495,2023년 6월 26일 20시,월요일,광주광역시 동구 운림동,경상사고,0,0,1,0,차대차 - 기타,안전거리미확보,젖음/습기,비,단일로 - 기타,승용,남,72세,상해없음,이륜,남,41세,경상
2023062600100551,2023년 6월 26일 22시,월요일,광주광역시 남구 월산동,경상사고,0,0,1,0,차량단독 - 기타,안전운전불이행,젖음/습기,비,단일로 - 기타,승용,남,38세,상해없음,,,,
2023062700100013,2023년 6월 27일 01시,화요일,광주광역시 동구 계림동,부상신고사고,0,0,0,1,차대사람 - 횡단중,안전운전불이행,젖음/습기,비,단일로 - 기타,승용,남,60세,상해없음,보행자,여,63세,부상신고
2023062700100022,2023년 6월 27일 03시,화요일,광주광역시 북구 각화동,경상사고,0,0,2,0,차대차 - 측면충돌,안전운전불이행,젖음/습기,맑음,교차로 - 교차로안,화물,남,69세,상해없음,승용,남,30세,경상
2023062700100033,2023년 6월 27일 05시,화요일,광주광역시 북구 운암동,중상사고,0,1,0,0,차대사람 - 횡단중,보행자보호의무위반,건조,맑음,교차로 - 교차로횡단보도내,승용,남,69세,상해없음,보행자,여,58세,중상
2023062700100060,2023년 6월 27일 07시,화요일,광주광역시 서구 쌍촌동,경상사고,0,0,1,0,차대차 - 기타,교차로운행방법위반,건조,맑음,교차로 - 교차로안,승용,남,67세,상해없음,승용,남,26세,경상
2023062700100194,2023년 6월 27일 11시,화요일,광주광역시 동구 산수동,경상사고,0,0,1,0,차대차 - 후진중충돌,안전운전불이행,건조,맑음,교차로 - 교차로안,승용,남,59세,상해없음,승용,남,35세,경상
2023062700100195,2023년 6월 27일 11시,화요일,광주광역시 서구 쌍촌동,경상사고,0,0,1,0,차대사람 - 횡단중,신호위반,젖음/습기,비,교차로 - 교차로횡단보도내,승용,남,26세,상해없음,보행자,여,39세,경상
2023062700100261,2023년 6월 27일 13시,화요일,광주광역시 북구 신안동,경상사고,0,0,1,0,차대차 - 추돌,안전거리미확보,건조,맑음,단일로 - 기타,승용,여,59세,기타불명,승용,여,60세,경상
2023062700100303,2023년 6월 27일 14시,화요일,광주광역시 서구 농성동,경상사고,0,0,3,0,차대사람 - 기타,안전운전불이행,건조,맑음,교차로 - 교차로부근,승용,여,75세,경상,보행자,남,30세,경상
2023062700100304,2023년 6월 27일 14시,화요일,광주광역시 북구 북동,경상사고,0,0,2,0,차대차 - 기타,안전운전불이행,건조,맑음,교차로 - 교차로안,승용,여,63세,상해없음,승용,남,40세,경상
2023062700100305,2023년 6월 27일 14시,화요일,광주광역시 광산구 수완동,경상사고,0,0,5,0,차대차 - 기타,신호위반,건조,맑음,교차로 - 교차로안,승합,남,70세,상해없음,승용,남,64세,경상
2023062700100370,2023년 6월 27일 16시,화요일,광주광역시 서구 치평동,경상사고,0,0,3,0,차대차 - 측면충돌,교차로운행방법위반,건조,맑음,교차로 - 교차로부근,승용,남,46세,상해없음,승용,남,40세,경상
2023062700100371,2023년 6월 27일 16시,화요일,광주광역시 북구 오치동,경상사고,0,0,2,0,차대차 - 추돌,안전거리미확보,건조,맑음,교차로 - 교차로부근,화물,남,59세,기타불명,승용,여,65세,경상
2023062700100426,2023년 6월 27일 17시,화요일,광주광역시 동구 대인동,경상사고,0,0,1,0,차대차 - 측면충돌,안전운전불이행,건조,맑음,단일로 - 기타,승용,여,62세,상해없음,승용,여,81세,경상
2023062700100427,2023년 6월 27일 17시,화요일,광주광역시 남구 주월동,경상사고,0,0,1,0,차대차 - 후진중충돌,불법유턴,건조,맑음,단일로 - 기타,승용,남,64세,상해없음,승용,남,45세,경상
2023062700100428,2023년 6월 27일 17시,화요일,광주광역시 광산구 월전동,경상사고,0,0,1,0,차대차 - 기타,안전거리미확보,건조,맑음,단일로 - 기타,화물,남,57세,상해없음,승합,남,65세,상해없음
2023062700100474,2023년 6월 27일 18시,화요일,광주광역시 서구 치평동,경상사고,0,0,1,0,차대차 - 정면충돌,중앙선침범,건조,맑음,교차로 - 교차로횡단보도내,승용,여,37세,상해없음,승용,여,50세,경상
2023062700100475,2023년 6월 27일 18시,화요일,광주광역시 북구 중흥동,경상사고,0,0,1,0,차대차 - 측면충돌,안전운전불이행,건조,맑음,단일로 - 기타,이륜,남,36세,경상,승용,남,24세,상해없음
2023062700100476,2023년 6월 27일 18시,화요일,광주광역시 북구 임동,경상사고,0,0,1,0,차량단독 - 기타,안전운전불이행,건조,맑음,단일로 - 기타,승용,남,65세,상해없음,,,,
2023062700100477,2023년 6월 27일 18시,화요일,광주광역시 광산구 송정동,경상사고,0,0,1,0,차대차 - 기타,안전운전불이행,건조,맑음,교차로 - 교차로부근,승용,여,62세,기타불명,이륜,남,27세,경상
2023062700100478,2023년 6월 27일 18시,화요일,광주광역시 광산구 하남동,경상사고,0,0,1,0,차대차 - 측면충돌,교차로운행방법위반,건조,맑음,교차로 - 교차로안,승용,남,63세,상해없음,승용,남,30세,경상
2023062700100565,2023년 6월 27일 21시,화요일,광주광역시 동구 학동,경상사고,0,0,1,0,차대차 - 측면충돌,신호위반,젖음/습기,비,단일로 - 기타,승용,남,55세,상해없음,이륜,남,52세,경상
2023062700100566,2023년 6월 27일 21시,화요일,광주광역시 남구 백운동,경상사고,0,0,2,0,차대차 - 기타,안전운전불이행,젖음/습기,비,단일로 - 기타,승용,여,41세,상해없음,승용,남,40세,경상
2023062700100567,2023년 6월 27일 21시,화요일,광주광역시 북구 두암동,경상사고,0,0,2,0,차대차 - 측면충돌,안전거리미확보,젖음/습기,비,교차로 - 교차로부근,승용,남,26세,경상,승합,남,55세,경상
2023062700100606,2023년 6월 27일 23시,화요일,광주광역시 남구 주월동,경상사고,0,0,2,0,차대차 - 추돌,안전운전불이행,젖음/습기,비,교차로 - 교차로부근,승용,여,42세,기타불명,승용,여,35세,경상
2023062700100607,2023년 6월 27일 23시,화요일,광주광역시 광산구 수완동,경상사고,0,0,2,0,차대차 - 측면충돌,직진우회전진행방해,젖음/습기,비,교차로 - 교차로안,승용,여,49세,경상,승용,여,21세,경상
2023062800100018,2023년 6월 28일 00시,수요일,광주광역시 광산구 비아동,경상사고,0,0,1,0,차대차 - 정면충돌,중앙선침범,젖음/습기,비,단일로 - 기타,승용,남,29세,상해없음,승용,남,37세,경상
2023062800100030,2023년 6월 28일 02시,수요일,광주광역시 남구 월산동,경상사고,0,0,2,0,차대차 - 측면충돌,차로위반,젖음/습기,비,교차로 - 교차로부근,승용,남,73세,상해없음,승용,남,24세,경상
2023062800100031,2023년 6월 28일 02시,수요일,광주광역시 북구 각화동,경상사고,0,0,2,0,차량단독 - 공작물충돌,안전운전불이행,젖음/습기,비,단일로 - 기타,화물,남,62세,경상,,,,
2023062800100032,2023년 6월 28일 02시,수요일,광주광역시 북구 동림동,중상사고,0,1,0,0,차대차 - 추돌,안전운전불이행,젖음/습기,비,단일로 - 기타,승용,남,31세,상해없음,승용,남,70세,중상
2023062800100176,2023년 6월 28일 10시,수요일,광주광역시 남구 봉선동,경상사고,0,0,1,0,차대차 - 측면충돌,직진우회전진행방해,젖음/습기,맑음,교차로 - 교차로안,승용,남,73세,상해없음,승용,남,30세,경상
2023062800100177,2023년 6월 28일 10시,수요일,광주광역시 북구 각화동,경상사고,0,0,1,0,차대사람 - 횡단중,신호위반,건조,맑음,단일로 - 기타,승용,여,30세,상해없음,보행자,여,78세,경상
2023062800100317,2023년 6월 28일 15시,수요일,광주광역시 북구 각화동,경상사고,0,0,1,0,차대차 - 추돌,안전운전불이행,건조,맑음,교차로 - 교차로부근,승용,여,28세,상해없음,승용,여,49세,경상
2023062800100318,2023년 6월 28일 15시,수요일,광주광역시 광산구 장덕동,경상사고,0,0,1,0,차대사람 - 기타,안전운전불이행,건조,맑음,교차로 - 교차로부근,화물,남,27세,상해없음,보행자,남,12세,경상
2023062800100319,2023년 6월 28일 15시,수요일,광주광역시 광산구 수완동,경상사고,0,0,1,0,차대차 - 추돌,안전거리미확보,건조,맑음,교차로 - 교차로안,승용,남,28세,상해없음,승용,여,55세,경상
2023062800100462,2023년 6월 28일 18시,수요일,광주광역시 북구 용봉동,경상사고,0,0,1,0,차대차 - 측면충돌,안전거리미확보,건조,맑음,교차로 - 교차로부근,승합,남,64세,상해없음,승용,여,43세,경상
2023062800100463,2023년 6월 28일 18시,수요일,광주광역시 광산구 월계동,경상사고,0,0,1,0,차대사람 - 기타,기타,건조,맑음,기타 - 기타,개인형이동수단(PM),남,16세,상해없음,보행자,여,25세,경상
2023062800100491,2023년 6월 28일 19시,수요일,광주광역시 서구 쌍촌동,경상사고,0,0,2,0,차대차 - 측면충돌,직진우회전진행방해,건조,흐림,교차로 - 교차로안,승용,남,54세,상해없음,승용,남,22세,경상
2023062800100524,2023년 6월 28일 20시,수요일,광주광역시 서구 농성동,경상사고,0,0,1,0,차대차 - 추돌,불법유턴,건조,맑음,교차로 - 교차로부근,승용,남,40세,상해없음,원동기,남,42세,경상
2023062800100565,2023년 6월 28일 22시,수요일,광주광역시 북구 용봉동,경상사고,0,0,1,0,차대차 - 추돌,안전운전불이행,건조,흐림,단일로 - 기타,화물,남,56세,경상,승합,남,54세,상해없음
2023062900100031,2023년 6월 29일 04시,목요일,광주광역시 북구 양산동,경상사고,0,0,1,0,차대차 - 정면충돌,안전운전불이행,젖음/습기,비,교차로 - 교차로부근,승용,남,29세,상해없음,화물,남,44세,경상
2023062900100032,2023년 6월 29일 04시,목요일,광주광역시 북구 두암동,경상사고,0,0,2,0,차대차 - 기타,안전운전불이행,젖음/습기,비,교차로 - 교차로안,승용,남,59세,경상,승용,남,33세,상해없음
2023062900100051,2023년 6월 29일 06시,목요일,광주광역시 남구 백운동,경상사고,0,0,1,0,차대차 - 측면충돌,신호위반,건조,흐림,교차로 - 교차로안,승용,남,21세,기타불명,승용,남,44세,경상
2023062900100111,2023년 6월 29일 08시,목요일,광주광역시 서구 금호동,중상사고,0,1,0,0,차대사람 - 횡단중,신호위반,젖음/습기,흐림,교차로 - 교차로횡단보도내,승합,남,50세,상해없음,보행자,여,71세,중상
2023062900100112,2023년 6월 29일 08시,목요일,광주광역시 광산구 월곡동,경상사고,0,0,1,0,차대차 - 기타,불법유턴,건조,흐림,단일로 - 기타,승합,남,75세,상해없음,승용,여,31세,경상
2023062900100136,2023년 6월 29일 09시,목요일,광주광역시 동구 남동,경상사고,0,0,1,0,차대사람 - 차도통행중,안전운전불이행,건조,맑음,단일로 - 기타,화물,남,40세,상해없음,보행자,여,62세,경상
2023062900100163,2023년 6월 29일 10시,목요일,광주광역시 광산구 월계동,경상사고,0,0,1,0,차대차 - 추돌,안전운전불이행,건조,맑음,교차로 - 교차로부근,화물,남,57세,기타불명,화물,남,63세,경상
2023062900100204,2023년 6월 29일 11시,목요일,광주광역시 북구 유동,부상신고사고,0,0,0,1,차대차 - 추돌,안전운전불이행,건조,맑음,단일로 - 기타,이륜,남,43세,부상신고,승용,여,47세,상해없음
2023062900100289,2023년 6월 29일 13시,목요일,광주광역시 서구 광천동,경상사고,0,0,1,0,차대차 - 측면충돌,안전운전불이행,건조,맑음,단일로 - 기타,승합,남,61세,상해없음,승용,여,31세,경상
2023062900100350,2023년 6월 29일 15시,목요일,광주광역시 동구 지산동,경상사고,0,0,1,0,차대사람 - 기타,안전운전불이행,건조,맑음,단일로 - 기타,승용,남,54세,상해없음,보행자,남,40세,경상
2023062900100351,2023년 6월 29일 15시,목요일,광주광역시 서구 치평동,경상사고,0,0,3,0,차대차 - 기타,신호위반,건조,맑음,교차로 - 교차로안,승용,여,64세,상해없음,승용,남,61세,경상
2023062900100352,2023년 6월 29일 15시,목요일,광주광역시 광산구 도천동,경상사고,0,0,1,0,차대차 - 추돌,안전거리미확보,젖음/습기,맑음,단일로 - 기타,승용,남,29세,상해없음,승용,남,65세,경상
2023062900100392,2023년 6월 29일 16시,목요일,광주광역시 광산구 월곡동,경상사고,0,0,1,0,차대차 - 측면충돌,안전운전불이행,건조,맑음,교차로 - 교차로안,승용,남,28세,상해없음,승용,남,29세,경상
2023062900100424,2023년 6월 29일 17시,목요일,광주광역시 광산구 운수동,경상사고,0,0,1,0,차대차 - 기타,안전운전불이행,건조,맑음,단일로 - 기타,승용,남,35세,상해없음,승용,남,55세,경상
2023062900100464,2023년 6월 29일 18시,목요일,광주광역시 서구 치평동,경상사고,0,0,1,0,차대사람 - 기타,안전운전불이행,건조,맑음,주차장 - 주차장,승용,남,35세,상해없음,보행자,남,41세,경상
2023062900100489,2023년 6월 29일 19시,목요일,광주광역시 남구 봉선동,경상사고,0,0,1,0,차대차 - 측면충돌,안전운전불이행,건조,맑음,단일로 - 기타,승용,남,20세,상해없음,이륜,남,21세,경상
2023062900100490,2023년 6월 29일 19시,목요일,광주광역시 광산구 하남동,경상사고,0,0,1,0,차대차 - 기타,안전거리미확보,젖음/습기,비,단일로 - 기타,승합,남,21세,상해없음,승용,여,25세,경상
2023062900100563,2023년 6월 29일 22시,목요일,광주광역시 북구 용봉동,경상사고,0,0,4,0,차대차 - 추돌,안전거리미확보,젖음/습기,비,교차로 - 교차로부근,승용,남,55세,상해없음,승용,여,27세,경상
2023062900100585,2023년 6월 29일 23시,목요일,광주광역시 북구 신안동,경상사고,0,0,2,0,차대차 - 기타,중앙선침범,젖음/습기,비,단일로 - 기타,승용,남,38세,상해없음,승용,여,28세,경상
2023063000100017,2023년 6월 30일 00시,금요일,광주광역시 북구 중흥동,중상사고,0,1,0,0,차대사람 - 기타,안전운전불이행,젖음/습기,비,기타 - 기타,승용,남,26세,상해없음,보행자,남,39세,중상
2023063000100018,2023년 6월 30일 00시,금요일,광주광역시 광산구 선암동,경상사고,0,0,1,0,차대차 - 추돌,안전운전불이행,젖음/습기,비,교차로 - 교차로부근,승용,남,23세,상해없음,화물,여,46세,경상
2023063000100028,2023년 6월 30일 01시,금요일,광주광역시 북구 양산동,경상사고,0,0,2,0,차대차 - 추돌,안전운전불이행,젖음/습기,흐림,단일로 - 기타,승용,남,43세,상해없음,승용,여,23세,경상
2023063000100074,2023년 6월 30일 07시,금요일,광주광역시 서구 쌍촌동,경상사고,0,0,1,0,차대차 - 기타,안전운전불이행,젖음/습기,비,단일로 - 기타,승용,남,31세,상해없음,승용,여,44세,경상
2023063000100075,2023년 6월 30일 07시,금요일,광주광역시 북구 각화동,경상사고,0,0,1,0,차대차 - 기타,교차로운행방법위반,젖음/습기,비,교차로 - 교차로안,화물,남,60세,상해없음,자전거,남,68세,경상
2023063000100109,2023년 6월 30일 08시,금요일,광주광역시 남구 서동,경상사고,0,0,2,0,차대차 - 추돌,안전운전불이행,젖음/습기,비,교차로 - 교차로안,승용,남,56세,상해없음,승용,남,60세,경상
2023063000100168,2023년 6월 30일 10시,금요일,광주광역시 북구 삼각동,중상사고,0,1,0,0,차대차 - 정면충돌,신호위반,건조,맑음,교차로 - 교차로안,승용,여,57세,상해없음,화물,남,56세,중상
2023063000100169,2023년 6월 30일 10시,금요일,광주광역시 광산구 월계동,중상사고,0,1,0,0,차대차 - 측면충돌,신호위반,젖음/습기,흐림,교차로 - 교차로안,승용,남,35세,상해없음,이륜,남,22세,중상
2023063000100223,2023년 6월 30일 12시,금요일,광주광역시 서구 양동,경상사고,0,0,1,0,차대차 - 기타,안전거리미확보,건조,맑음,교차로 - 교차로부근,화물,남,76세,기타불명,승용,남,31세,경상
2023063000100224,2023년 6월 30일 12시,금요일,광주광역시 광산구 오선동,경상사고,0,0,2,0,차대차 - 추돌,안전운전불이행,건조,맑음,교차로 - 교차로부근,승용,남,37세,상해없음,승용,남,65세,경상
2023063000100345,2023년 6월 30일 16시,금요일,광주광역시 서구 매월동,경상사고,0,0,1,0,차대차 - 기타,안전거리미확보,건조,맑음,단일로 - 기타,승합,남,39세,상해없음,승용,남,37세,경상
2023063000100384,2023년 6월 30일 17시,금요일,광주광역시 북구 연제동,경상사고,0,0,1,0,차대차 - 추돌,안전운전불이행,건조,맑음,단일로 - 기타,승용,남,23세,상해없음,승용,남,33세,경상
2023063000100426,2023년 6월 30일 18시,금요일,광주광역시 서구 양동,경상사고,0,0,1,0,차대차 - 기타,안전운전불이행,건조,맑음,단일로 - 기타,승용,남,71세,상해없음,승용,여,24세,경상
2023063000100427,2023년 6월 30일 18시,금요일,광주광역시 광산구 신가동,경상사고,0,0,2,0,차대차 - 추돌,안전운전불이행,건조,맑음,단일로 - 기타,이륜,남,40세,상해없음,승용,남,69세,경상
2023063000100488,2023년 6월 30일 20시,금요일,광주광역시 남구 방림동,부상신고사고,0,0,0,1,차대차 - 기타,안전운전불이행,건조,맑음,교차로 - 교차로부근,기타불명,기타불명,미분류,기타불명,이륜,남,63세,부상신고
2023063000100510,2023년 6월 30일 21시,금요일,광주광역시 동구 산수동,경상사고,0,0,1,0,차대사람 - 횡단중,신호위반,젖음/습기,비,교차로 - 교차로횡단보도내,승용,남,61세,상해없음,보행자,남,68세,경상
2023063000100511,2023년 6월 30일 21시,금요일,광주광역시 광산구 옥동,경상사고,0,0,1,1,차대차 - 기타,중앙선침범,젖음/습기,비,단일로 - 기타,자전거,남,32세,경상,승합,남,63세,부상신고
2023063000100556,2023년 6월 30일 23시,금요일,광주광역시 북구 용봉동,경상사고,0,0,1,0,차대차 - 측면충돌,안전거리미확보,건조,맑음,단일로 - 기타,승용,여,31세,상해없음,이륜,남,25세,경상
2023070100100025,2023년 7월 1일 01시,토요일,광주광역시 서구 치평동,경상사고,0,0,1,0,차대차 - 추돌,안전운전불이행,젖음/습기,비,단일로 - 기타,승용,남,64세,상해없음,승용,남,32세,경상
2023070100100026,2023년 7월 1일 01시,토요일,광주광역시 광산구 우산동,경상사고,0,0,1,0,차대차 - 추돌,안전운전불이행,건조,맑음,교차로 - 교차로부근,승용,남,62세,상해없음,승용,남,50세,경상
2023070100100089,2023년 7월 1일 07시,토요일,광주광역시 동구 월남동,경상사고,0,0,1,0,차대차 - 추돌,안전운전불이행,건조,맑음,교차로 - 교차로부근,승용,남,76세,상해없음,승합,남,41세,경상
2023070100100251,2023년 7월 1일 13시,토요일,광주광역시 광산구 수완동,경상사고,0,0,3,0,차대차 - 측면충돌,안전운전불이행,건조,맑음,교차로 - 교차로안,승용,여,69세,경상,승용,남,40세,경상
2023070100100341,2023년 7월 1일 15시,토요일,광주광역시 북구 두암동,경상사고,0,0,5,0,차대차 - 후진중충돌,불법유턴,건조,맑음,교차로 - 교차로부근,승용,남,60세,기타불명,승용,남,41세,경상
2023070100100387,2023년 7월 1일 16시,토요일,광주광역시 북구 풍향동,경상사고,0,0,4,2,차대차 - 측면충돌,안전거리미확보,건조,맑음,단일로 - 기타,승용,남,70세,경상,승용,남,39세,경상
2023070100100481,2023년 7월 1일 18시,토요일,광주광역시 남구 진월동,경상사고,0,0,2,0,차대차 - 기타,신호위반,건조,맑음,교차로 - 교차로안,승용,여,47세,상해없음,이륜,남,21세,경상
2023070100100482,2023년 7월 1일 18시,토요일,광주광역시 북구 용봉동,경상사고,0,0,2,0,차대차 - 추돌,안전운전불이행,건조,맑음,교차로 - 교차로부근,승용,남,23세,상해없음,승용,남,25세,경상
2023070100100512,2023년 7월 1일 19시,토요일,광주광역시 북구 두암동,경상사고,0,0,2,0,차대차 - 측면충돌,안전운전불이행,건조,맑음,교차로 - 교차로안,화물,남,63세,상해없음,이륜,남,30세,경상
2023070100100539,2023년 7월 1일 20시,토요일,광주광역시 북구 매곡동,경상사고,0,0,1,1,차대사람 - 횡단중,안전운전불이행,건조,맑음,단일로 - 기타,이륜,남,37세,부상신고,보행자,여,63세,경상
2023070100100575,2023년 7월 1일 21시,토요일,광주광역시 광산구 월곡동,경상사고,0,0,1,0,차대차 - 기타,안전운전불이행,건조,맑음,교차로 - 교차로부근,기타불명,기타불명,미분류,기타불명,승용,여,32세,경상
2023070100100600,2023년 7월 1일 22시,토요일,광주광역시 북구 두암동,중상사고,0,1,0,0,차대사람 - 횡단중,안전운전불이행,건조,맑음,단일로 - 기타,승용,남,51세,상해없음,보행자,여,74세,중상
2023070200100008,2023년 7월 2일 00시,일요일,광주광역시 북구 용두동,경상사고,0,0,1,0,차대사람 - 기타,보행자보호의무위반,건조,맑음,교차로 - 교차로횡단보도내,승용,남,43세,상해없음,보행자,여,27세,경상
2023070200100009,2023년 7월 2일 00시,일요일,광주광역시 북구 양산동,중상사고,0,1,0,0,차대사람 - 횡단중,보행자보호의무위반,건조,맑음,교차로 - 교차로횡단보도내,승용,여,36세,상해없음,보행자,여,46세,중상
2023070200100025,2023년 7월 2일 02시,일요일,광주광역시 서구 치평동,경상사고,0,0,1,1,차대차 - 측면충돌,안전운전불이행,건조,맑음,단일로 - 기타,이륜,남,22세,부상신고,승용,남,72세,경상
2023070200100116,2023년 7월 2일 11시,일요일,광주광역시 광산구 월전동,경상사고,0,0,1,0,차대차 - 측면충돌,안전운전불이행,건조,맑음,단일로 - 기타,승용,여,61세,상해없음,승용,남,64세,경상
2023070200100117,2023년 7월 2일 11시,일요일,광주광역시 광산구 산정동,경상사고,0,0,2,0,차대차 - 측면충돌,안전운전불이행,건조,맑음,단일로 - 기타,승용,남,50세,상해없음,승용,남,41세,경상
2023070200100176,2023년 7월 2일 13시,일요일,광주광역시 서구 광천동,경상사고,0,0,1,0,차대차 - 기타,안전거리미확보,건조,맑음,단일로 - 기타,승용,남,67세,상해없음,승용,남,62세,경상
2023070200100240,2023년 7월 2일 16시,일요일,광주광역시 북구 운암동,경상사고,0,0,1,0,차대차 - 측면충돌,안전운전불이행,건조,맑음,교차로 - 교차로안,승용,남,25세,상해없음,승용,남,30세,경상
2023070200100293,2023년 7월 2일 18시,일요일,광주광역시 남구 진월동,경상사고,0,0,4,0,차대차 - 추돌,안전운전불이행,건조,맑음,단일로 - 기타,승용,남,29세,상해없음,승용,남,47세,경상
2023070200100344,2023년 7월 2일 20시,일요일,광주광역시 북구 문흥동,경상사고,0,0,1,0,차대차 - 측면충돌,안전운전불이행,건조,맑음,교차로 - 교차로부근,승용,여,26세,상해없음,승용,여,61세,경상
2023070200100374,2023년 7월 2일 21시,일요일,광주광역시 북구 용봉동,경상사고,0,0,1,0,차대차 - 기타,안전운전불이행,건조,맑음,교차로 - 교차로부근,화물,남,61세,상해없음,이륜,남,16세,경상
2023070200100375,2023년 7월 2일 21시,일요일,광주광역시 광산구 하남동,경상사고,0,0,1,0,차대차 - 기타,안전운전불이행,건조,맑음,단일로 - 기타,승용,여,53세,상해없음,이륜,남,33세,경상
2023070200100399,2023년 7월 2일 22시,일요일,광주광역시 광산구 신가동,경상사고,0,0,2,0,차대차 - 측면충돌,안전운전불이행,건조,맑음,교차로 - 교차로안,승용,남,36세,상해없음,승용,여,49세,경상
2023070200100408,2023년 7월 2일 23시,일요일,광주광역시 서구 쌍촌동,경상사고,0,0,1,0,차대차 - 측면충돌,안전운전불이행,건조,맑음,교차로 - 교차로안,이륜,남,40세,경상,승용,남,44세,상해없음
2023070300100028,2023년 7월 3일 05시,월요일,광주광역시 광산구 수완동,경상사고,0,0,1,0,차대차 - 추돌,안전운전불이행,건조,맑음,교차로 - 교차로부근,승용,남,51세,상해없음,이륜,남,18세,경상
2023070300100043,2023년 7월 3일 06시,월요일,광주광역시 광산구 장수동,경상사고,0,0,1,0,차대차 - 기타,안전거리미확보,건조,맑음,단일로 - 기타,승용,남,60세,상해없음,승용,남,61세,경상
2023070300100071,2023년 7월 3일 07시,월요일,광주광역시 광산구 소촌동,경상사고,0,0,2,0,차대차 - 측면충돌,기타,건조,맑음,교차로 - 교차로안,승용,여,49세,경상,승용,여,58세,경상
2023070300100120,2023년 7월 3일 08시,월요일,광주광역시 남구 이장동,경상사고,0,0,2,0,차대차 - 추돌,안전거리미확보,건조,흐림,단일로 - 기타,승용,여,32세,상해없음,승용,여,43세,경상
2023070300100121,2023년 7월 3일 08시,월요일,광주광역시 남구 진월동,경상사고,0,0,1,0,차대차 - 측면충돌,교차로운행방법위반,건조,맑음,교차로 - 교차로안,승용,여,46세,기타불명,승용,남,25세,경상
2023070300100152,2023년 7월 3일 09시,월요일,광주광역시 서구 풍암동,중상사고,0,1,0,0,차대사람 - 기타,안전운전불이행,건조,맑음,단일로 - 기타,승용,여,46세,상해없음,보행자,남,85세,중상
2023070300100153,2023년 7월 3일 09시,월요일,광주광역시 서구 치평동,경상사고,0,0,1,0,차대차 - 측면충돌,안전운전불이행,건조,맑음,단일로 - 기타,승용,남,53세,상해없음,화물,남,31세,경상
2023070300100154,2023년 7월 3일 09시,월요일,광주광역시 광산구 신촌동,중상사고,0,1,0,0,차대차 - 기타,안전운전불이행,건조,맑음,교차로 - 교차로부근,자전거,남,82세,중상,화물,남,52세,상해없음
2023070300100155,2023년 7월 3일 09시,월요일,광주광역시 광산구 하남동,경상사고,0,0,2,0,차대차 - 측면충돌,신호위반,건조,맑음,교차로 - 교차로안,건설기계,남,61세,상해없음,승용,남,62세,경상
2023070300100156,2023년 7월 3일 09시,월요일,광주광역시 광산구 운남동,경상사고,0,0,3,0,차대차 - 측면충돌,안전거리미확보,건조,맑음,기타 - 기타,특수,남,53세,상해없음,승용,여,39세,경상
2023070300100193,2023년 7월 3일 10시,월요일,광주광역시 서구 치평동,부상신고사고,0,0,0,1,차대차 - 기타,안전운전불이행,건조,맑음,단일로 - 기타,승용,여,51세,상해없음,승용,남,27세,부상신고
2023070300100292,2023년 7월 3일 13시,월요일,광주광역시 서구 쌍촌동,경상사고,0,0,1,0,차대차 - 측면충돌,교차로운행방법위반,건조,맑음,교차로 - 교차로안,승용,남,74세,상해없음,승용,남,67세,경상
2023070300100402,2023년 7월 3일 16시,월요일,광주광역시 광산구 쌍암동,경상사고,0,0,1,0,차대차 - 측면충돌,교차로운행방법위반,건조,맑음,교차로 - 교차로부근,화물,남,38세,상해없음,승용,남,40세,경상
2023070300100439,2023년 7월 3일 17시,월요일,광주광역시 서구 화정동,부상신고사고,0,0,0,1,차량단독 - 공작물충돌,안전운전불이행,건조,맑음,단일로 - 기타,개인형이동수단(PM),여,18세,상해없음,,,,
2023070300100440,2023년 7월 3일 17시,월요일,광주광역시 광산구 흑석동,중상사고,0,1,0,0,차대차 - 기타,안전운전불이행,건조,맑음,교차로 - 교차로안,승용,남,52세,상해없음,개인형이동수단(PM),여,28세,중상
2023070300100475,2023년 7월 3일 18시,월요일,광주광역시 남구 진월동,경상사고,0,0,1,0,차대차 - 추돌,안전운전불이행,건조,맑음,교차로 - 교차로부근,이륜,남,58세,경상,승용,남,62세,상해없음
2023070300100476,2023년 7월 3일 18시,월요일,광주광역시 북구 일곡동,중상사고,0,1,0,0,차대차 - 기타,안전거리미확보,건조,맑음,단일로 - 기타,자전거,남,74세,중상,승용,남,44세,상해없음
2023070300100500,2023년 7월 3일 19시,월요일,광주광역시 북구 중흥동,경상사고,0,0,1,0,차대차 - 기타,교차로운행방법위반,건조,맑음,교차로 - 교차로안,승용,여,49세,상해없음,승용,남,38세,경상
2023070300100538,2023년 7월 3일 21시,월요일,광주광역시 서구 금호동,경상사고,0,0,1,1,차대차 - 측면충돌,안전운전불이행,건조,맑음,교차로 - 교차로안,승용,남,69세,상해없음,승용,여,40세,경상
2023070300100557,2023년 7월 3일 22시,월요일,광주광역시 광산구 장덕동,경상사고,0,0,1,0,차량단독 - 공작물충돌,안전운전불이행,건조,맑음,교차로 - 교차로부근,승용,남,32세,경상,,,,