사고번호,사고일시,요일,시군구,사고내용,사망자수,중상자수,경상자수,부상신고자수,사고유형,법규위반,노면상태,기상상태,도로형태,가해운전자 차종,가해운전자 성별,가해운전자 연령,가해운전자 상해정도,피해운전자 차종,피해운전자 성별,피해운전자 연령,피해운전자 상해정도
2023070400100025,2023년 7월 4일 01시,화요일,광주광역시 북구 문흥동,경상사고,0,0,1,0,차대차 - 측면충돌,안전운전불이행,건조,맑음,단일로 - 기타,화물,남,40세,상해없음,화물,남,69세,경상
2023070400100034,2023년 7월 4일 03시,화요일,광주광역시 광산구 신창동,경상사고,0,0,1,1,차대차 - 측면충돌,신호위반,건조,맑음,교차로 - 교차로안,이륜,여,17세,부상신고,승용,남,47세,경상
2023070400100061,2023년 7월 4일 06시,화요일,광주광역시 북구 중흥동,중상사고,0,1,4,0,차대차 - 정면충돌,중앙선침범,젖음/습기,비,단일로 - 기타,승합,남,58세,상해없음,화물,남,60세,중상
2023070400100088,2023년 7월 4일 07시,화요일,광주광역시 북구 각화동,경상사고,0,0,1,0,차대차 - 측면충돌,안전거리미확보,젖음/습기,비,단일로 - 기타,승용,남,50세,상해없음,승용,남,53세,경상
2023070400100089,2023년 7월 4일 07시,화요일,광주광역시 광산구 장덕동,경상사고,0,0,1,0,차대사람 - 횡단중,보행자보호의무위반,젖음/습기,비,교차로 - 교차로횡단보도내,승용,여,37세,상해없음,보행자,남,41세,경상
2023070400100133,2023년 7월 4일 08시,화요일,광주광역시 남구 양림동,경상사고,0,0,1,0,차대사람 - 횡단중,보행자보호의무위반,젖음/습기,비,교차로 - 교차로횡단보도내,승용,남,65세,상해없음,보행자,여,21세,경상
2023070400100134,2023년 7월 4일 08시,화요일,광주광역시 북구 임동,경상사고,0,0,1,0,차대차 - 측면충돌,신호위반,젖음/습기,비,교차로 - 교차로안,승용,여,64세,상해없음,승용,남,31세,경상
2023070400100169,2023년 7월 4일 09시,화요일,광주광역시 광산구 쌍암동,경상사고,0,0,2,0,차대차 - 추돌,안전거리미확보,건조,맑음,교차로 - 교차로부근,화물,남,46세,상해없음,승용,남,69세,경상
2023070400100248,2023년 7월 4일 12시,화요일,광주광역시 서구 풍암동,경상사고,0,0,2,0,차대차 - 기타,안전운전불이행,건조,맑음,교차로 - 교차로안,승용,여,57세,상해없음,승용,여,35세,경상
2023070400100272,2023년 7월 4일 13시,화요일,광주광역시 서구 금호동,경상사고,0,0,1,0,차대차 - 기타,안전운전불이행,젖음/습기,흐림,단일로 - 기타,승용,남,66세,상해없음,승용,여,47세,경상
2023070400100305,2023년 7월 4일 14시,화요일,광주광역시 북구 우산동,경상사고,0,0,1,0,차대차 - 정면충돌,안전운전불이행,젖음/습기,흐림,교차로 - 교차로안,승용,남,68세,상해없음,이륜,남,42세,경상
2023070400100306,2023년 7월 4일 14시,화요일,광주광역시 광산구 쌍암동,경상사고,0,0,3,0,차대차 - 추돌,안전거리미확보,젖음/습기,흐림,단일로 - 기타,승용,남,63세,상해없음,승용,남,28세,경상
2023070400100379,2023년 7월 4일 16시,화요일,광주광역시 북구 삼각동,경상사고,0,0,1,0,차대사람 - 보도통행중,기타,건조,맑음,단일로 - 기타,승용,여,38세,상해없음,보행자,여,60세,경상
2023070400100380,2023년 7월 4일 16시,화요일,광주광역시 북구 신안동,경상사고,0,0,1,0,차대차 - 측면충돌,안전운전불이행,건조,흐림,교차로 - 교차로안,승용,여,67세,상해없음,승용,남,36세,경상
2023070400100381,2023년 7월 4일 16시,화요일,광주광역시 광산구 용동,경상사고,0,0,3,0,차대차 - 기타,교차로운행방법위반,건조,맑음,교차로 - 교차로안,승용,남,63세,경상,승용,여,39세,경상
2023070400100457,2023년 7월 4일 18시,화요일,광주광역시 북구 신용동,경상사고,0,0,1,0,차대차 - 기타,안전운전불이행,건조,맑음,단일로 - 기타,승용,남,28세,상해없음,이륜,남,44세,경상
2023070400100458,2023년 7월 4일 18시,화요일,광주광역시 광산구 장덕동,경상사고,0,0,1,0,차대차 - 기타,직진우회전진행방해,건조,맑음,교차로 - 교차로안,승용,남,28세,기타불명,이륜,남,41세,경상
2023070400100505,2023년 7월 4일 19시,화요일,광주광역시 광산구 수완동,중상사고,0,1,0,0,차대차 - 측면충돌,안전운전불이행,건조,맑음,교차로 - 교차로안,승용,남,49세,상해없음,이륜,남,26세,중상
2023070400100548,2023년 7월 4일 20시,화요일,광주광역시 광산구 신가동,경상사고,0,0,1,0,차대차 - 추돌,안전운전불이행,건조,맑음,교차로 - 교차로부근,승용,남,55세,상해없음,승용,남,62세,경상
2023070400100599,2023년 7월 4일 22시,화요일,광주광역시 광산구 우산동,경상사고,0,0,1,0,차대차 - 기타,안전운전불이행,젖음/습기,비,교차로 - 교차로안,승용,여,37세,상해없음,승용,여,48세,경상
2023070500100007,2023년 7월 5일 00시,수요일,광주광역시 남구 방림동,경상사고,0,0,1,0,차대사람 - 횡단중,보행자보호의무위반,건조,맑음,단일로 - 기타,승용,여,53세,상해없음,보행자,여,67세,경상
2023070500100104,2023년 7월 5일 08시,수요일,광주광역시 서구 덕흥동,중상사고,0,2,0,0,차대차 - 측면충돌,기타,건조,맑음,교차로 - 교차로안,승용,남,51세,상해없음,승용,남,53세,중상
2023070500100105,2023년 7월 5일 08시,수요일,광주광역시 서구 쌍촌동,경상사고,0,0,1,0,차대차 - 측면충돌,안전거리미확보,건조,맑음,단일로 - 기타,승용,남,66세,상해없음,승용,남,25세,상해없음
2023070500100168,2023년 7월 5일 10시,수요일,광주광역시 남구 양림동,경상사고,0,0,1,0,차대차 - 측면충돌,안전운전불이행,건조,맑음,교차로 - 교차로부근,승용,남,64세,상해없음,승용,여,62세,경상
2023070500100169,2023년 7월 5일 10시,수요일,광주광역시 광산구 비아동,경상사고,0,0,1,0,차대차 - 기타,신호위반,건조,맑음,교차로 - 교차로안,승용,남,74세,상해없음,승용,남,53세,경상
2023070500100209,2023년 7월 5일 11시,수요일,광주광역시 서구 유촌동,경상사고,0,0,1,0,차대차 - 추돌,안전운전불이행,건조,맑음,단일로 - 기타,승용,여,36세,상해없음,승용,남,51세,경상
2023070500100210,2023년 7월 5일 11시,수요일,광주광역시 남구 진월동,경상사고,0,0,1,0,차대사람 - 횡단중,안전운전불이행,건조,맑음,교차로 - 교차로안,승용,여,53세,기타불명,보행자,남,25세,경상
2023070500100211,2023년 7월 5일 11시,수요일,광주광역시 북구 각화동,중상사고,0,2,1,0,차대차 - 측면충돌,안전거리미확보,건조,맑음,단일로 - 기타,승용,남,76세,중상,화물,여,61세,경상
2023070500100269,2023년 7월 5일 13시,수요일,광주광역시 북구 우산동,부상신고사고,0,0,0,1,차대차 - 측면충돌,안전운전불이행,건조,맑음,교차로 - 교차로안,자전거,남,43세,부상신고,승용,남,20세,상해없음
2023070500100297,2023년 7월 5일 14시,수요일,광주광역시 서구 마륵동,경상사고,0,0,1,0,차대차 - 기타,교차로운행방법위반,건조,맑음,교차로 - 교차로안,승용,남,51세,상해없음,승용,남,23세,경상
2023070500100298,2023년 7월 5일 14시,수요일,광주광역시 남구 주월동,경상사고,0,0,1,0,차대차 - 측면충돌,안전거리미확보,건조,맑음,단일로 - 기타,승용,여,72세,상해없음,화물,남,67세,경상
2023070500100299,2023년 7월 5일 14시,수요일,광주광역시 북구 임동,중상사고,0,1,0,0,차대차 - 측면충돌,안전거리미확보,건조,맑음,교차로 - 교차로안,이륜,남,82세,중상,승용,여,52세,상해없음
2023070500100300,2023년 7월 5일 14시,수요일,광주광역시 광산구 하남동,경상사고,0,0,1,0,차대차 - 측면충돌,교차로운행방법위반,건조,맑음,교차로 - 교차로안,승용,남,57세,상해없음,이륜,여,25세,경상
2023070500100330,2023년 7월 5일 15시,수요일,광주광역시 북구 문흥동,중상사고,0,1,0,0,차대차 - 측면충돌,안전거리미확보,건조,맑음,교차로 - 교차로부근,자전거,남,81세,중상,승용,남,42세,상해없음
2023070500100371,2023년 7월 5일 16시,수요일,광주광역시 북구 문흥동,경상사고,0,0,3,0,차대차 - 추돌,안전운전불이행,건조,맑음,단일로 - 기타,승용,여,38세,경상,승용,남,35세,상해없음
2023070500100372,2023년 7월 5일 16시,수요일,광주광역시 광산구 운수동,경상사고,0,0,1,0,차대차 - 기타,차로위반,건조,맑음,단일로 - 기타,화물,남,55세,상해없음,승용,남,31세,경상
2023070500100422,2023년 7월 5일 17시,수요일,광주광역시 동구 금남로1가,경상사고,0,0,2,0,차대차 - 기타,안전거리미확보,건조,맑음,기타 - 기타,승용,남,42세,상해없음,승용,남,22세,경상
2023070500100423,2023년 7월 5일 17시,수요일,광주광역시 서구 쌍촌동,경상사고,0,0,2,0,차대차 - 정면충돌,직진우회전진행방해,건조,맑음,교차로 - 교차로안,이륜,남,42세,경상,승용,여,33세,경상
2023070500100424,2023년 7월 5일 17시,수요일,광주광역시 북구 운암동,경상사고,0,0,2,3,차대차 - 측면충돌,안전거리미확보,건조,맑음,교차로 - 교차로부근,승용,남,27세,부상신고,승용,여,46세,경상
2023070500100425,2023년 7월 5일 17시,수요일,광주광역시 북구 양산동,중상사고,0,1,0,0,차대사람 - 기타,안전운전불이행,건조,맑음,단일로 - 기타,승합,여,50세,상해없음,보행자,여,7세,중상
2023070500100487,2023년 7월 5일 19시,수요일,광주광역시 광산구 월곡동,경상사고,0,0,3,0,차대차 - 기타,신호위반,건조,맑음,교차로 - 교차로안,승용,남,57세,상해없음,승용,남,20세,경상
2023070500100558,2023년 7월 5일 22시,수요일,광주광역시 동구 대인동,중상사고,0,1,0,0,차량단독 - 기타,안전운전불이행,건조,맑음,단일로 - 기타,승합,남,40세,상해없음,,,,
2023070500100559,2023년 7월 5일 22시,수요일,광주광역시 서구 매월동,부상신고사고,0,0,0,1,차대차 - 측면충돌,안전운전불이행,건조,맑음,단일로 - 기타,화물,남,39세,상해없음,승용,여,42세,부상신고
2023070500100572,2023년 7월 5일 23시,수요일,광주광역시 서구 마륵동,경상사고,0,0,4,0,차대차 - 측면충돌,안전거리미확보,건조,맑음,단일로 - 기타,승용,남,41세,상해없음,승용,남,47세,경상
2023070600100082,2023년 7월 6일 07시,목요일,광주광역시 북구 중흥동,경상사고,0,0,1,0,차대차 - 측면충돌,안전운전불이행,건조,맑음,단일로 - 기타,승용,여,69세,기타불명,승용,남,50세,경상
2023070600100135,2023년 7월 6일 08시,목요일,광주광역시 광산구 장수동,경상사고,0,0,3,0,차대차 - 추돌,안전운전불이행,건조,맑음,기타 - 기타,화물,남,63세,기타불명,승용,남,59세,경상
2023070600100177,2023년 7월 6일 09시,목요일,광주광역시 서구 농성동,중상사고,0,1,0,0,차대사람 - 횡단중,안전운전불이행,건조,맑음,단일로 - 기타,승용,남,71세,상해없음,보행자,여,77세,중상
2023070600100204,2023년 7월 6일 10시,목요일,광주광역시 동구 내남동,경상사고,0,0,1,0,차대차 - 기타,차로위반,건조,맑음,기타 - 기타,승용,남,72세,상해없음,이륜,남,38세,경상
2023070600100205,2023년 7월 6일 10시,목요일,광주광역시 북구 용봉동,경상사고,0,0,2,0,차대차 - 측면충돌,안전운전불이행,건조,맑음,교차로 - 교차로안,화물,남,51세,경상,화물,남,60세,경상
2023070600100240,2023년 7월 6일 11시,목요일,광주광역시 서구 쌍촌동,경상사고,0,0,1,0,차대사람 - 보도통행중,안전운전불이행,건조,맑음,단일로 - 기타,승용,여,65세,상해없음,보행자,여,64세,경상
2023070600100296,2023년 7월 6일 13시,목요일,광주광역시 동구 서석동,경상사고,0,0,2,0,차량단독 - 기타,안전운전불이행,건조,맑음,기타 - 기타,승용,남,65세,상해없음,,,,
2023070600100323,2023년 7월 6일 14시,목요일,광주광역시 서구 화정동,경상사고,0,0,1,0,차대차 - 측면충돌,신호위반,건조,맑음,교차로 - 교차로부근,승용,남,74세,상해없음,이륜,남,25세,경상
2023070600100324,2023년 7월 6일 14시,목요일,광주광역시 서구 치평동,경상사고,0,0,2,0,차대차 - 기타,안전거리미확보,건조,맑음,단일로 - 기타,승용,남,48세,경상,승용,남,35세,경상
2023070600100325,2023년 7월 6일 14시,목요일,광주광역시 북구 중흥동,경상사고,0,0,1,0,차대차 - 측면충돌,교차로운행방법위반,기타,기타,교차로 - 교차로안,승용,여,50세,상해없음,승용,남,41세,경상
2023070600100352,2023년 7월 6일 15시,목요일,광주광역시 동구 학동,경상사고,0,0,1,0,차대사람 - 기타,기타,건조,맑음,교차로 - 교차로안,승용,남,71세,상해없음,보행자,여,20세,경상
2023070600100353,2023년 7월 6일 15시,목요일,광주광역시 서구 농성동,경상사고,0,0,3,0,차대차 - 기타,안전운전불이행,건조,맑음,단일로 - 기타,승용,여,71세,경상,승용,여,25세,경상
2023070600100354,2023년 7월 6일 15시,목요일,광주광역시 광산구 남산동,경상사고,0,0,2,0,차대차 - 측면충돌,안전운전불이행,건조,맑음,단일로 - 기타,승용,남,68세,상해없음,승용,남,45세,경상
2023070600100355,2023년 7월 6일 15시,목요일,광주광역시 광산구 장덕동,경상사고,0,0,1,0,차대차 - 측면충돌,안전운전불이행,건조,맑음,단일로 - 교량,승용,여,51세,기타불명,승용,여,26세,경상
2023070600100397,2023년 7월 6일 16시,목요일,광주광역시 서구 농성동,경상사고,0,0,3,0,차대차 - 추돌,안전운전불이행,건조,맑음,단일로 - 기타,화물,남,49세,기타불명,화물,남,75세,경상
2023070600100398,2023년 7월 6일 16시,목요일,광주광역시 서구 내방동,경상사고,0,0,2,0,차대차 - 측면충돌,안전운전불이행,건조,맑음,교차로 - 교차로부근,승용,남,56세,경상,승용,여,39세,경상
2023070600100430,2023년 7월 6일 17시,목요일,광주광역시 서구 금호동,경상사고,0,0,2,0,차대차 - 추돌,안전거리미확보,건조,맑음,교차로 - 교차로부근,승용,남,49세,상해없음,승용,남,50세,경상
2023070600100431,2023년 7월 6일 17시,목요일,광주광역시 광산구 신가동,경상사고,0,0,1,0,차대차 - 기타,신호위반,건조,맑음,교차로 - 교차로안,승합,남,38세,상해없음,이륜,남,35세,경상
2023070600100476,2023년 7월 6일 18시,목요일,광주광역시 서구 치평동,경상사고,0,0,1,0,차대사람 - 기타,안전운전불이행,건조,맑음,주차장 - 주차장,이륜,남,15세,기타불명,보행자,남,30세,경상
2023070600100501,2023년 7월 6일 19시,목요일,광주광역시 북구 우산동,경상사고,0,0,1,0,차대차 - 추돌,안전운전불이행,건조,맑음,단일로 - 기타,승용,남,61세,상해없음,승용,남,40세,경상
2023070600100523,2023년 7월 6일 20시,목요일,광주광역시 서구 매월동,경상사고,0,0,1,0,차대차 - 측면충돌,안전거리미확보,건조,맑음,단일로 - 기타,승용,남,24세,상해없음,승용,여,31세,경상
2023070600100567,2023년 7월 6일 22시,목요일,광주광역시 북구 삼각동,경상사고,0,0,2,0,차대차 - 측면충돌,신호위반,건조,맑음,교차로 - 교차로안,개인형이동수단(PM),남,15세,상해없음,승용,여,40세,경상
2023070600100580,2023년 7월 6일 23시,목요일,광주광역시 서구 치평동,중상사고,0,1,0,0,차대차 - 기타,신호위반,건조,맑음,교차로 - 교차로안,이륜,남,14세,상해없음,승용,남,30세,중상
2023070700100003,2023년 7월 7일 00시,금요일,광주광역시 동구 금남로3가,경상사고,0,0,1,0,차대사람 - 횡단중,안전운전불이행,건조,맑음,단일로 - 기타,승용,남,26세,상해없음,보행자,남,29세,경상
2023070700100012,2023년 7월 7일 01시,금요일,광주광역시 서구 농성동,중상사고,0,1,0,0,차량단독 - 공작물충돌,안전운전불이행,건조,맑음,교차로 - 교차로부근,승용,여,39세,중상,,,,
2023070700100025,2023년 7월 7일 03시,금요일,광주광역시 서구 치평동,경상사고,0,0,1,0,차대차 - 측면충돌,안전운전불이행,건조,맑음,단일로 - 기타,승용,남,26세,상해없음,승용,남,47세,경상
2023070700100145,2023년 7월 7일 09시,금요일,광주광역시 남구 진월동,경상사고,0,0,2,0,차대차 - 측면충돌,교차로운행방법위반,젖음/습기,비,교차로 - 교차로안,승용,여,58세,기타불명,승용,여,33세,경상
2023070700100146,2023년 7월 7일 09시,금요일,광주광역시 북구 중흥동,경상사고,0,0,1,0,차대사람 - 보도통행중,보행자보호의무위반,젖음/습기,비,교차로 - 교차로횡단보도내,승용,남,71세,상해없음,보행자,여,74세,경상
2023070700100176,2023년 7월 7일 10시,금요일,광주광역시 광산구 쌍암동,경상사고,0,0,2,0,차대차 - 기타,안전운전불이행,젖음/습기,비,교차로 - 교차로부근,승용,여,62세,상해없음,승용,남,67세,상해없음
2023070700100216,2023년 7월 7일 11시,금요일,광주광역시 동구 소태동,경상사고,0,0,1,0,차대차 - 측면충돌,안전운전불이행,젖음/습기,흐림,교차로 - 교차로부근,승용,남,48세,상해없음,승용,여,47세,경상
2023070700100217,2023년 7월 7일 11시,금요일,광주광역시 서구 유촌동,경상사고,0,0,3,0,차대차 - 측면충돌,신호위반,건조,맑음,교차로 - 교차로부근,화물,남,61세,상해없음,승합,남,63세,경상
2023070700100218,2023년 7월 7일 11시,금요일,광주광역시 서구 쌍촌동,경상사고,0,0,1,0,차대차 - 측면충돌,안전거리미확보,젖음/습기,비,단일로 - 기타,승용,남,73세,기타불명,승용,남,61세,경상
2023070700100254,2023년 7월 7일 12시,금요일,광주광역시 북구 우산동,경상사고,0,0,1,0,차대차 - 기타,안전운전불이행,젖음/습기,비,기타 - 기타,승용,남,43세,상해없음,승용,남,34세,경상
2023070700100297,2023년 7월 7일 13시,금요일,광주광역시 서구 풍암동,경상사고,0,0,2,0,차대차 - 측면충돌,안전운전불이행,젖음/습기,비,교차로 - 교차로부근,화물,남,64세,상해없음,승용,남,24세,경상
2023070700100299,2023년 7월 7일 13시,금요일,광주광역시 북구 신안동,경상사고,0,0,1,0,차대사람 - 횡단중,보행자보호의무위반,젖음/습기,비,교차로 - 교차로횡단보도내,화물,남,46세,기타불명,보행자,여,23세,경상
2023070700100300,2023년 7월 7일 13시,금요일,광주광역시 광산구 장수동,경상사고,0,0,1,0,차대차 - 추돌,안전운전불이행,젖음/습기,비,단일로 - 기타,승용,남,63세,기타불명,화물,남,52세,경상
2023070700100326,2023년 7월 7일 14시,금요일,광주광역시 서구 광천동,경상사고,0,0,1,0,차대사람 - 기타,안전운전불이행,건조,맑음,단일로 - 기타,승합,남,57세,상해없음,보행자,남,49세,경상
2023070700100327,2023년 7월 7일 14시,금요일,광주광역시 북구 두암동,경상사고,0,0,1,0,차대차 - 측면충돌,안전운전불이행,젖음/습기,비,교차로 - 교차로부근,화물,남,69세,상해없음,승용,여,38세,경상
2023070700100363,2023년 7월 7일 15시,금요일,광주광역시 북구 각화동,경상사고,0,0,1,0,차대차 - 측면충돌,신호위반,건조,흐림,교차로 - 교차로안,승용,남,62세,기타불명,승용,여,44세,경상
2023070700100418,2023년 7월 7일 16시,금요일,광주광역시 광산구 월곡동,경상사고,0,0,1,0,차대사람 - 횡단중,보행자보호의무위반,젖음/습기,비,교차로 - 교차로부근,승용,여,65세,상해없음,보행자,남,3세,경상
2023070700100475,2023년 7월 7일 17시,금요일,광주광역시 북구 신안동,경상사고,0,0,1,0,차대사람 - 횡단중,보행자보호의무위반,건조,맑음,교차로 - 교차로횡단보도내,승용,여,64세,상해없음,보행자,여,24세,경상
2023070700100476,2023년 7월 7일 17시,금요일,광주광역시 북구 동림동,경상사고,0,0,4,0,차대차 - 추돌,안전운전불이행,젖음/습기,비,단일로 - 기타,승용,남,53세,경상,화물,남,45세,경상
2023070700100477,2023년 7월 7일 17시,금요일,광주광역시 광산구 수완동,경상사고,0,0,2,0,차대차 - 측면충돌,안전거리미확보,건조,맑음,교차로 - 교차로부근,승용,여,59세,경상,승용,남,26세,경상
2023070700100478,2023년 7월 7일 17시,금요일,광주광역시 광산구 쌍암동,경상사고,0,0,2,0,차대차 - 측면충돌,신호위반,건조,맑음,교차로 - 교차로안,승용,여,56세,기타불명,승용,남,31세,경상
2023070700100593,2023년 7월 7일 20시,금요일,광주광역시 북구 중흥동,경상사고,0,0,1,0,차대차 - 측면충돌,안전운전불이행,건조,맑음,교차로 - 교차로부근,승용,여,44세,상해없음,자전거,남,74세,경상
2023070700100594,2023년 7월 7일 20시,금요일,광주광역시 광산구 송정동,경상사고,0,0,1,0,차대사람 - 횡단중,보행자보호의무위반,건조,맑음,교차로 - 교차로안,승용,남,51세,상해없음,보행자,여,43세,경상
2023070700100595,2023년 7월 7일 20시,금요일,광주광역시 광산구 소촌동,중상사고,0,1,0,0,차대차 - 측면충돌,안전운전불이행,젖음/습기,흐림,단일로 - 기타,승용,남,49세,기타불명,이륜,남,26세,중상
2023070700100626,2023년 7월 7일 21시,금요일,광주광역시 북구 신안동,경상사고,0,0,2,0,차대차 - 추돌,안전운전불이행,건조,흐림,기타 - 기타,승용,남,57세,상해없음,승용,남,51세,경상
2023070700100646,2023년 7월 7일 22시,금요일,광주광역시 서구 치평동,경상사고,0,0,2,0,차대차 - 정면충돌,안전운전불이행,건조,흐림,교차로 - 교차로부근,승용,남,78세,상해없음,승용,남,26세,상해없음
2023070700100647,2023년 7월 7일 22시,금요일,광주광역시 서구 화정동,경상사고,0,0,2,0,차대차 - 추돌,안전운전불이행,건조,맑음,교차로 - 교차로부근,승용,남,52세,상해없음,화물,남,48세,경상
2023070700100648,2023년 7월 7일 22시,금요일,광주광역시 북구 각화동,경상사고,0,0,1,0,차대차 - 측면충돌,안전운전불이행,젖음/습기,비,단일로 - 기타,승용,남,28세,상해없음,승용,남,64세,경상
2023070700100649,2023년 7월 7일 22시,금요일,광주광역시 광산구 소촌동,경상사고,0,0,1,0,차량단독 - 기타,안전운전불이행,젖음/습기,흐림,단일로 - 기타,승합,남,66세,상해없음,,,,
2023070700100667,2023년 7월 7일 23시,금요일,광주광역시 광산구 산정동,경상사고,0,0,3,0,차대차 - 측면충돌,불법유턴,건조,맑음,기타 - 기타,승용,남,44세,상해없음,승용,남,36세,경상
2023070800100015,2023년 7월 8일 00시,토요일,광주광역시 광산구 신가동,중상사고,0,1,0,0,차대차 - 측면충돌,신호위반,젖음/습기,흐림,교차로 - 교차로안,승용,남,67세,기타불명,이륜,남,40세,중상
2023070800100050,2023년 7월 8일 04시,토요일,광주광역시 북구 유동,중상사고,0,4,2,0,차대차 - 측면충돌,신호위반,건조,맑음,교차로 - 교차로안,승용,남,64세,중상,승용,남,22세,경상
2023070800100084,2023년 7월 8일 07시,토요일,광주광역시 광산구 연산동,경상사고,0,0,2,0,차대차 - 측면충돌,기타,건조,맑음,교차로 - 교차로안,승용,남,33세,경상,승용,남,37세,경상
2023070800100097,2023년 7월 8일 08시,토요일,광주광역시 남구 월산동,경상사고,0,0,1,0,차대차 - 기타,안전운전불이행,건조,맑음,교차로 - 교차로안,승용,남,49세,상해없음,승용,남,40세,경상
2023070800100349,2023년 7월 8일 16시,토요일,광주광역시 광산구 소촌동,경상사고,0,0,4,0,차대차 - 추돌,안전운전불이행,건조,맑음,단일로 - 기타,승용,남,17세,상해없음,화물,남,64세,경상
2023070800100386,2023년 7월 8일 17시,토요일,광주광역시 북구 유동,경상사고,0,0,1,0,차대차 - 기타,교차로운행방법위반,건조,맑음,교차로 - 교차로안,승용,여,56세,상해없음,승용,여,27세,경상
2023070800100415,2023년 7월 8일 18시,토요일,광주광역시 광산구 월계동,경상사고,0,0,4,1,차대차 - 기타,안전운전불이행,건조,맑음,단일로 - 기타,원동기,남,47세,부상신고,승용,남,44세,경상
2023070800100441,2023년 7월 8일 19시,토요일,광주광역시 북구 오치동,경상사고,0,0,1,0,차대차 - 측면충돌,안전운전불이행,건조,맑음,기타 - 기타,화물,남,79세,기타불명,이륜,남,39세,경상
2023070800100465,2023년 7월 8일 20시,토요일,광주광역시 서구 광천동,경상사고,0,0,1,0,차대차 - 기타,안전거리미확보,건조,맑음,단일로 - 기타,승용,남,64세,상해없음,승용,남,38세,경상
2023070900100056,2023년 7월 9일 07시,일요일,광주광역시 북구 용봉동,경상사고,0,0,1,0,차대차 - 측면충돌,안전거리미확보,건조,맑음,단일로 - 기타,승용,남,62세,기타불명,승용,남,29세,경상
2023070900100077,2023년 7월 9일 09시,일요일,광주광역시 북구 운암동,경상사고,0,0,1,0,차대차 - 추돌,안전운전불이행,건조,맑음,교차로 - 교차로부근,승용,여,30세,상해없음,승용,여,62세,경상
2023070900100230,2023년 7월 9일 15시,일요일,광주광역시 남구 백운동,경상사고,0,0,1,0,차대사람 - 기타,안전운전불이행,건조,맑음,기타 - 기타,승용,남,71세,상해없음,보행자,여,60세,경상
2023070900100259,2023년 7월 9일 16시,일요일,광주광역시 동구 대의동,중상사고,0,1,0,0,차대사람 - 횡단중,안전운전불이행,건조,맑음,교차로 - 교차로부근,화물,남,35세,상해없음,보행자,여,14세,중상
2023070900100260,2023년 7월 9일 16시,일요일,광주광역시 북구 풍향동,경상사고,0,0,2,0,차대차 - 측면충돌,직진우회전진행방해,건조,맑음,교차로 - 교차로안,승용,남,67세,상해없음,승용,여,45세,경상
2023070900100261,2023년 7월 9일 16시,일요일,광주광역시 광산구 도천동,경상사고,0,0,4,0,차대차 - 측면충돌,안전운전불이행,건조,맑음,교차로 - 교차로안,승용,여,37세,경상,승용,여,49세,경상
2023070900100312,2023년 7월 9일 18시,일요일,광주광역시 서구 쌍촌동,중상사고,0,1,1,0,차대차 - 기타,직진우회전진행방해,건조,맑음,교차로 - 교차로안,이륜,남,35세,중상,승용,남,39세,경상
2023070900100313,2023년 7월 9일 18시,일요일,광주광역시 광산구 신가동,경상사고,0,0,1,0,차대차 - 후진중충돌,안전운전불이행,건조,맑음,교차로 - 교차로부근,승용,여,42세,상해없음,이륜,남,36세,경상
2023070900100349,2023년 7월 9일 20시,일요일,광주광역시 서구 농성동,중상사고,0,1,0,0,차대차 - 기타,직진우회전진행방해,건조,맑음,교차로 - 교차로안,승용,여,62세,상해없음,이륜,남,64세,중상
2023070900100350,2023년 7월 9일 20시,일요일,광주광역시 남구 주월동,중상사고,0,1,0,0,차대차 - 기타,안전운전불이행,건조,맑음,단일로 - 기타,개인형이동수단(PM),여,14세,상해없음,승용,남,71세,상해없음
2023070900100369,2023년 7월 9일 21시,일요일,광주광역시 광산구 신가동,중상사고,0,1,0,0,차대차 - 기타,안전거리미확보,건조,맑음,교차로 - 교차로부근,승용,남,33세,기타불명,이륜,남,27세,중상
2023070900100370,2023년 7월 9일 21시,일요일,광주광역시 광산구 월계동,경상사고,0,0,1,0,차대차 - 측면충돌,신호위반,건조,맑음,교차로 - 교차로안,승용,남,25세,상해없음,승용,여,28세,경상
2023071000100025,2023년 7월 10일 04시,월요일,광주광역시 북구 두암동,경상사고,0,0,1,0,차대차 - 기타,직진우회전진행방해,젖음/습기,흐림,교차로 - 교차로안,승용,남,25세,상해없음,승용,남,47세,경상
2023071000100051,2023년 7월 10일 06시,월요일,광주광역시 북구 매곡동,경상사고,0,0,1,0,차대사람 - 기타,신호위반,젖음/습기,비,교차로 - 교차로안,승용,여,68세,상해없음,보행자,여,76세,경상
2023071000100074,2023년 7월 10일 07시,월요일,광주광역시 동구 운림동,경상사고,0,0,1,0,차대차 - 추돌,안전거리미확보,건조,맑음,기타 - 기타,승용,남,51세,기타불명,승용,남,65세,경상
2023071000100075,2023년 7월 10일 07시,월요일,광주광역시 동구 운림동,경상사고,0,0,1,0,차대차 - 추돌,안전거리미확보,건조,맑음,기타 - 기타,승용,남,51세,기타불명,승용,남,60세,경상
2023071000100076,2023년 7월 10일 07시,월요일,광주광역시 북구 임동,중상사고,0,1,0,0,차대차 - 측면충돌,신호위반,건조,맑음,교차로 - 교차로횡단보도내,승용,여,36세,상해없음,자전거,여,46세,중상
2023071000100077,2023년 7월 10일 07시,월요일,광주광역시 북구 각화동,부상신고사고,0,0,0,1,차대사람 - 기타,안전운전불이행,건조,맑음,단일로 - 기타,기타불명,기타불명,미분류,기타불명,보행자,남,13세,부상신고
2023071000100104,2023년 7월 10일 08시,월요일,광주광역시 동구 학동,경상사고,0,0,1,0,차대차 - 측면충돌,안전운전불이행,건조,맑음,단일로 - 기타,자전거,남,72세,경상,승용,남,63세,상해없음
2023071000100105,2023년 7월 10일 08시,월요일,광주광역시 북구 운암동,경상사고,0,0,1,0,차대차 - 기타,신호위반,기타,기타,교차로 - 교차로부근,승용,여,74세,상해없음,승합,남,52세,경상