사고번호,사고일시,요일,시군구,사고내용,사망자수,중상자수,경상자수,부상신고자수,사고유형,법규위반,노면상태,기상상태,도로형태,가해운전자 차종,가해운전자 성별,가해운전자 연령,가해운전자 상해정도,피해운전자 차종,피해운전자 성별,피해운전자 연령,피해운전자 상해정도
2023071700100012,2023년 7월 17일 00시,월요일,광주광역시 동구 지산동,경상사고,0,0,1,0,차량단독 - 공작물충돌,안전운전불이행,젖음/습기,비,단일로 - 기타,승용,남,41세,상해없음,,,,
2023071700100028,2023년 7월 17일 03시,월요일,광주광역시 서구 농성동,사망사고,1,0,0,0,차량단독 - 공작물충돌,안전운전불이행,젖음/습기,비,단일로 - 기타,승용,남,54세,사망,,,,
2023071700100048,2023년 7월 17일 06시,월요일,광주광역시 광산구 월계동,경상사고,0,0,1,0,차대차 - 기타,안전운전불이행,젖음/습기,비,교차로 - 교차로부근,승용,남,22세,상해없음,승용,여,46세,경상
2023071700100120,2023년 7월 17일 08시,월요일,광주광역시 북구 문흥동,경상사고,0,0,1,0,차대차 - 추돌,안전운전불이행,젖음/습기,맑음,단일로 - 기타,화물,남,66세,상해없음,이륜,남,60세,경상
2023071700100249,2023년 7월 17일 12시,월요일,광주광역시 서구 화정동,경상사고,0,0,1,0,차대차 - 후진중충돌,안전운전불이행,건조,맑음,교차로 - 교차로안,승용,남,63세,상해없음,승용,여,29세,경상
2023071700100250,2023년 7월 17일 12시,월요일,광주광역시 북구 신안동,경상사고,0,0,1,0,차대차 - 측면충돌,안전운전불이행,건조,맑음,교차로 - 교차로안,이륜,남,76세,경상,승용,여,29세,상해없음
2023071700100277,2023년 7월 17일 13시,월요일,광주광역시 서구 치평동,경상사고,0,0,1,0,차대차 - 측면충돌,안전운전불이행,젖음/습기,흐림,단일로 - 기타,승용,여,63세,상해없음,승용,남,45세,경상
2023071700100278,2023년 7월 17일 13시,월요일,광주광역시 광산구 도천동,경상사고,0,0,3,0,차대차 - 추돌,안전거리미확보,건조,맑음,교차로 - 교차로부근,승용,남,41세,경상,승용,여,52세,경상
2023071700100314,2023년 7월 17일 14시,월요일,광주광역시 서구 양동,경상사고,0,0,1,0,차대차 - 추돌,안전운전불이행,젖음/습기,비,단일로 - 기타,화물,남,60세,상해없음,승용,여,51세,경상
2023071700100315,2023년 7월 17일 14시,월요일,광주광역시 서구 광천동,경상사고,0,0,1,0,차대차 - 기타,안전운전불이행,젖음/습기,비,교차로 - 교차로부근,승용,남,24세,상해없음,승용,남,19세,경상
2023071700100316,2023년 7월 17일 14시,월요일,광주광역시 광산구 운수동,경상사고,0,0,1,0,차대차 - 측면충돌,안전거리미확보,건조,맑음,단일로 - 기타,승용,남,70세,상해없음,화물,남,57세,상해없음
2023071700100382,2023년 7월 17일 16시,월요일,광주광역시 북구 삼각동,중상사고,0,1,0,0,차대차 - 측면충돌,안전운전불이행,건조,맑음,교차로 - 교차로안,승용,여,27세,상해없음,승용,여,53세,중상
2023071700100414,2023년 7월 17일 17시,월요일,광주광역시 북구 중흥동,경상사고,0,0,1,0,차대차 - 측면충돌,차로위반,건조,맑음,단일로 - 기타,승용,여,60세,상해없음,승용,남,75세,경상
2023071700100415,2023년 7월 17일 17시,월요일,광주광역시 광산구 장덕동,경상사고,0,0,1,0,차대차 - 측면충돌,안전운전불이행,건조,맑음,교차로 - 교차로부근,화물,남,54세,상해없음,승용,남,27세,경상
2023071700100467,2023년 7월 17일 18시,월요일,광주광역시 광산구 신창동,경상사고,0,0,2,0,차대차 - 측면충돌,안전운전불이행,젖음/습기,비,단일로 - 기타,승용,남,45세,상해없음,승용,남,28세,경상
2023071700100491,2023년 7월 17일 19시,월요일,광주광역시 광산구 산월동,경상사고,0,0,1,0,차대차 - 후진중충돌,안전운전불이행,건조,맑음,단일로 - 기타,화물,남,54세,상해없음,승용,남,25세,경상
2023071700100520,2023년 7월 17일 20시,월요일,광주광역시 북구 운암동,경상사고,0,0,1,0,차대차 - 기타,차로위반,젖음/습기,비,단일로 - 기타,승합,남,71세,상해없음,승용,남,28세,경상
2023071700100561,2023년 7월 17일 22시,월요일,광주광역시 서구 쌍촌동,경상사고,0,0,1,0,차대차 - 측면충돌,교차로운행방법위반,젖음/습기,흐림,교차로 - 교차로안,승합,남,48세,상해없음,승합,남,54세,경상
2023071800100015,2023년 7월 18일 00시,화요일,광주광역시 서구 화정동,경상사고,0,0,2,0,차대차 - 추돌,안전운전불이행,젖음/습기,비,기타 - 기타,승용,남,25세,상해없음,승용,여,48세,경상
2023071800100108,2023년 7월 18일 08시,화요일,광주광역시 북구 오치동,경상사고,0,0,1,0,차대차 - 측면충돌,안전운전불이행,건조,맑음,교차로 - 교차로안,승용,여,33세,상해없음,승용,남,69세,상해없음
2023071800100141,2023년 7월 18일 09시,화요일,광주광역시 서구 금호동,경상사고,0,0,1,0,차대차 - 측면충돌,안전운전불이행,젖음/습기,흐림,주차장 - 주차장,승합,여,43세,상해없음,화물,남,68세,경상
2023071800100142,2023년 7월 18일 09시,화요일,광주광역시 북구 임동,경상사고,0,0,2,0,차대차 - 측면충돌,안전운전불이행,건조,맑음,교차로 - 교차로부근,승용,남,79세,경상,승용,여,33세,경상
2023071800100143,2023년 7월 18일 09시,화요일,광주광역시 광산구 쌍암동,경상사고,0,0,1,0,차대차 - 측면충돌,신호위반,젖음/습기,비,교차로 - 교차로안,승용,여,51세,상해없음,승용,남,69세,경상
2023071800100197,2023년 7월 18일 11시,화요일,광주광역시 북구 연제동,경상사고,0,0,1,0,차대사람 - 보도통행중,신호위반,젖음/습기,비,교차로 - 교차로횡단보도내,승용,남,50세,상해없음,보행자,남,37세,경상
2023071800100226,2023년 7월 18일 12시,화요일,광주광역시 북구 오치동,경상사고,0,0,1,0,차대차 - 측면충돌,안전운전불이행,건조,맑음,교차로 - 교차로안,승용,남,28세,상해없음,승용,남,30세,경상
2023071800100227,2023년 7월 18일 12시,화요일,광주광역시 광산구 쌍암동,경상사고,0,0,1,0,차대차 - 기타,안전운전불이행,건조,맑음,단일로 - 기타,승합,남,56세,상해없음,승용,남,59세,상해없음
2023071800100258,2023년 7월 18일 13시,화요일,광주광역시 남구 진월동,경상사고,0,0,2,0,차대차 - 측면충돌,중앙선침범,젖음/습기,비,단일로 - 기타,승용,남,62세,상해없음,승용,남,41세,경상
2023071800100259,2023년 7월 18일 13시,화요일,광주광역시 광산구 쌍암동,경상사고,0,0,2,0,차대차 - 측면충돌,안전거리미확보,젖음/습기,비,교차로 - 교차로부근,승용,남,80세,기타불명,승용,남,45세,경상
2023071800100295,2023년 7월 18일 14시,화요일,광주광역시 서구 마륵동,경상사고,0,0,2,0,차대차 - 측면충돌,안전운전불이행,건조,맑음,교차로 - 교차로부근,승용,여,70세,기타불명,승용,남,29세,경상
2023071800100357,2023년 7월 18일 16시,화요일,광주광역시 북구 양산동,경상사고,0,0,1,0,차대사람 - 횡단중,신호위반,젖음/습기,비,단일로 - 기타,승용,남,65세,상해없음,보행자,남,11세,경상
2023071800100358,2023년 7월 18일 16시,화요일,광주광역시 북구 운암동,부상신고사고,0,0,0,1,차대사람 - 기타,안전운전불이행,젖음/습기,비,기타 - 기타,기타불명,기타불명,미분류,기타불명,보행자,남,11세,부상신고
2023071800100399,2023년 7월 18일 17시,화요일,광주광역시 북구 문흥동,경상사고,0,0,1,0,차대차 - 후진중충돌,안전운전불이행,건조,맑음,단일로 - 기타,승용,여,28세,상해없음,승용,남,54세,경상
2023071800100434,2023년 7월 18일 18시,화요일,광주광역시 광산구 송대동,경상사고,0,0,1,0,차대차 - 측면충돌,중앙선침범,건조,맑음,교차로 - 교차로안,승용,여,43세,상해없음,승용,남,34세,경상
2023071800100466,2023년 7월 18일 19시,화요일,광주광역시 광산구 운수동,경상사고,0,0,1,0,차대차 - 측면충돌,안전운전불이행,젖음/습기,흐림,단일로 - 기타,승용,남,47세,상해없음,승용,남,34세,경상
2023071800100487,2023년 7월 18일 20시,화요일,광주광역시 북구 오치동,경상사고,0,0,1,0,차대차 - 측면충돌,신호위반,건조,맑음,교차로 - 교차로안,승용,여,31세,상해없음,승용,남,39세,경상
2023071800100514,2023년 7월 18일 21시,화요일,광주광역시 남구 월산동,중상사고,0,1,0,0,차대사람 - 횡단중,안전운전불이행,건조,맑음,교차로 - 교차로부근,승용,남,18세,상해없음,보행자,남,64세,중상
2023071800100515,2023년 7월 18일 21시,화요일,광주광역시 광산구 수완동,중상사고,0,1,0,0,차량단독 - 기타,안전운전불이행,젖음/습기,비,단일로 - 기타,이륜,남,26세,중상,,,,
2023071800100543,2023년 7월 18일 22시,화요일,광주광역시 광산구 산정동,경상사고,0,0,1,0,차대사람 - 차도통행중,안전운전불이행,건조,맑음,교차로 - 교차로부근,승합,남,42세,기타불명,보행자,남,26세,경상
2023071900100026,2023년 7월 19일 03시,수요일,광주광역시 서구 내방동,중상사고,0,2,0,0,차대차 - 측면충돌,중앙선침범,젖음/습기,흐림,기타 - 기타,승용,여,33세,중상,승용,남,37세,중상
2023071900100027,2023년 7월 19일 03시,수요일,광주광역시 광산구 흑석동,경상사고,0,0,1,0,차대사람 - 횡단중,안전운전불이행,젖음/습기,비,단일로 - 기타,승용,남,53세,상해없음,보행자,남,69세,경상
2023071900100052,2023년 7월 19일 06시,수요일,광주광역시 북구 우산동,경상사고,0,0,1,0,차대사람 - 기타,기타,젖음/습기,비,교차로 - 교차로부근,자전거,여,44세,상해없음,보행자,남,62세,경상
2023071900100053,2023년 7월 19일 06시,수요일,광주광역시 광산구 도산동,경상사고,0,0,1,0,차대차 - 기타,안전운전불이행,건조,흐림,교차로 - 교차로안,승용,여,57세,상해없음,승용,남,20세,경상
2023071900100080,2023년 7월 19일 07시,수요일,광주광역시 북구 양산동,중상사고,0,1,0,0,차대차 - 기타,안전운전불이행,건조,맑음,교차로 - 교차로부근,자전거,남,74세,중상,승합,여,53세,상해없음
2023071900100118,2023년 7월 19일 08시,수요일,광주광역시 광산구 송정동,부상신고사고,0,0,0,1,차량단독 - 공작물충돌,안전운전불이행,건조,맑음,단일로 - 기타,승용,남,65세,부상신고,,,,
2023071900100119,2023년 7월 19일 08시,수요일,광주광역시 광산구 월계동,경상사고,0,0,2,0,차대차 - 추돌,안전거리미확보,건조,맑음,교차로 - 교차로안,승용,여,42세,상해없음,화물,남,67세,경상
2023071900100156,2023년 7월 19일 09시,수요일,광주광역시 북구 양산동,경상사고,0,0,1,0,차대차 - 측면충돌,안전운전불이행,건조,맑음,교차로 - 교차로부근,승용,여,62세,상해없음,화물,남,37세,경상
2023071900100157,2023년 7월 19일 09시,수요일,광주광역시 광산구 산정동,경상사고,0,0,1,0,차대사람 - 횡단중,보행자보호의무위반,건조,맑음,교차로 - 교차로횡단보도내,승용,여,40세,상해없음,보행자,여,42세,경상
2023071900100236,2023년 7월 19일 11시,수요일,광주광역시 광산구 수완동,경상사고,0,0,1,0,차대차 - 기타,안전운전불이행,건조,맑음,단일로 - 기타,승용,여,75세,상해없음,승용,여,48세,경상
2023071900100305,2023년 7월 19일 13시,수요일,광주광역시 광산구 월계동,중상사고,0,1,1,0,차대차 - 측면충돌,안전거리미확보,건조,맑음,단일로 - 기타,승용,남,61세,상해없음,승합,남,68세,경상
2023071900100336,2023년 7월 19일 14시,수요일,광주광역시 북구 운암동,경상사고,0,0,1,0,차대사람 - 횡단중,안전운전불이행,건조,맑음,단일로 - 기타,승용,남,67세,상해없음,보행자,남,10세,경상
2023071900100373,2023년 7월 19일 15시,수요일,광주광역시 동구 산수동,중상사고,0,1,0,0,차대차 - 측면충돌,안전운전불이행,건조,맑음,교차로 - 교차로안,승용,남,62세,상해없음,이륜,남,78세,중상
2023071900100374,2023년 7월 19일 15시,수요일,광주광역시 동구 충장로1가,중상사고,0,1,0,0,차대사람 - 차도통행중,안전운전불이행,건조,맑음,단일로 - 기타,화물,남,59세,상해없음,보행자,여,76세,중상
2023071900100418,2023년 7월 19일 16시,수요일,광주광역시 북구 오치동,경상사고,0,0,1,0,차대사람 - 기타,안전운전불이행,건조,맑음,단일로 - 기타,개인형이동수단(PM),남,15세,상해없음,보행자,남,71세,경상
2023071900100419,2023년 7월 19일 16시,수요일,광주광역시 광산구 장덕동,경상사고,0,0,1,0,차대사람 - 기타,안전운전불이행,건조,맑음,단일로 - 기타,개인형이동수단(PM),여,17세,상해없음,보행자,여,63세,경상
2023071900100463,2023년 7월 19일 17시,수요일,광주광역시 북구 신안동,경상사고,0,0,1,0,차대차 - 추돌,안전운전불이행,건조,맑음,교차로 - 교차로부근,승용,여,76세,상해없음,승용,남,59세,경상
2023071900100464,2023년 7월 19일 17시,수요일,광주광역시 광산구 신가동,중상사고,0,1,0,0,차대사람 - 기타,안전운전불이행,건조,맑음,단일로 - 기타,승용,여,48세,상해없음,보행자,남,27세,중상
2023071900100510,2023년 7월 19일 18시,수요일,광주광역시 서구 쌍촌동,경상사고,0,0,1,0,차대차 - 후진중충돌,안전운전불이행,건조,맑음,교차로 - 교차로안,승용,남,29세,상해없음,원동기,남,20세,경상
2023071900100511,2023년 7월 19일 18시,수요일,광주광역시 북구 오치동,경상사고,0,0,1,0,차대차 - 기타,안전운전불이행,건조,맑음,교차로 - 교차로부근,승용,남,52세,기타불명,승용,남,37세,경상
2023071900100512,2023년 7월 19일 18시,수요일,광주광역시 북구 운암동,경상사고,0,0,1,0,차대차 - 측면충돌,교차로운행방법위반,건조,맑음,기타 - 기타,승용,여,52세,상해없음,승용,남,31세,경상
2023071900100540,2023년 7월 19일 19시,수요일,광주광역시 서구 풍암동,경상사고,0,0,1,0,차대차 - 기타,안전운전불이행,건조,맑음,기타 - 기타,승용,남,27세,상해없음,이륜,남,37세,경상
2023071900100541,2023년 7월 19일 19시,수요일,광주광역시 남구 월산동,경상사고,0,0,1,0,차대사람 - 횡단중,안전운전불이행,건조,맑음,교차로 - 교차로부근,승용,남,39세,기타불명,보행자,여,54세,경상
2023071900100542,2023년 7월 19일 19시,수요일,광주광역시 광산구 장덕동,경상사고,0,0,1,0,차대차 - 추돌,안전운전불이행,건조,맑음,교차로 - 교차로부근,승용,여,53세,상해없음,승용,남,58세,경상
2023071900100565,2023년 7월 19일 20시,수요일,광주광역시 남구 송하동,경상사고,0,0,1,0,차대차 - 추돌,안전운전불이행,건조,맑음,단일로 - 기타,승용,남,30세,상해없음,승용,여,49세,경상
2023071900100566,2023년 7월 19일 20시,수요일,광주광역시 광산구 소촌동,경상사고,0,0,1,0,차대차 - 정면충돌,신호위반,건조,맑음,단일로 - 기타,자전거,남,12세,경상,승용,여,50세,상해없음
2023071900100589,2023년 7월 19일 21시,수요일,광주광역시 북구 오치동,부상신고사고,0,0,0,1,차대사람 - 기타,안전운전불이행,건조,맑음,단일로 - 기타,승용,남,63세,기타불명,보행자,여,18세,부상신고
2023072000100027,2023년 7월 20일 02시,목요일,광주광역시 동구 월남동,사망사고,1,0,0,0,차대차 - 기타,안전운전불이행,건조,맑음,기타 - 기타,승용,여,23세,상해없음,원동기,남,62세,사망
2023072000100038,2023년 7월 20일 04시,목요일,광주광역시 서구 유촌동,경상사고,0,0,1,0,차대차 - 기타,신호위반,건조,맑음,교차로 - 교차로안,승용,남,33세,상해없음,승용,남,69세,경상
2023072000100046,2023년 7월 20일 05시,목요일,광주광역시 광산구 대산동,경상사고,0,0,7,0,차대차 - 측면충돌,신호위반,건조,맑음,교차로 - 교차로안,기타불명,기타불명,미분류,기타불명,승합,남,65세,상해없음
2023072000100054,2023년 7월 20일 06시,목요일,광주광역시 북구 동림동,경상사고,0,0,1,0,차대차 - 추돌,안전운전불이행,건조,맑음,단일로 - 기타,화물,남,68세,상해없음,승용,남,55세,경상
2023072000100074,2023년 7월 20일 07시,목요일,광주광역시 광산구 운남동,경상사고,0,0,2,0,차대차 - 기타,안전운전불이행,건조,맑음,교차로 - 교차로부근,화물,남,68세,상해없음,승용,남,53세,경상
2023072000100177,2023년 7월 20일 10시,목요일,광주광역시 서구 쌍촌동,경상사고,0,0,1,0,차대사람 - 기타,안전운전불이행,건조,맑음,단일로 - 기타,기타불명,기타불명,미분류,기타불명,보행자,남,12세,경상
2023072000100178,2023년 7월 20일 10시,목요일,광주광역시 남구 주월동,경상사고,0,0,1,0,차대차 - 기타,교차로운행방법위반,건조,맑음,교차로 - 교차로부근,화물,남,53세,상해없음,승용,여,66세,경상
2023072000100179,2023년 7월 20일 10시,목요일,광주광역시 남구 주월동,중상사고,0,1,1,0,차대차 - 측면충돌,안전운전불이행,건조,맑음,단일로 - 기타,승용,남,66세,상해없음,이륜,남,80세,중상
2023072000100180,2023년 7월 20일 10시,목요일,광주광역시 광산구 쌍암동,경상사고,0,0,1,0,차대차 - 기타,교차로운행방법위반,건조,맑음,교차로 - 교차로안,승용,여,49세,경상,승용,남,65세,상해없음
2023072000100218,2023년 7월 20일 11시,목요일,광주광역시 광산구 송정동,경상사고,0,0,1,0,차대차 - 측면충돌,안전운전불이행,건조,맑음,기타 - 기타,건설기계,남,51세,상해없음,화물,여,59세,경상
2023072000100283,2023년 7월 20일 13시,목요일,광주광역시 남구 백운동,경상사고,0,0,1,0,차대차 - 기타,안전운전불이행,건조,맑음,교차로 - 교차로부근,승용,여,68세,상해없음,승용,남,68세,상해없음
2023072000100284,2023년 7월 20일 13시,목요일,광주광역시 북구 운암동,경상사고,0,0,1,0,차대차 - 기타,안전운전불이행,건조,맑음,단일로 - 기타,승용,여,68세,기타불명,이륜,남,22세,경상
2023072000100362,2023년 7월 20일 15시,목요일,광주광역시 광산구 용곡동,부상신고사고,0,0,0,1,차대차 - 추돌,안전운전불이행,건조,맑음,단일로 - 기타,기타불명,기타불명,미분류,기타불명,자전거,남,83세,부상신고
2023072000100398,2023년 7월 20일 16시,목요일,광주광역시 북구 망월동,경상사고,0,0,1,0,차대차 - 기타,기타,기타,흐림,단일로 - 기타,화물,남,51세,상해없음,승합,남,57세,상해없음
2023072000100407,2023년 7월 20일 16시,목요일,광주광역시 서구 치평동,경상사고,0,0,1,0,차대차 - 측면충돌,안전운전불이행,건조,맑음,교차로 - 교차로안,승용,남,67세,상해없음,승용,남,29세,경상
2023072000100444,2023년 7월 20일 17시,목요일,광주광역시 남구 주월동,중상사고,0,1,0,0,차대차 - 측면충돌,교차로운행방법위반,젖음/습기,비,교차로 - 교차로안,승용,여,38세,상해없음,이륜,남,45세,중상
2023072000100445,2023년 7월 20일 17시,목요일,광주광역시 북구 매곡동,경상사고,0,0,2,0,차대차 - 측면충돌,교차로운행방법위반,건조,맑음,교차로 - 교차로안,승용,남,32세,상해없음,승용,여,35세,경상
2023072000100446,2023년 7월 20일 17시,목요일,광주광역시 광산구 용동,경상사고,0,0,3,0,차대차 - 측면충돌,신호위반,건조,흐림,교차로 - 교차로안,승용,여,45세,경상,승용,남,65세,경상
2023072000100447,2023년 7월 20일 17시,목요일,광주광역시 광산구 장수동,경상사고,0,0,6,0,차대차 - 기타,안전거리미확보,건조,맑음,단일로 - 기타,화물,남,77세,상해없음,승합,남,71세,경상
2023072000100485,2023년 7월 20일 18시,목요일,광주광역시 북구 용봉동,중상사고,0,1,0,0,차량단독 - 기타,안전운전불이행,젖음/습기,비,단일로 - 기타,승합,남,60세,상해없음,,,,
2023072000100513,2023년 7월 20일 19시,목요일,광주광역시 서구 쌍촌동,경상사고,0,0,1,0,차대차 - 기타,안전운전불이행,건조,맑음,교차로 - 교차로안,승용,여,50세,기타불명,승용,남,27세,경상
2023072000100539,2023년 7월 20일 20시,목요일,광주광역시 북구 중흥동,경상사고,0,0,2,0,차대차 - 후진중충돌,안전운전불이행,젖음/습기,흐림,단일로 - 기타,승용,남,50세,상해없음,승용,남,27세,경상
2023072000100540,2023년 7월 20일 20시,목요일,광주광역시 북구 오치동,경상사고,0,0,2,1,차대차 - 추돌,안전운전불이행,젖음/습기,비,단일로 - 기타,승용,남,28세,상해없음,승용,남,69세,경상
2023072000100566,2023년 7월 20일 21시,목요일,광주광역시 서구 치평동,경상사고,0,0,2,0,차대차 - 기타,안전운전불이행,건조,맑음,교차로 - 교차로안,승용,여,37세,상해없음,승용,남,31세,경상
2023072000100591,2023년 7월 20일 23시,목요일,광주광역시 남구 주월동,경상사고,0,0,2,0,차대차 - 측면충돌,안전운전불이행,건조,맑음,기타 - 기타,승용,여,37세,상해없음,승용,남,31세,경상
2023072000100592,2023년 7월 20일 23시,목요일,광주광역시 광산구 수완동,경상사고,0,0,1,0,차대차 - 기타,신호위반,건조,맑음,교차로 - 교차로안,승용,남,40세,상해없음,승용,남,41세,경상
2023072100100008,2023년 7월 21일 00시,금요일,광주광역시 서구 농성동,중상사고,0,1,0,0,차대사람 - 기타,안전운전불이행,젖음/습기,흐림,기타 - 기타,승용,남,40세,상해없음,보행자,남,62세,중상
2023072100100025,2023년 7월 21일 02시,금요일,광주광역시 북구 임동,경상사고,0,0,3,0,차대차 - 추돌,안전운전불이행,젖음/습기,비,단일로 - 기타,승용,여,51세,상해없음,승용,남,27세,경상
2023072100100112,2023년 7월 21일 08시,금요일,광주광역시 북구 운암동,경상사고,0,0,1,0,차대차 - 측면충돌,안전운전불이행,건조,맑음,교차로 - 교차로안,승용,남,37세,상해없음,승용,여,27세,경상
2023072100100173,2023년 7월 21일 10시,금요일,광주광역시 북구 임동,경상사고,0,0,1,0,차대차 - 기타,신호위반,건조,맑음,교차로 - 교차로안,승용,남,73세,상해없음,이륜,남,35세,경상
2023072100100207,2023년 7월 21일 11시,금요일,광주광역시 북구 우산동,경상사고,0,0,1,0,차대차 - 기타,안전운전불이행,건조,맑음,단일로 - 기타,화물,남,54세,상해없음,이륜,남,37세,경상
2023072100100208,2023년 7월 21일 11시,금요일,광주광역시 북구 두암동,경상사고,0,0,1,0,차대차 - 추돌,안전운전불이행,건조,맑음,단일로 - 기타,화물,남,57세,기타불명,승용,여,63세,경상
2023072100100209,2023년 7월 21일 11시,금요일,광주광역시 광산구 월계동,경상사고,0,0,1,0,차대차 - 기타,안전운전불이행,건조,맑음,단일로 - 기타,승용,남,62세,상해없음,승용,남,41세,경상
2023072100100210,2023년 7월 21일 11시,금요일,광주광역시 광산구 비아동,중상사고,0,1,1,0,차대차 - 추돌,안전거리미확보,건조,맑음,단일로 - 기타,화물,남,24세,기타불명,승용,남,49세,경상
2023072100100250,2023년 7월 21일 12시,금요일,광주광역시 서구 쌍촌동,경상사고,0,0,1,0,차대차 - 측면충돌,안전운전불이행,건조,맑음,단일로 - 기타,승합,남,63세,상해없음,자전거,남,76세,경상
2023072100100336,2023년 7월 21일 14시,금요일,광주광역시 서구 화정동,경상사고,0,0,2,0,차대차 - 측면충돌,직진우회전진행방해,건조,맑음,교차로 - 교차로안,승용,남,27세,상해없음,승용,남,41세,경상
2023072100100337,2023년 7월 21일 14시,금요일,광주광역시 광산구 우산동,중상사고,0,2,0,0,차대차 - 기타,안전거리미확보,건조,맑음,단일로 - 기타,승용,남,57세,상해없음,이륜,남,23세,중상
2023072100100383,2023년 7월 21일 15시,금요일,광주광역시 북구 양산동,중상사고,0,1,0,0,차대차 - 추돌,안전운전불이행,건조,맑음,교차로 - 교차로안,승용,남,50세,상해없음,자전거,남,13세,중상
2023072100100426,2023년 7월 21일 16시,금요일,광주광역시 북구 용두동,경상사고,0,0,2,0,차대차 - 측면충돌,직진우회전진행방해,건조,맑음,교차로 - 교차로안,승용,여,51세,상해없음,승용,남,22세,경상
2023072100100486,2023년 7월 21일 17시,금요일,광주광역시 동구 금남로5가,부상신고사고,0,0,0,1,차대차 - 추돌,안전운전불이행,건조,맑음,단일로 - 기타,승용,남,54세,상해없음,승용,남,66세,부상신고
2023072100100487,2023년 7월 21일 17시,금요일,광주광역시 서구 화정동,경상사고,0,0,1,0,차대사람 - 횡단중,안전운전불이행,건조,맑음,교차로 - 교차로부근,승용,여,65세,상해없음,보행자,여,72세,경상
2023072100100488,2023년 7월 21일 17시,금요일,광주광역시 남구 백운동,경상사고,0,0,1,0,차대차 - 추돌,안전거리미확보,건조,맑음,단일로 - 기타,승용,남,58세,상해없음,승용,남,39세,경상
2023072100100489,2023년 7월 21일 17시,금요일,광주광역시 남구 백운동,경상사고,0,0,1,0,차대차 - 측면충돌,안전거리미확보,건조,맑음,단일로 - 기타,승용,여,36세,상해없음,승용,여,49세,경상
2023072100100490,2023년 7월 21일 17시,금요일,광주광역시 북구 임동,부상신고사고,0,0,0,1,차대사람 - 기타,안전운전불이행,건조,맑음,단일로 - 기타,승용,남,33세,상해없음,보행자,남,42세,부상신고
2023072100100491,2023년 7월 21일 17시,금요일,광주광역시 광산구 신창동,경상사고,0,0,1,0,차대사람 - 기타,안전운전불이행,건조,맑음,교차로 - 교차로안,승용,남,54세,상해없음,보행자,남,48세,경상
2023072100100577,2023년 7월 21일 19시,금요일,광주광역시 광산구 우산동,경상사고,0,0,1,0,차대사람 - 기타,안전운전불이행,건조,맑음,교차로 - 교차로안,화물,남,48세,상해없음,보행자,남,29세,경상
2023072100100578,2023년 7월 21일 19시,금요일,광주광역시 광산구 쌍암동,경상사고,0,0,1,0,차대차 - 측면충돌,안전운전불이행,건조,맑음,단일로 - 기타,이륜,남,30세,경상,승용,남,78세,상해없음
2023072100100612,2023년 7월 21일 20시,금요일,광주광역시 동구 학동,경상사고,0,0,1,0,차대차 - 측면충돌,신호위반,건조,맑음,교차로 - 교차로안,승용,여,31세,상해없음,이륜,남,22세,경상
2023072100100613,2023년 7월 21일 20시,금요일,광주광역시 서구 화정동,경상사고,0,0,2,0,차대차 - 측면충돌,신호위반,건조,맑음,교차로 - 교차로안,승용,남,66세,상해없음,승용,남,20세,경상
2023072100100614,2023년 7월 21일 20시,금요일,광주광역시 광산구 수완동,경상사고,0,0,1,0,차대사람 - 횡단중,신호위반,젖음/습기,비,교차로 - 교차로횡단보도내,이륜,남,33세,상해없음,보행자,여,13세,경상
2023072100100636,2023년 7월 21일 21시,금요일,광주광역시 남구 방림동,중상사고,0,1,0,0,차대차 - 정면충돌,중앙선침범,건조,맑음,단일로 - 기타,이륜,남,48세,상해없음,이륜,남,23세,중상
2023072200100100,2023년 7월 22일 08시,토요일,광주광역시 남구 진월동,경상사고,0,0,1,0,차대차 - 측면충돌,안전운전불이행,건조,맑음,단일로 - 기타,승용,남,41세,상해없음,화물,여,56세,경상
2023072200100210,2023년 7월 22일 11시,토요일,광주광역시 북구 운암동,경상사고,0,0,3,0,차대차 - 추돌,안전운전불이행,젖음/습기,비,단일로 - 기타,승용,남,77세,상해없음,승용,남,65세,경상
2023072200100308,2023년 7월 22일 14시,토요일,광주광역시 북구 신용동,경상사고,0,0,5,0,차대차 - 기타,신호위반,젖음/습기,비,교차로 - 교차로부근,승용,여,64세,상해없음,승용,남,35세,경상
2023072200100333,2023년 7월 22일 15시,토요일,광주광역시 서구 치평동,경상사고,0,0,1,0,차대차 - 추돌,안전거리미확보,젖음/습기,비,교차로 - 교차로안,승용,남,59세,상해없음,승용,남,24세,상해없음
2023072200100365,2023년 7월 22일 16시,토요일,광주광역시 북구 오치동,경상사고,0,0,1,0,차대사람 - 기타,안전운전불이행,젖음/습기,흐림,교차로 - 교차로안,승합,남,72세,상해없음,보행자,남,30세,경상
2023072200100366,2023년 7월 22일 16시,토요일,광주광역시 북구 각화동,경상사고,0,0,3,0,차대차 - 추돌,안전운전불이행,젖음/습기,비,단일로 - 기타,승용,여,52세,경상,화물,남,59세,상해없음
2023072200100367,2023년 7월 22일 16시,토요일,광주광역시 광산구 월계동,경상사고,0,0,1,0,차대차 - 기타,안전운전불이행,건조,맑음,단일로 - 기타,승용,여,52세,상해없음,승용,남,38세,경상
2023072200100400,2023년 7월 22일 17시,토요일,광주광역시 남구 봉선동,경상사고,0,0,1,0,차대차 - 측면충돌,교차로운행방법위반,젖음/습기,흐림,교차로 - 교차로안,승용,여,54세,기타불명,승용,남,41세,경상