사고번호,사고일시,요일,시군구,사고내용,사망자수,중상자수,경상자수,부상신고자수,사고유형,법규위반,노면상태,기상상태,도로형태,가해운전자 차종,가해운전자 성별,가해운전자 연령,가해운전자 상해정도,피해운전자 차종,피해운전자 성별,피해운전자 연령,피해운전자 상해정도
2023072200100422,2023년 7월 22일 18시,토요일,광주광역시 서구 치평동,경상사고,0,0,1,0,차대차 - 기타,안전운전불이행,젖음/습기,비,교차로 - 교차로안,승용,남,67세,상해없음,승용,남,22세,경상
2023072200100504,2023년 7월 22일 21시,토요일,광주광역시 서구 화정동,경상사고,0,0,1,0,차대차 - 기타,신호위반,건조,맑음,교차로 - 교차로부근,승용,여,46세,상해없음,승용,남,33세,상해없음
2023072200100528,2023년 7월 22일 22시,토요일,광주광역시 광산구 우산동,경상사고,0,0,1,0,차대차 - 측면충돌,안전거리미확보,건조,맑음,단일로 - 기타,승용,남,59세,상해없음,화물,남,60세,경상
2023072200100553,2023년 7월 22일 23시,토요일,광주광역시 서구 치평동,중상사고,0,1,1,0,차대차 - 측면충돌,안전운전불이행,건조,맑음,교차로 - 교차로안,승용,남,62세,경상,이륜,남,30세,중상
2023072300100045,2023년 7월 23일 05시,일요일,광주광역시 서구 치평동,경상사고,0,0,2,0,차대사람 - 기타,안전운전불이행,건조,맑음,교차로 - 교차로부근,승용,남,21세,상해없음,보행자,여,26세,경상
2023072300100120,2023년 7월 23일 11시,일요일,광주광역시 광산구 신가동,경상사고,0,0,1,0,차대사람 - 기타,안전운전불이행,건조,흐림,단일로 - 기타,개인형이동수단(PM),남,15세,상해없음,보행자,남,33세,경상
2023072300100145,2023년 7월 23일 12시,일요일,광주광역시 서구 쌍촌동,중상사고,0,1,1,0,차대차 - 정면충돌,기타,젖음/습기,비,교차로 - 교차로안,이륜,남,51세,중상,승용,남,52세,경상
2023072300100146,2023년 7월 23일 12시,일요일,광주광역시 서구 금호동,경상사고,0,0,3,0,차대차 - 기타,안전거리미확보,젖음/습기,비,교차로 - 교차로부근,승용,남,58세,상해없음,승용,여,35세,경상
2023072300100168,2023년 7월 23일 13시,일요일,광주광역시 광산구 하남동,경상사고,0,0,1,0,차대차 - 기타,안전운전불이행,건조,맑음,교차로 - 교차로안,승용,남,62세,기타불명,승용,여,25세,경상
2023072300100221,2023년 7월 23일 15시,일요일,광주광역시 서구 광천동,경상사고,0,0,1,0,차대차 - 측면충돌,안전운전불이행,건조,맑음,단일로 - 기타,승용,남,65세,상해없음,승용,남,31세,경상
2023072300100222,2023년 7월 23일 15시,일요일,광주광역시 북구 신안동,경상사고,0,0,3,3,차대차 - 추돌,교차로운행방법위반,건조,맑음,교차로 - 교차로안,승용,여,42세,부상신고,승용,남,33세,부상신고
2023072300100244,2023년 7월 23일 16시,일요일,광주광역시 서구 치평동,경상사고,0,0,1,0,차대사람 - 횡단중,안전운전불이행,건조,맑음,교차로 - 교차로안,승용,여,46세,상해없음,보행자,남,30세,경상
2023072300100245,2023년 7월 23일 16시,일요일,광주광역시 남구 주월동,경상사고,0,0,2,0,차대차 - 추돌,안전운전불이행,건조,맑음,단일로 - 기타,승용,남,58세,상해없음,승용,남,29세,경상
2023072300100246,2023년 7월 23일 16시,일요일,광주광역시 북구 망월동,경상사고,0,0,2,0,차대차 - 측면충돌,안전운전불이행,건조,맑음,단일로 - 기타,승용,남,73세,상해없음,승용,남,35세,경상
2023072300100247,2023년 7월 23일 16시,일요일,광주광역시 북구 생용동,경상사고,0,0,1,1,차대차 - 측면충돌,안전거리미확보,젖음/습기,비,단일로 - 기타,승용,여,38세,기타불명,승용,여,52세,경상
2023072300100264,2023년 7월 23일 17시,일요일,광주광역시 서구 벽진동,경상사고,0,0,3,1,차대차 - 추돌,안전운전불이행,건조,맑음,교차로 - 교차로부근,승용,여,47세,상해없음,승용,남,61세,부상신고
2023072300100358,2023년 7월 23일 21시,일요일,광주광역시 서구 치평동,경상사고,0,0,1,0,차대차 - 측면충돌,안전거리미확보,젖음/습기,비,단일로 - 기타,승용,여,35세,상해없음,승용,남,34세,경상
2023072300100359,2023년 7월 23일 21시,일요일,광주광역시 북구 운암동,경상사고,0,0,1,0,차대차 - 정면충돌,신호위반,젖음/습기,비,교차로 - 교차로안,승용,남,60세,상해없음,이륜,남,33세,경상
2023072300100377,2023년 7월 23일 22시,일요일,광주광역시 광산구 장수동,경상사고,0,0,1,0,차량단독 - 공작물충돌,안전운전불이행,젖음/습기,맑음,단일로 - 기타,승용,남,43세,상해없음,,,,
2023072300100387,2023년 7월 23일 23시,일요일,광주광역시 남구 주월동,경상사고,0,0,1,0,차대차 - 추돌,안전운전불이행,젖음/습기,비,단일로 - 기타,승용,남,60세,상해없음,승용,여,55세,경상
2023072400100025,2023년 7월 24일 03시,월요일,광주광역시 서구 치평동,중상사고,0,1,1,0,차대차 - 측면충돌,안전운전불이행,젖음/습기,비,단일로 - 기타,승용,여,21세,상해없음,승용,남,33세,기타불명
2023072400100039,2023년 7월 24일 05시,월요일,광주광역시 광산구 쌍암동,경상사고,0,0,1,0,차대차 - 추돌,안전운전불이행,젖음/습기,비,단일로 - 기타,승용,남,29세,상해없음,승용,여,57세,경상
2023072400100040,2023년 7월 24일 05시,월요일,광주광역시 광산구 수완동,중상사고,0,1,0,0,차량단독 - 공작물충돌,안전운전불이행,젖음/습기,비,단일로 - 기타,승용,남,23세,상해없음,,,,
2023072400100109,2023년 7월 24일 08시,월요일,광주광역시 북구 동림동,경상사고,0,0,1,0,차대차 - 측면충돌,안전운전불이행,젖음/습기,비,교차로 - 교차로부근,승용,여,41세,상해없음,승용,여,50세,경상
2023072400100138,2023년 7월 24일 09시,월요일,광주광역시 북구 중흥동,경상사고,0,0,1,0,차대차 - 측면충돌,안전운전불이행,건조,맑음,단일로 - 기타,승용,여,61세,상해없음,승합,남,48세,경상
2023072400100139,2023년 7월 24일 09시,월요일,광주광역시 북구 동림동,경상사고,0,0,1,0,차대차 - 추돌,안전거리미확보,젖음/습기,비,교차로 - 교차로안,승용,남,55세,상해없음,화물,남,51세,경상
2023072400100170,2023년 7월 24일 10시,월요일,광주광역시 광산구 신창동,경상사고,0,0,1,0,차대차 - 기타,신호위반,젖음/습기,비,교차로 - 교차로안,승용,남,77세,기타불명,승용,남,49세,경상
2023072400100249,2023년 7월 24일 12시,월요일,광주광역시 서구 농성동,중상사고,0,1,0,0,차대차 - 기타,교차로운행방법위반,건조,맑음,기타 - 기타,이륜,남,54세,상해없음,자전거,남,81세,중상
2023072400100285,2023년 7월 24일 13시,월요일,광주광역시 서구 화정동,경상사고,0,0,1,0,차대차 - 기타,안전운전불이행,건조,맑음,교차로 - 교차로안,화물,남,66세,상해없음,이륜,남,25세,경상
2023072400100286,2023년 7월 24일 13시,월요일,광주광역시 북구 일곡동,경상사고,0,0,1,0,차대사람 - 기타,안전운전불이행,건조,맑음,교차로 - 교차로안,승용,여,51세,상해없음,보행자,남,61세,경상
2023072400100359,2023년 7월 24일 15시,월요일,광주광역시 남구 봉선동,경상사고,0,0,2,0,차대차 - 측면충돌,중앙선침범,건조,맑음,단일로 - 기타,승용,남,63세,기타불명,승용,여,38세,경상
2023072400100444,2023년 7월 24일 17시,월요일,광주광역시 남구 월산동,중상사고,0,1,0,0,차대사람 - 횡단중,보행자보호의무위반,젖음/습기,비,교차로 - 교차로횡단보도내,이륜,남,22세,상해없음,보행자,여,64세,중상
2023072400100479,2023년 7월 24일 18시,월요일,광주광역시 서구 화정동,경상사고,0,0,1,0,차대차 - 기타,안전운전불이행,건조,맑음,교차로 - 교차로부근,승용,남,53세,상해없음,승용,남,64세,경상
2023072400100480,2023년 7월 24일 18시,월요일,광주광역시 서구 치평동,경상사고,0,0,1,0,차대차 - 기타,안전운전불이행,건조,맑음,교차로 - 교차로부근,승용,여,32세,상해없음,승용,여,43세,경상
2023072400100481,2023년 7월 24일 18시,월요일,광주광역시 서구 광천동,경상사고,0,0,1,0,차대차 - 추돌,안전운전불이행,건조,맑음,교차로 - 교차로부근,화물,남,46세,상해없음,승용,여,40세,경상
2023072400100504,2023년 7월 24일 19시,월요일,광주광역시 북구 두암동,중상사고,0,1,0,0,차대사람 - 횡단중,안전운전불이행,건조,맑음,교차로 - 교차로안,승용,남,27세,상해없음,보행자,여,59세,중상
2023072400100533,2023년 7월 24일 20시,월요일,광주광역시 동구 지산동,경상사고,0,0,1,0,차대사람 - 기타,안전운전불이행,건조,맑음,단일로 - 기타,승용,남,22세,상해없음,보행자,여,8세,경상
2023072400100584,2023년 7월 24일 22시,월요일,광주광역시 광산구 우산동,중상사고,0,1,3,0,차대차 - 추돌,안전운전불이행,젖음/습기,비,단일로 - 교량,승용,남,34세,중상,승합,남,41세,경상
2023072400100605,2023년 7월 24일 23시,월요일,광주광역시 서구 쌍촌동,경상사고,0,0,1,0,차대차 - 기타,안전운전불이행,젖음/습기,비,교차로 - 교차로안,승용,남,37세,상해없음,이륜,여,30세,경상
2023072500100067,2023년 7월 25일 07시,화요일,광주광역시 남구 월산동,경상사고,0,0,1,0,차대차 - 측면충돌,교차로운행방법위반,건조,맑음,교차로 - 교차로안,승용,남,30세,기타불명,승용,남,63세,경상
2023072500100101,2023년 7월 25일 08시,화요일,광주광역시 북구 일곡동,경상사고,0,0,1,1,차대차 - 측면충돌,안전운전불이행,건조,맑음,교차로 - 교차로부근,승용,남,30세,부상신고,화물,남,51세,경상
2023072500100102,2023년 7월 25일 08시,화요일,광주광역시 광산구 수완동,경상사고,0,0,2,0,차대차 - 기타,직진우회전진행방해,건조,맑음,교차로 - 교차로안,승용,여,28세,기타불명,승용,남,53세,경상
2023072500100130,2023년 7월 25일 09시,화요일,광주광역시 북구 각화동,경상사고,0,0,1,0,차대차 - 측면충돌,안전거리미확보,건조,맑음,교차로 - 교차로부근,승용,남,77세,상해없음,승용,남,74세,경상
2023072500100131,2023년 7월 25일 09시,화요일,광주광역시 광산구 우산동,경상사고,0,0,1,0,차대차 - 기타,교차로운행방법위반,건조,맑음,교차로 - 교차로안,이륜,남,45세,경상,승용,남,66세,상해없음
2023072500100181,2023년 7월 25일 11시,화요일,광주광역시 북구 일곡동,부상신고사고,0,0,0,1,차대차 - 추돌,안전운전불이행,건조,맑음,교차로 - 교차로부근,승용,남,63세,상해없음,승용,여,29세,부상신고
2023072500100230,2023년 7월 25일 12시,화요일,광주광역시 서구 쌍촌동,경상사고,0,0,1,0,차대차 - 후진중충돌,안전운전불이행,건조,맑음,교차로 - 교차로부근,화물,남,42세,상해없음,승용,남,28세,경상
2023072500100231,2023년 7월 25일 12시,화요일,광주광역시 북구 문흥동,경상사고,0,0,2,0,차대차 - 측면충돌,안전운전불이행,젖음/습기,비,기타 - 기타,승용,여,68세,경상,승용,여,66세,경상
2023072500100265,2023년 7월 25일 13시,화요일,광주광역시 광산구 월계동,경상사고,0,0,1,0,차대차 - 기타,차로위반,건조,맑음,교차로 - 교차로부근,승용,남,51세,상해없음,승용,남,21세,경상
2023072500100295,2023년 7월 25일 14시,화요일,광주광역시 남구 주월동,경상사고,0,0,1,0,차대차 - 측면충돌,신호위반,건조,맑음,교차로 - 교차로안,승용,여,31세,상해없음,승용,남,50세,경상
2023072500100296,2023년 7월 25일 14시,화요일,광주광역시 북구 연제동,경상사고,0,0,1,0,차대차 - 기타,안전운전불이행,건조,맑음,단일로 - 기타,승용,여,45세,상해없음,화물,남,65세,경상
2023072500100327,2023년 7월 25일 15시,화요일,광주광역시 북구 신안동,경상사고,0,0,1,0,차대차 - 측면충돌,안전거리미확보,건조,맑음,단일로 - 기타,승용,남,67세,기타불명,승용,남,28세,경상
2023072500100397,2023년 7월 25일 17시,화요일,광주광역시 북구 각화동,경상사고,0,0,2,0,차대차 - 기타,안전거리미확보,건조,맑음,단일로 - 기타,승용,남,64세,기타불명,승용,남,63세,경상
2023072500100398,2023년 7월 25일 17시,화요일,광주광역시 광산구 송정동,중상사고,0,1,0,0,차대차 - 기타,직진우회전진행방해,건조,맑음,교차로 - 교차로안,승용,남,49세,상해없음,자전거,남,81세,중상
2023072500100461,2023년 7월 25일 19시,화요일,광주광역시 북구 두암동,경상사고,0,0,1,0,차대차 - 추돌,안전운전불이행,건조,맑음,단일로 - 기타,승용,여,63세,상해없음,승용,여,60세,경상
2023072500100484,2023년 7월 25일 20시,화요일,광주광역시 광산구 장덕동,경상사고,0,0,1,0,차대사람 - 보도통행중,기타,건조,맑음,단일로 - 교량,개인형이동수단(PM),남,16세,상해없음,보행자,여,47세,경상
2023072500100511,2023년 7월 25일 21시,화요일,광주광역시 서구 마륵동,경상사고,0,0,1,0,차대차 - 측면충돌,안전거리미확보,건조,맑음,교차로 - 교차로부근,승용,여,64세,상해없음,승용,남,23세,경상
2023072500100546,2023년 7월 25일 23시,화요일,광주광역시 서구 금호동,경상사고,0,0,1,0,차대사람 - 횡단중,보행자보호의무위반,건조,맑음,교차로 - 교차로횡단보도내,개인형이동수단(PM),남,46세,상해없음,보행자,여,50세,경상
2023072600100020,2023년 7월 26일 03시,수요일,광주광역시 북구 신용동,경상사고,0,0,2,0,차대차 - 측면충돌,안전운전불이행,건조,맑음,단일로 - 기타,승용,남,38세,상해없음,승용,남,26세,경상
2023072600100026,2023년 7월 26일 04시,수요일,광주광역시 남구 월산동,경상사고,0,0,1,0,차대차 - 기타,안전운전불이행,건조,맑음,단일로 - 기타,승용,남,33세,상해없음,자전거,남,49세,경상
2023072600100030,2023년 7월 26일 05시,수요일,광주광역시 북구 동림동,중상사고,0,1,0,0,차대차 - 측면충돌,신호위반,건조,맑음,교차로 - 교차로안,승용,남,63세,상해없음,이륜,남,77세,중상
2023072600100064,2023년 7월 26일 07시,수요일,광주광역시 광산구 월계동,중상사고,0,1,0,0,차대사람 - 횡단중,안전운전불이행,건조,맑음,교차로 - 교차로안,승용,남,34세,상해없음,보행자,여,91세,중상
2023072600100103,2023년 7월 26일 08시,수요일,광주광역시 서구 유촌동,경상사고,0,0,4,0,차대차 - 기타,안전운전불이행,건조,맑음,단일로 - 기타,화물,남,54세,상해없음,승용,여,51세,경상
2023072600100104,2023년 7월 26일 08시,수요일,광주광역시 서구 유촌동,경상사고,0,0,1,0,차대차 - 기타,안전운전불이행,건조,맑음,교차로 - 교차로안,승용,여,69세,상해없음,승용,남,37세,경상
2023072600100131,2023년 7월 26일 09시,수요일,광주광역시 동구 대인동,경상사고,0,0,1,0,차대사람 - 횡단중,교차로운행방법위반,건조,맑음,교차로 - 교차로안,화물,남,70세,상해없음,보행자,여,60세,경상
2023072600100132,2023년 7월 26일 09시,수요일,광주광역시 서구 유촌동,경상사고,0,0,1,0,차대차 - 추돌,안전운전불이행,건조,맑음,교차로 - 교차로부근,승용,여,39세,상해없음,승용,남,49세,경상
2023072600100158,2023년 7월 26일 10시,수요일,광주광역시 북구 용두동,경상사고,0,0,1,0,차대차 - 기타,안전거리미확보,건조,맑음,단일로 - 교량,승용,남,46세,상해없음,승용,남,52세,경상
2023072600100228,2023년 7월 26일 12시,수요일,광주광역시 서구 내방동,경상사고,0,0,6,0,차대차 - 추돌,안전운전불이행,건조,맑음,단일로 - 기타,승용,남,62세,경상,승용,여,42세,경상
2023072600100229,2023년 7월 26일 12시,수요일,광주광역시 북구 임동,경상사고,0,0,5,0,차대차 - 측면충돌,신호위반,건조,맑음,교차로 - 교차로안,승용,여,53세,경상,승용,여,37세,경상
2023072600100230,2023년 7월 26일 12시,수요일,광주광역시 북구 중흥동,중상사고,0,1,0,0,차대사람 - 기타,안전운전불이행,건조,맑음,교차로 - 교차로부근,화물,남,65세,상해없음,보행자,남,51세,중상
2023072600100275,2023년 7월 26일 13시,수요일,광주광역시 북구 삼각동,경상사고,0,0,2,0,차대차 - 측면충돌,중앙선침범,건조,맑음,단일로 - 기타,승용,여,52세,상해없음,승용,남,65세,경상
2023072600100339,2023년 7월 26일 15시,수요일,광주광역시 광산구 운남동,경상사고,0,0,1,0,차대차 - 기타,안전거리미확보,건조,맑음,단일로 - 기타,승용,남,63세,상해없음,승용,남,57세,상해없음
2023072600100340,2023년 7월 26일 15시,수요일,광주광역시 광산구 신가동,경상사고,0,0,1,0,차대차 - 기타,안전거리미확보,젖음/습기,비,단일로 - 기타,승용,남,60세,상해없음,이륜,남,50세,경상
2023072600100374,2023년 7월 26일 16시,수요일,광주광역시 서구 쌍촌동,경상사고,0,0,1,0,차대차 - 측면충돌,안전운전불이행,건조,맑음,교차로 - 교차로안,승용,남,60세,상해없음,승용,남,42세,경상
2023072600100375,2023년 7월 26일 16시,수요일,광주광역시 북구 동림동,경상사고,0,0,2,0,차대차 - 추돌,안전운전불이행,건조,맑음,단일로 - 기타,승용,여,48세,경상,화물,남,28세,경상
2023072600100426,2023년 7월 26일 17시,수요일,광주광역시 북구 각화동,중상사고,0,1,0,0,차대차 - 측면충돌,안전거리미확보,건조,맑음,교차로 - 교차로부근,승용,남,64세,상해없음,이륜,남,41세,중상
2023072600100467,2023년 7월 26일 18시,수요일,광주광역시 서구 쌍촌동,경상사고,0,0,1,0,차대차 - 후진중충돌,안전운전불이행,건조,맑음,기타 - 기타,승용,여,26세,상해없음,승용,남,26세,경상
2023072600100468,2023년 7월 26일 18시,수요일,광주광역시 광산구 하남동,중상사고,0,1,0,0,차대차 - 추돌,차로위반,건조,맑음,단일로 - 기타,승용,남,59세,상해없음,이륜,남,20세,중상
2023072600100506,2023년 7월 26일 19시,수요일,광주광역시 서구 마륵동,경상사고,0,0,1,0,차대차 - 측면충돌,안전거리미확보,건조,맑음,단일로 - 기타,이륜,남,35세,경상,승용,남,26세,기타불명
2023072600100524,2023년 7월 26일 20시,수요일,광주광역시 서구 쌍촌동,경상사고,0,0,1,0,차대사람 - 기타,안전운전불이행,건조,맑음,단일로 - 기타,승용,남,51세,상해없음,보행자,남,46세,경상
2023072600100576,2023년 7월 26일 22시,수요일,광주광역시 남구 방림동,중상사고,0,1,1,0,차대차 - 측면충돌,신호위반,건조,맑음,교차로 - 교차로안,이륜,남,27세,중상,승용,여,66세,경상
2023072700100047,2023년 7월 27일 05시,목요일,광주광역시 동구 계림동,경상사고,0,0,1,0,차대차 - 기타,안전운전불이행,건조,맑음,기타 - 기타,승용,남,67세,상해없음,원동기,남,26세,경상
2023072700100154,2023년 7월 27일 09시,목요일,광주광역시 북구 두암동,경상사고,0,0,2,0,차대사람 - 기타,안전운전불이행,건조,맑음,단일로 - 기타,건설기계,남,56세,상해없음,보행자,남,31세,경상
2023072700100176,2023년 7월 27일 10시,목요일,광주광역시 남구 봉선동,경상사고,0,0,1,0,차대차 - 측면충돌,교차로운행방법위반,건조,맑음,교차로 - 교차로안,승용,남,64세,상해없음,승용,여,43세,경상
2023072700100177,2023년 7월 27일 10시,목요일,광주광역시 북구 오치동,부상신고사고,0,0,0,1,차대차 - 측면충돌,안전운전불이행,건조,맑음,단일로 - 기타,화물,남,69세,상해없음,이륜,남,28세,부상신고
2023072700100178,2023년 7월 27일 10시,목요일,광주광역시 북구 매곡동,경상사고,0,0,1,0,차대차 - 측면충돌,안전거리미확보,건조,맑음,교차로 - 교차로안,승용,여,42세,상해없음,승용,여,46세,경상
2023072700100253,2023년 7월 27일 12시,목요일,광주광역시 광산구 장덕동,경상사고,0,0,4,0,차대차 - 측면충돌,안전거리미확보,건조,맑음,단일로 - 기타,승용,여,39세,경상,승용,여,26세,경상
2023072700100289,2023년 7월 27일 13시,목요일,광주광역시 동구 지산동,경상사고,0,0,2,0,차대차 - 추돌,안전운전불이행,건조,맑음,교차로 - 교차로부근,승용,남,67세,상해없음,승용,여,37세,경상
2023072700100290,2023년 7월 27일 13시,목요일,광주광역시 서구 금호동,경상사고,0,0,1,0,차대차 - 추돌,안전운전불이행,건조,맑음,교차로 - 교차로부근,승용,남,68세,상해없음,승용,여,49세,경상
2023072700100457,2023년 7월 27일 17시,목요일,광주광역시 서구 쌍촌동,경상사고,0,0,2,0,차대차 - 측면충돌,안전거리미확보,건조,맑음,단일로 - 기타,승용,남,67세,경상,승용,남,48세,경상
2023072700100458,2023년 7월 27일 17시,목요일,광주광역시 북구 오치동,부상신고사고,0,0,0,1,차대차 - 기타,안전운전불이행,건조,맑음,기타 - 기타,자전거,남,11세,부상신고,승용,남,22세,상해없음
2023072700100459,2023년 7월 27일 17시,목요일,광주광역시 북구 일곡동,경상사고,0,0,1,0,차대차 - 기타,안전운전불이행,건조,맑음,단일로 - 기타,승용,여,43세,상해없음,승용,여,48세,경상
2023072700100460,2023년 7월 27일 17시,목요일,광주광역시 광산구 소촌동,경상사고,0,0,3,0,차대차 - 측면충돌,신호위반,건조,맑음,교차로 - 교차로안,승용,남,70세,경상,승용,남,73세,경상
2023072700100503,2023년 7월 27일 18시,목요일,광주광역시 광산구 우산동,경상사고,0,0,1,0,차대차 - 측면충돌,신호위반,건조,맑음,교차로 - 교차로안,승용,남,22세,상해없음,이륜,남,34세,경상
2023072700100535,2023년 7월 27일 19시,목요일,광주광역시 광산구 신가동,경상사고,0,0,3,1,차대차 - 측면충돌,차로위반,건조,맑음,교차로 - 교차로부근,승용,여,40세,부상신고,승합,남,37세,상해없음
2023072700100565,2023년 7월 27일 20시,목요일,광주광역시 광산구 옥동,경상사고,0,0,1,0,차량단독 - 공작물충돌,안전운전불이행,건조,맑음,단일로 - 기타,승용,여,49세,경상,,,,
2023072700100589,2023년 7월 27일 21시,목요일,광주광역시 서구 치평동,경상사고,0,0,1,0,차대차 - 추돌,안전운전불이행,건조,맑음,단일로 - 기타,승용,남,37세,상해없음,승용,남,45세,경상
2023072700100620,2023년 7월 27일 23시,목요일,광주광역시 광산구 산월동,경상사고,0,0,1,0,차량단독 - 기타,안전운전불이행,건조,맑음,단일로 - 기타,승용,남,28세,상해없음,,,,
2023072800100039,2023년 7월 28일 05시,금요일,광주광역시 광산구 운수동,중상사고,0,1,1,0,차대차 - 측면충돌,신호위반,건조,맑음,교차로 - 교차로안,화물,남,49세,중상,화물,남,40세,경상
2023072800100120,2023년 7월 28일 08시,금요일,광주광역시 남구 주월동,경상사고,0,0,1,0,차대차 - 측면충돌,안전운전불이행,건조,흐림,교차로 - 교차로부근,승용,남,74세,기타불명,승용,여,46세,경상
2023072800100121,2023년 7월 28일 08시,금요일,광주광역시 북구 운암동,부상신고사고,0,0,0,1,차대차 - 후진중충돌,불법유턴,건조,맑음,주차장 - 주차장,승용,여,72세,기타불명,승용,남,35세,부상신고
2023072800100122,2023년 7월 28일 08시,금요일,광주광역시 북구 동림동,경상사고,0,0,2,0,차대차 - 기타,중앙선침범,건조,맑음,단일로 - 교량,승용,남,57세,상해없음,승용,남,66세,경상
2023072800100123,2023년 7월 28일 08시,금요일,광주광역시 광산구 장덕동,경상사고,0,0,2,0,차대차 - 측면충돌,신호위반,건조,맑음,교차로 - 교차로안,승용,남,38세,경상,승용,여,54세,경상
2023072800100150,2023년 7월 28일 09시,금요일,광주광역시 서구 금호동,경상사고,0,0,2,0,차대차 - 기타,안전거리미확보,건조,맑음,교차로 - 교차로부근,승용,남,64세,상해없음,승합,남,58세,경상
2023072800100171,2023년 7월 28일 10시,금요일,광주광역시 동구 동명동,경상사고,0,0,1,0,차대사람 - 기타,안전운전불이행,건조,맑음,단일로 - 기타,화물,남,57세,상해없음,보행자,남,49세,경상
2023072800100172,2023년 7월 28일 10시,금요일,광주광역시 서구 유촌동,경상사고,0,0,1,0,차대차 - 측면충돌,안전운전불이행,건조,맑음,단일로 - 기타,승용,남,73세,상해없음,승용,남,41세,경상
2023072800100211,2023년 7월 28일 11시,금요일,광주광역시 광산구 송정동,경상사고,0,0,1,0,차대차 - 측면충돌,안전거리미확보,건조,맑음,교차로 - 교차로부근,승용,남,73세,상해없음,승용,남,51세,경상
2023072800100248,2023년 7월 28일 12시,금요일,광주광역시 서구 매월동,중상사고,0,1,0,0,차대차 - 기타,안전운전불이행,건조,맑음,단일로 - 기타,자전거,남,66세,중상,승용,남,43세,상해없음
2023072800100249,2023년 7월 28일 12시,금요일,광주광역시 북구 용봉동,중상사고,0,1,0,0,차대차 - 측면충돌,교차로운행방법위반,건조,맑음,교차로 - 교차로안,승용,남,69세,상해없음,이륜,남,64세,중상
2023072800100250,2023년 7월 28일 12시,금요일,광주광역시 북구 운암동,경상사고,0,0,1,0,차대차 - 기타,안전운전불이행,건조,맑음,단일로 - 기타,화물,남,51세,상해없음,승용,남,59세,경상
2023072800100287,2023년 7월 28일 13시,금요일,광주광역시 서구 풍암동,경상사고,0,0,2,0,차대차 - 추돌,안전운전불이행,건조,맑음,교차로 - 교차로부근,화물,남,76세,상해없음,화물,남,57세,경상
2023072800100288,2023년 7월 28일 13시,금요일,광주광역시 북구 운암동,경상사고,0,0,1,0,차대차 - 기타,신호위반,건조,맑음,교차로 - 교차로안,승용,남,37세,상해없음,승용,남,44세,경상
2023072800100289,2023년 7월 28일 13시,금요일,광주광역시 광산구 송정동,경상사고,0,0,1,0,차대차 - 기타,기타,건조,맑음,단일로 - 기타,승용,남,67세,상해없음,자전거,남,63세,경상
2023072800100290,2023년 7월 28일 13시,금요일,광주광역시 광산구 소촌동,경상사고,0,0,2,0,차대차 - 측면충돌,교차로운행방법위반,건조,맑음,교차로 - 교차로안,승용,남,34세,경상,승용,남,52세,경상
2023072800100363,2023년 7월 28일 15시,금요일,광주광역시 서구 쌍촌동,중상사고,0,1,0,0,차대차 - 기타,안전운전불이행,건조,맑음,교차로 - 교차로안,이륜,남,40세,중상,승용,남,42세,상해없음
2023072800100403,2023년 7월 28일 16시,금요일,광주광역시 동구 학동,경상사고,0,0,1,0,차대차 - 측면충돌,안전운전불이행,건조,맑음,교차로 - 교차로안,승용,남,74세,상해없음,이륜,남,41세,경상
2023072800100461,2023년 7월 28일 17시,금요일,광주광역시 서구 치평동,경상사고,0,0,1,0,차대차 - 추돌,안전운전불이행,건조,맑음,단일로 - 기타,승용,여,33세,기타불명,승용,남,38세,경상
2023072800100506,2023년 7월 28일 18시,금요일,광주광역시 광산구 선암동,경상사고,0,0,1,0,차대차 - 측면충돌,교차로운행방법위반,건조,맑음,교차로 - 교차로안,승용,여,44세,기타불명,승용,남,30세,경상
2023072800100539,2023년 7월 28일 19시,금요일,광주광역시 광산구 우산동,중상사고,0,1,0,0,차대차 - 측면충돌,교차로운행방법위반,건조,맑음,교차로 - 교차로안,승용,남,70세,상해없음,이륜,남,53세,중상
2023072800100576,2023년 7월 28일 20시,금요일,광주광역시 서구 화정동,경상사고,0,0,2,0,차대차 - 추돌,안전운전불이행,건조,맑음,단일로 - 기타,승용,남,28세,상해없음,승용,여,42세,경상
2023072800100577,2023년 7월 28일 20시,금요일,광주광역시 북구 두암동,중상사고,0,1,0,0,차대차 - 측면충돌,안전거리미확보,건조,맑음,단일로 - 기타,승용,여,56세,상해없음,원동기,남,33세,중상
2023072800100599,2023년 7월 28일 21시,금요일,광주광역시 광산구 수완동,중상사고,0,1,0,0,차대차 - 추돌,안전운전불이행,건조,맑음,교차로 - 교차로부근,이륜,남,17세,상해없음,개인형이동수단(PM),남,47세,중상
2023072800100650,2023년 7월 28일 23시,금요일,광주광역시 서구 쌍촌동,경상사고,0,0,3,0,차대차 - 기타,안전운전불이행,건조,맑음,단일로 - 기타,승용,여,30세,상해없음,승용,남,31세,경상
2023072900100021,2023년 7월 29일 00시,토요일,광주광역시 광산구 산정동,경상사고,0,0,1,0,차대차 - 추돌,안전운전불이행,건조,맑음,단일로 - 기타,이륜,남,56세,상해없음,승용,남,42세,경상
2023072900100036,2023년 7월 29일 01시,토요일,광주광역시 광산구 수완동,경상사고,0,0,1,0,차대사람 - 차도통행중,안전운전불이행,건조,맑음,단일로 - 기타,개인형이동수단(PM),남,18세,상해없음,보행자,남,39세,경상