사고번호,사고일시,요일,시군구,사고내용,사망자수,중상자수,경상자수,부상신고자수,사고유형,법규위반,노면상태,기상상태,도로형태,가해운전자 차종,가해운전자 성별,가해운전자 연령,가해운전자 상해정도,피해운전자 차종,피해운전자 성별,피해운전자 연령,피해운전자 상해정도
2023072900100057,2023년 7월 29일 03시,토요일,광주광역시 서구 매월동,경상사고,0,0,2,0,차대차 - 측면충돌,안전운전불이행,건조,맑음,단일로 - 기타,승용,남,40세,상해없음,승용,남,39세,경상
2023072900100059,2023년 7월 29일 04시,토요일,광주광역시 서구 치평동,중상사고,0,1,0,0,차대사람 - 횡단중,안전운전불이행,건조,맑음,교차로 - 교차로부근,화물,남,62세,상해없음,보행자,남,31세,중상
2023072900100101,2023년 7월 29일 07시,토요일,광주광역시 서구 치평동,경상사고,0,0,1,0,차대차 - 추돌,안전운전불이행,건조,맑음,단일로 - 기타,승용,남,29세,상해없음,승용,여,30세,경상
2023072900100120,2023년 7월 29일 08시,토요일,광주광역시 서구 쌍촌동,경상사고,0,0,1,0,차대차 - 추돌,안전운전불이행,건조,맑음,단일로 - 기타,승용,남,55세,상해없음,승용,여,37세,경상
2023072900100121,2023년 7월 29일 08시,토요일,광주광역시 북구 중흥동,중상사고,0,1,2,0,차대차 - 기타,교차로운행방법위반,건조,맑음,교차로 - 교차로안,승용,여,49세,중상,승용,남,30세,경상
2023072900100149,2023년 7월 29일 09시,토요일,광주광역시 서구 덕흥동,경상사고,0,0,5,0,차대차 - 기타,안전거리미확보,건조,맑음,단일로 - 기타,승용,남,46세,경상,화물,남,56세,상해없음
2023072900100218,2023년 7월 29일 11시,토요일,광주광역시 북구 용전동,경상사고,0,0,11,0,차대차 - 측면충돌,신호위반,건조,맑음,교차로 - 교차로안,승용,남,79세,상해없음,승합,남,58세,경상
2023072900100255,2023년 7월 29일 12시,토요일,광주광역시 북구 동림동,경상사고,0,0,1,3,차대차 - 추돌,교차로운행방법위반,건조,맑음,교차로 - 교차로안,승용,남,50세,부상신고,승용,남,33세,경상
2023072900100289,2023년 7월 29일 13시,토요일,광주광역시 북구 신안동,경상사고,0,0,1,0,차대차 - 추돌,안전운전불이행,건조,맑음,단일로 - 기타,승용,남,34세,상해없음,승용,남,62세,경상
2023072900100290,2023년 7월 29일 13시,토요일,광주광역시 북구 양산동,경상사고,0,0,1,0,차대차 - 후진중충돌,안전운전불이행,건조,맑음,교차로 - 교차로안,승용,여,59세,상해없음,이륜,남,39세,경상
2023072900100291,2023년 7월 29일 13시,토요일,광주광역시 북구 신안동,경상사고,0,0,2,0,차대차 - 측면충돌,안전운전불이행,건조,맑음,단일로 - 기타,승용,남,57세,상해없음,승용,남,29세,경상
2023072900100292,2023년 7월 29일 13시,토요일,광주광역시 광산구 송정동,경상사고,0,0,1,0,차대차 - 기타,안전운전불이행,건조,맑음,교차로 - 교차로안,화물,남,60세,상해없음,승용,여,22세,경상
2023072900100293,2023년 7월 29일 13시,토요일,광주광역시 광산구 하남동,경상사고,0,0,2,0,차대차 - 추돌,안전운전불이행,건조,맑음,교차로 - 교차로부근,승용,남,57세,상해없음,승용,남,48세,경상
2023072900100367,2023년 7월 29일 15시,토요일,광주광역시 남구 진월동,경상사고,0,0,1,0,차대차 - 추돌,안전운전불이행,건조,맑음,단일로 - 기타,승용,여,66세,상해없음,승용,여,68세,경상
2023072900100413,2023년 7월 29일 16시,토요일,광주광역시 남구 월산동,경상사고,0,0,1,0,차대차 - 후진중충돌,안전운전불이행,건조,맑음,기타 - 기타,승용,남,27세,상해없음,승용,여,59세,경상
2023072900100414,2023년 7월 29일 16시,토요일,광주광역시 북구 연제동,경상사고,0,0,1,1,차대차 - 추돌,안전거리미확보,건조,맑음,단일로 - 기타,화물,남,33세,기타불명,승용,남,70세,경상
2023072900100461,2023년 7월 29일 17시,토요일,광주광역시 서구 쌍촌동,경상사고,0,0,1,0,차대차 - 기타,안전운전불이행,건조,맑음,교차로 - 교차로안,승용,남,28세,상해없음,이륜,남,23세,경상
2023072900100520,2023년 7월 29일 19시,토요일,광주광역시 광산구 산정동,경상사고,0,0,1,0,차대사람 - 횡단중,안전운전불이행,건조,맑음,교차로 - 교차로안,승용,여,45세,상해없음,보행자,여,23세,경상
2023072900100550,2023년 7월 29일 21시,토요일,광주광역시 북구 용봉동,경상사고,0,0,3,0,차대차 - 추돌,신호위반,건조,맑음,교차로 - 교차로안,승용,남,70세,기타불명,승용,여,43세,경상
2023072900100564,2023년 7월 29일 22시,토요일,광주광역시 광산구 신가동,경상사고,0,0,3,0,차량단독 - 기타,안전운전불이행,건조,맑음,단일로 - 기타,승용,남,28세,상해없음,,,,
2023072900100581,2023년 7월 29일 23시,토요일,광주광역시 북구 중흥동,경상사고,0,0,2,0,차대차 - 기타,신호위반,건조,맑음,교차로 - 교차로안,승용,남,74세,상해없음,승용,남,69세,경상
2023073000100026,2023년 7월 30일 02시,일요일,광주광역시 남구 방림동,경상사고,0,0,1,0,차대차 - 측면충돌,안전운전불이행,건조,맑음,단일로 - 기타,승용,남,25세,상해없음,이륜,남,21세,경상
2023073000100081,2023년 7월 30일 09시,일요일,광주광역시 서구 화정동,경상사고,0,0,2,0,차대차 - 기타,안전거리미확보,건조,맑음,교차로 - 교차로부근,승용,남,38세,기타불명,승용,여,50세,경상
2023073000100144,2023년 7월 30일 11시,일요일,광주광역시 광산구 신창동,경상사고,0,0,1,0,차대차 - 정면충돌,교차로운행방법위반,건조,맑음,교차로 - 교차로부근,승용,남,36세,상해없음,이륜,남,30세,경상
2023073000100206,2023년 7월 30일 13시,일요일,광주광역시 서구 화정동,중상사고,0,1,0,0,차대차 - 기타,안전운전불이행,건조,맑음,단일로 - 기타,승용,남,65세,상해없음,이륜,남,23세,중상
2023073000100207,2023년 7월 30일 13시,일요일,광주광역시 서구 치평동,경상사고,0,0,1,0,차대차 - 기타,불법유턴,건조,맑음,단일로 - 기타,승용,여,56세,상해없음,이륜,남,50세,경상
2023073000100208,2023년 7월 30일 13시,일요일,광주광역시 북구 신용동,경상사고,0,0,3,0,차대차 - 추돌,안전운전불이행,건조,맑음,교차로 - 교차로부근,승용,남,74세,상해없음,승용,남,55세,경상
2023073000100247,2023년 7월 30일 14시,일요일,광주광역시 남구 백운동,경상사고,0,0,2,0,차대차 - 후진중충돌,안전운전불이행,건조,맑음,교차로 - 교차로부근,승용,여,33세,상해없음,승용,여,30세,경상
2023073000100394,2023년 7월 30일 20시,일요일,광주광역시 서구 광천동,경상사고,0,0,1,0,차대사람 - 보도통행중,기타,건조,맑음,기타 - 기타,이륜,남,51세,상해없음,보행자,남,69세,경상
2023073000100416,2023년 7월 30일 21시,일요일,광주광역시 광산구 우산동,경상사고,0,0,1,0,차대사람 - 횡단중,보행자보호의무위반,건조,맑음,교차로 - 교차로안,승용,남,58세,상해없음,보행자,여,66세,경상
2023073000100427,2023년 7월 30일 22시,일요일,광주광역시 광산구 수완동,중상사고,0,1,0,0,차대차 - 기타,안전운전불이행,건조,맑음,교차로 - 교차로부근,승용,남,41세,상해없음,이륜,남,37세,중상
2023073100100006,2023년 7월 31일 00시,월요일,광주광역시 광산구 신창동,경상사고,0,0,2,0,차대차 - 추돌,안전운전불이행,건조,맑음,단일로 - 기타,승용,남,29세,상해없음,승용,여,58세,경상
2023073100100020,2023년 7월 31일 03시,월요일,광주광역시 서구 화정동,경상사고,0,0,1,0,차대차 - 측면충돌,안전운전불이행,건조,맑음,단일로 - 기타,승용,남,28세,상해없음,원동기,남,75세,경상
2023073100100056,2023년 7월 31일 07시,월요일,광주광역시 서구 양동,중상사고,0,1,0,0,차대사람 - 보도통행중,보행자보호의무위반,건조,맑음,단일로 - 기타,승용,여,58세,기타불명,보행자,여,87세,중상
2023073100100085,2023년 7월 31일 08시,월요일,광주광역시 남구 주월동,경상사고,0,0,1,0,차대차 - 후진중충돌,안전운전불이행,건조,맑음,단일로 - 기타,화물,남,64세,상해없음,승용,여,60세,경상
2023073100100123,2023년 7월 31일 09시,월요일,광주광역시 서구 농성동,경상사고,0,0,2,0,차대차 - 추돌,안전운전불이행,건조,맑음,교차로 - 교차로부근,승용,남,53세,상해없음,승용,여,69세,경상
2023073100100124,2023년 7월 31일 09시,월요일,광주광역시 북구 풍향동,부상신고사고,0,0,0,1,차대차 - 측면충돌,안전운전불이행,건조,맑음,교차로 - 교차로횡단보도내,승용,남,56세,상해없음,자전거,남,26세,부상신고
2023073100100152,2023년 7월 31일 10시,월요일,광주광역시 동구 대인동,경상사고,0,0,2,0,차대차 - 기타,중앙선침범,건조,맑음,단일로 - 기타,승용,남,74세,상해없음,승용,여,53세,경상
2023073100100153,2023년 7월 31일 10시,월요일,광주광역시 북구 중흥동,중상사고,0,1,0,0,차대사람 - 기타,안전운전불이행,건조,맑음,단일로 - 기타,승용,여,24세,상해없음,보행자,여,29세,중상
2023073100100154,2023년 7월 31일 10시,월요일,광주광역시 광산구 송정동,중상사고,0,1,0,1,차대차 - 측면충돌,직진우회전진행방해,건조,맑음,교차로 - 교차로안,이륜,남,83세,중상,승용,남,51세,부상신고
2023073100100374,2023년 7월 31일 16시,월요일,광주광역시 북구 중흥동,경상사고,0,0,1,0,차량단독 - 기타,안전운전불이행,건조,맑음,단일로 - 기타,승합,남,56세,상해없음,,,,
2023073100100375,2023년 7월 31일 16시,월요일,광주광역시 광산구 송정동,중상사고,0,1,0,0,차대사람 - 기타,보행자보호의무위반,건조,맑음,교차로 - 교차로안,승용,여,43세,상해없음,보행자,여,68세,중상
2023073100100414,2023년 7월 31일 17시,월요일,광주광역시 서구 광천동,경상사고,0,0,1,0,차대차 - 기타,중앙선침범,건조,맑음,단일로 - 기타,화물,남,65세,상해없음,승용,남,52세,경상
2023073100100415,2023년 7월 31일 17시,월요일,광주광역시 서구 마륵동,경상사고,0,0,1,0,차대차 - 추돌,안전운전불이행,건조,맑음,교차로 - 교차로부근,승용,남,55세,기타불명,승용,남,29세,경상
2023073100100416,2023년 7월 31일 17시,월요일,광주광역시 북구 운암동,경상사고,0,0,3,0,차대차 - 기타,안전거리미확보,건조,맑음,단일로 - 고가도로위,화물,남,48세,상해없음,승용,남,29세,경상
2023073100100464,2023년 7월 31일 18시,월요일,광주광역시 서구 농성동,경상사고,0,0,4,0,차대차 - 측면충돌,기타,건조,맑음,교차로 - 교차로안,승용,여,41세,경상,승용,남,46세,경상
2023073100100465,2023년 7월 31일 18시,월요일,광주광역시 북구 중흥동,경상사고,0,0,1,0,차대사람 - 기타,안전운전불이행,건조,맑음,교차로 - 교차로횡단보도내,승용,여,78세,상해없음,보행자,남,61세,경상
2023073100100466,2023년 7월 31일 18시,월요일,광주광역시 광산구 수완동,경상사고,0,0,1,0,차대차 - 추돌,안전거리미확보,건조,맑음,단일로 - 기타,화물,남,31세,상해없음,승합,남,53세,상해없음
2023073100100493,2023년 7월 31일 19시,월요일,광주광역시 광산구 운남동,중상사고,0,1,0,0,차량단독 - 기타,안전운전불이행,젖음/습기,비,교차로 - 교차로안,원동기,남,43세,중상,,,,
2023073100100518,2023년 7월 31일 20시,월요일,광주광역시 광산구 쌍암동,경상사고,0,0,1,0,차대차 - 기타,안전운전불이행,건조,맑음,교차로 - 교차로부근,승용,남,56세,상해없음,승용,여,33세,경상
2023073100100536,2023년 7월 31일 21시,월요일,광주광역시 북구 우산동,경상사고,0,0,1,0,차대차 - 측면충돌,안전운전불이행,건조,맑음,단일로 - 기타,승용,남,37세,상해없음,승용,남,57세,기타불명
2023073100100537,2023년 7월 31일 21시,월요일,광주광역시 광산구 우산동,경상사고,0,0,1,0,차대차 - 기타,안전운전불이행,건조,맑음,단일로 - 기타,승용,남,18세,상해없음,승용,남,80세,경상
2023080100100014,2023년 8월 1일 01시,화요일,광주광역시 남구 임암동,경상사고,0,0,1,0,차대차 - 추돌,안전운전불이행,건조,맑음,교차로 - 교차로부근,화물,남,59세,상해없음,승용,남,66세,경상
2023080100100187,2023년 8월 1일 11시,화요일,광주광역시 동구 궁동,경상사고,0,0,1,0,차대사람 - 기타,안전운전불이행,건조,맑음,단일로 - 기타,승용,남,47세,상해없음,보행자,남,39세,경상
2023080100100188,2023년 8월 1일 11시,화요일,광주광역시 북구 두암동,경상사고,0,0,1,0,차대차 - 측면충돌,안전운전불이행,건조,맑음,기타 - 기타,화물,남,63세,상해없음,화물,남,35세,경상
2023080100100261,2023년 8월 1일 13시,화요일,광주광역시 동구 학동,사망사고,1,0,0,0,차대사람 - 기타,안전운전불이행,건조,맑음,단일로 - 기타,이륜,남,33세,상해없음,보행자,여,80세,사망
2023080100100262,2023년 8월 1일 13시,화요일,광주광역시 서구 풍암동,경상사고,0,0,2,0,차대차 - 추돌,안전운전불이행,건조,맑음,단일로 - 기타,승용,남,60세,상해없음,승용,여,37세,경상
2023080100100263,2023년 8월 1일 13시,화요일,광주광역시 남구 봉선동,경상사고,0,0,4,0,차대차 - 기타,안전운전불이행,건조,맑음,단일로 - 기타,승용,남,23세,상해없음,승용,남,35세,경상
2023080100100264,2023년 8월 1일 13시,화요일,광주광역시 광산구 월전동,경상사고,0,0,1,0,차대차 - 측면충돌,안전거리미확보,건조,맑음,교차로 - 교차로안,승용,남,66세,상해없음,화물,남,29세,경상
2023080100100301,2023년 8월 1일 14시,화요일,광주광역시 서구 광천동,중상사고,0,1,0,0,차대차 - 기타,안전운전불이행,건조,맑음,교차로 - 교차로안,화물,남,77세,상해없음,자전거,남,76세,중상
2023080100100302,2023년 8월 1일 14시,화요일,광주광역시 서구 농성동,경상사고,0,0,2,0,차대차 - 추돌,안전운전불이행,건조,맑음,단일로 - 기타,승용,남,44세,상해없음,승용,여,33세,경상
2023080100100303,2023년 8월 1일 14시,화요일,광주광역시 북구 중흥동,경상사고,0,0,1,0,차대차 - 측면충돌,안전운전불이행,건조,맑음,단일로 - 기타,승용,여,65세,상해없음,승용,남,49세,경상
2023080100100304,2023년 8월 1일 14시,화요일,광주광역시 광산구 우산동,경상사고,0,0,1,0,차대차 - 기타,안전운전불이행,건조,맑음,기타 - 기타,승용,남,64세,기타불명,승용,여,65세,경상
2023080100100305,2023년 8월 1일 14시,화요일,광주광역시 광산구 오선동,경상사고,0,0,4,0,차대차 - 측면충돌,교차로운행방법위반,건조,맑음,교차로 - 교차로부근,승용,여,65세,경상,기타불명,남,35세,경상
2023080100100335,2023년 8월 1일 15시,화요일,광주광역시 북구 운암동,경상사고,0,0,3,0,차대차 - 기타,차로위반,건조,맑음,단일로 - 기타,승용,여,36세,경상,승용,여,48세,경상
2023080100100357,2023년 8월 1일 16시,화요일,광주광역시 북구 용두동,경상사고,0,0,1,0,차대차 - 기타,안전운전불이행,건조,맑음,단일로 - 기타,이륜,남,60세,상해없음,승용,남,34세,경상
2023080100100390,2023년 8월 1일 17시,화요일,광주광역시 광산구 신가동,경상사고,0,0,1,0,차대차 - 측면충돌,차로위반,건조,맑음,단일로 - 기타,승용,남,60세,상해없음,승용,남,39세,경상
2023080100100391,2023년 8월 1일 17시,화요일,광주광역시 광산구 신가동,경상사고,0,0,1,0,차대사람 - 횡단중,신호위반,건조,맑음,단일로 - 기타,승용,여,54세,상해없음,보행자,남,12세,경상
2023080100100436,2023년 8월 1일 18시,화요일,광주광역시 광산구 수완동,경상사고,0,0,3,0,차대차 - 기타,신호위반,건조,맑음,교차로 - 교차로안,승용,여,72세,상해없음,승용,여,60세,경상
2023080100100466,2023년 8월 1일 19시,화요일,광주광역시 서구 쌍촌동,경상사고,0,0,1,0,차대차 - 측면충돌,안전운전불이행,건조,맑음,교차로 - 교차로안,승용,여,26세,상해없음,승용,여,26세,경상
2023080100100490,2023년 8월 1일 20시,화요일,광주광역시 광산구 수완동,경상사고,0,0,1,0,차대차 - 기타,차로위반,건조,맑음,교차로 - 교차로안,승용,남,66세,상해없음,승합,남,63세,상해없음
2023080100100515,2023년 8월 1일 21시,화요일,광주광역시 남구 백운동,경상사고,0,0,1,0,차대차 - 추돌,안전운전불이행,건조,맑음,기타 - 기타,승용,남,70세,상해없음,승용,여,31세,경상
2023080100100516,2023년 8월 1일 21시,화요일,광주광역시 북구 운암동,중상사고,0,1,1,0,차대차 - 정면충돌,안전운전불이행,건조,맑음,교차로 - 교차로안,승용,남,28세,경상,이륜,남,37세,중상
2023080100100553,2023년 8월 1일 23시,화요일,광주광역시 북구 용봉동,부상신고사고,0,0,0,1,차대차 - 측면충돌,신호위반,건조,맑음,교차로 - 교차로안,자전거,남,16세,부상신고,승용,남,54세,상해없음
2023080100100554,2023년 8월 1일 23시,화요일,광주광역시 광산구 송정동,경상사고,0,0,1,0,차대차 - 측면충돌,안전거리미확보,건조,맑음,기타 - 기타,승용,남,23세,기타불명,승용,남,53세,경상
2023080200100006,2023년 8월 2일 00시,수요일,광주광역시 북구 화암동,경상사고,0,0,5,0,차량단독 - 전도전복 - 전도,안전운전불이행,건조,맑음,단일로 - 기타,승용,남,30세,경상,,,,
2023080200100040,2023년 8월 2일 06시,수요일,광주광역시 서구 풍암동,중상사고,0,1,0,0,차대사람 - 보도통행중,안전운전불이행,건조,맑음,교차로 - 교차로안,화물,남,40세,상해없음,보행자,여,67세,중상
2023080200100086,2023년 8월 2일 08시,수요일,광주광역시 서구 쌍촌동,경상사고,0,0,1,0,차대차 - 기타,안전운전불이행,건조,맑음,단일로 - 기타,승용,남,58세,기타불명,이륜,남,33세,경상
2023080200100110,2023년 8월 2일 09시,수요일,광주광역시 서구 금호동,경상사고,0,0,1,0,차대차 - 기타,중앙선침범,건조,맑음,교차로 - 교차로부근,승용,여,57세,상해없음,승합,남,67세,경상
2023080200100171,2023년 8월 2일 11시,수요일,광주광역시 북구 삼각동,중상사고,0,1,1,0,차대차 - 기타,교차로운행방법위반,건조,맑음,교차로 - 교차로안,화물,남,64세,경상,이륜,남,46세,중상
2023080200100208,2023년 8월 2일 12시,수요일,광주광역시 서구 금호동,경상사고,0,0,2,0,차대차 - 기타,안전운전불이행,건조,맑음,단일로 - 기타,승용,남,74세,상해없음,승용,남,41세,경상
2023080200100209,2023년 8월 2일 12시,수요일,광주광역시 서구 내방동,경상사고,0,0,2,0,차대차 - 측면충돌,안전운전불이행,건조,맑음,단일로 - 기타,승용,여,51세,경상,승용,여,57세,경상
2023080200100210,2023년 8월 2일 12시,수요일,광주광역시 광산구 도산동,경상사고,0,0,6,0,차대차 - 측면충돌,교차로운행방법위반,건조,맑음,교차로 - 교차로안,승용,남,43세,경상,승용,남,43세,경상
2023080200100242,2023년 8월 2일 13시,수요일,광주광역시 남구 임암동,경상사고,0,0,2,0,차대차 - 기타,신호위반,건조,맑음,교차로 - 교차로안,화물,남,64세,경상,승용,남,82세,경상
2023080200100347,2023년 8월 2일 16시,수요일,광주광역시 북구 운암동,경상사고,0,0,2,0,차대차 - 추돌,안전거리미확보,건조,맑음,단일로 - 기타,승용,남,30세,상해없음,승용,남,56세,경상
2023080200100399,2023년 8월 2일 17시,수요일,광주광역시 광산구 신가동,경상사고,0,0,2,0,차대차 - 추돌,안전거리미확보,건조,맑음,단일로 - 기타,승용,남,36세,상해없음,승합,남,44세,경상
2023080200100444,2023년 8월 2일 18시,수요일,광주광역시 북구 매곡동,경상사고,0,0,1,0,차대차 - 기타,안전운전불이행,건조,맑음,교차로 - 교차로횡단보도내,승용,여,56세,상해없음,승용,여,53세,경상
2023080200100445,2023년 8월 2일 18시,수요일,광주광역시 북구 중흥동,경상사고,0,0,1,1,차대차 - 측면충돌,안전운전불이행,건조,맑음,교차로 - 교차로안,승용,남,42세,부상신고,승용,여,35세,경상
2023080200100446,2023년 8월 2일 18시,수요일,광주광역시 광산구 송정동,경상사고,0,0,2,0,차대차 - 측면충돌,신호위반,건조,맑음,단일로 - 기타,승용,여,62세,상해없음,승용,여,26세,경상
2023080200100472,2023년 8월 2일 19시,수요일,광주광역시 북구 신안동,경상사고,0,0,1,0,차량단독 - 기타,안전운전불이행,건조,맑음,단일로 - 기타,승합,남,58세,상해없음,,,,
2023080200100473,2023년 8월 2일 19시,수요일,광주광역시 광산구 복룡동,중상사고,0,1,2,0,차대차 - 측면충돌,신호위반,건조,맑음,단일로 - 기타,승용,남,79세,경상,이륜,남,28세,중상
2023080200100498,2023년 8월 2일 20시,수요일,광주광역시 서구 치평동,경상사고,0,0,2,0,차대차 - 측면충돌,안전운전불이행,건조,맑음,교차로 - 교차로부근,승용,남,27세,상해없음,승용,남,56세,경상
2023080200100520,2023년 8월 2일 21시,수요일,광주광역시 북구 우산동,경상사고,0,0,1,0,차대사람 - 기타,안전운전불이행,건조,맑음,단일로 - 기타,승합,남,73세,상해없음,보행자,남,35세,경상
2023080200100540,2023년 8월 2일 22시,수요일,광주광역시 서구 마륵동,경상사고,0,0,1,0,차량단독 - 공작물충돌,안전운전불이행,건조,맑음,단일로 - 기타,승용,여,26세,경상,,,,
2023080200100541,2023년 8월 2일 22시,수요일,광주광역시 광산구 선암동,경상사고,0,0,1,1,차대차 - 측면충돌,안전운전불이행,건조,맑음,교차로 - 교차로부근,승용,남,39세,상해없음,승용,여,31세,경상
2023080300100006,2023년 8월 3일 00시,목요일,광주광역시 서구 내방동,경상사고,0,0,7,0,차대차 - 측면충돌,안전운전불이행,건조,맑음,미분류 - 미분류,승용,남,51세,상해없음,승합,남,32세,경상
2023080300100079,2023년 8월 3일 07시,목요일,광주광역시 서구 치평동,중상사고,0,1,0,0,차대차 - 측면충돌,안전운전불이행,건조,맑음,단일로 - 기타,승용,남,62세,상해없음,승용,남,32세,중상
2023080300100117,2023년 8월 3일 08시,목요일,광주광역시 광산구 우산동,경상사고,0,0,1,0,차대차 - 측면충돌,안전거리미확보,건조,맑음,교차로 - 교차로부근,승용,여,50세,상해없음,화물,남,64세,경상
2023080300100118,2023년 8월 3일 08시,목요일,광주광역시 광산구 송정동,경상사고,0,0,1,0,차대차 - 측면충돌,안전거리미확보,건조,맑음,단일로 - 기타,승용,남,74세,상해없음,승용,남,31세,경상
2023080300100154,2023년 8월 3일 09시,목요일,광주광역시 남구 주월동,경상사고,0,0,1,0,차대차 - 기타,안전운전불이행,건조,맑음,단일로 - 기타,승용,남,77세,상해없음,승용,남,49세,경상
2023080300100197,2023년 8월 3일 10시,목요일,광주광역시 서구 치평동,경상사고,0,0,1,0,차대차 - 기타,안전운전불이행,건조,맑음,교차로 - 교차로부근,승용,남,62세,상해없음,승용,남,64세,경상
2023080300100198,2023년 8월 3일 10시,목요일,광주광역시 광산구 신촌동,중상사고,0,1,1,0,차대차 - 측면충돌,안전운전불이행,건조,맑음,교차로 - 교차로안,승용,남,54세,상해없음,승용,남,24세,경상
2023080300100199,2023년 8월 3일 10시,목요일,광주광역시 광산구 송정동,중상사고,0,1,0,0,차대사람 - 기타,기타,건조,맑음,단일로 - 기타,화물,남,57세,상해없음,보행자,여,77세,중상
2023080300100200,2023년 8월 3일 10시,목요일,광주광역시 광산구 우산동,경상사고,0,0,1,0,차대사람 - 기타,안전운전불이행,건조,맑음,단일로 - 기타,승용,남,55세,상해없음,보행자,남,28세,경상
2023080300100245,2023년 8월 3일 11시,목요일,광주광역시 서구 화정동,중상사고,0,1,0,0,차대사람 - 보도통행중,안전운전불이행,건조,맑음,기타 - 기타,개인형이동수단(PM),여,16세,상해없음,보행자,여,69세,중상
2023080300100246,2023년 8월 3일 11시,목요일,광주광역시 광산구 월계동,경상사고,0,0,1,0,차대차 - 기타,안전운전불이행,건조,맑음,기타 - 기타,승용,여,32세,상해없음,자전거,남,83세,경상
2023080300100380,2023년 8월 3일 15시,목요일,광주광역시 서구 화정동,경상사고,0,0,1,0,차대차 - 기타,안전거리미확보,건조,맑음,교차로 - 교차로안,승용,여,68세,상해없음,이륜,남,46세,경상
2023080300100458,2023년 8월 3일 17시,목요일,광주광역시 북구 각화동,경상사고,0,0,2,2,차대차 - 기타,안전운전불이행,건조,맑음,교차로 - 교차로부근,승용,남,34세,부상신고,승용,남,54세,경상
2023080300100459,2023년 8월 3일 17시,목요일,광주광역시 광산구 동산동,경상사고,0,0,1,0,차대차 - 추돌,중앙선침범,건조,맑음,단일로 - 기타,승용,남,78세,상해없음,승합,남,62세,경상
2023080300100460,2023년 8월 3일 17시,목요일,광주광역시 광산구 신가동,경상사고,0,0,1,0,차대차 - 측면충돌,안전운전불이행,건조,맑음,단일로 - 기타,개인형이동수단(PM),남,13세,상해없음,승용,남,24세,경상
2023080300100521,2023년 8월 3일 18시,목요일,광주광역시 서구 치평동,경상사고,0,0,1,1,차대차 - 측면충돌,안전거리미확보,건조,맑음,단일로 - 기타,승용,남,44세,부상신고,승용,여,28세,경상
2023080300100522,2023년 8월 3일 18시,목요일,광주광역시 북구 각화동,경상사고,0,0,1,0,차대차 - 측면충돌,안전운전불이행,건조,맑음,기타 - 기타,승용,여,55세,상해없음,승용,여,32세,경상
2023080300100617,2023년 8월 3일 21시,목요일,광주광역시 북구 일곡동,중상사고,0,1,1,0,차대차 - 측면충돌,신호위반,건조,맑음,교차로 - 교차로안,이륜,남,44세,중상,이륜,남,66세,경상
2023080300100618,2023년 8월 3일 21시,목요일,광주광역시 북구 임동,중상사고,0,1,1,1,차대차 - 추돌,중앙선침범,건조,맑음,단일로 - 기타,승용,남,42세,부상신고,승용,남,39세,경상
2023080300100619,2023년 8월 3일 21시,목요일,광주광역시 광산구 월곡동,경상사고,0,0,1,0,차대차 - 기타,불법유턴,건조,맑음,기타 - 기타,개인형이동수단(PM),남,34세,기타불명,승용,남,43세,경상
2023080400100011,2023년 8월 4일 00시,금요일,광주광역시 서구 치평동,경상사고,0,0,1,0,차대사람 - 차도통행중,안전운전불이행,건조,맑음,기타 - 기타,승용,남,25세,상해없음,보행자,남,37세,경상
2023080400100012,2023년 8월 4일 00시,금요일,광주광역시 서구 쌍촌동,경상사고,0,0,3,0,차대차 - 기타,교차로운행방법위반,건조,맑음,교차로 - 교차로부근,승용,여,23세,경상,승용,남,32세,경상
2023080400100018,2023년 8월 4일 01시,금요일,광주광역시 북구 중흥동,경상사고,0,0,4,0,차대차 - 측면충돌,교차로운행방법위반,건조,맑음,교차로 - 교차로안,승용,여,20세,경상,승용,여,47세,경상
2023080400100053,2023년 8월 4일 06시,금요일,광주광역시 북구 연제동,중상사고,0,1,0,0,차량단독 - 공작물충돌,안전운전불이행,건조,맑음,단일로 - 기타,이륜,남,17세,기타불명,,,,
2023080400100102,2023년 8월 4일 08시,금요일,광주광역시 서구 양동,중상사고,0,1,1,0,차대차 - 추돌,교차로운행방법위반,건조,맑음,교차로 - 교차로안,승용,여,29세,경상,이륜,여,66세,중상
2023080400100103,2023년 8월 4일 08시,금요일,광주광역시 서구 치평동,경상사고,0,0,2,0,차대차 - 기타,안전운전불이행,건조,맑음,단일로 - 기타,승용,여,40세,상해없음,승용,여,26세,경상
2023080400100160,2023년 8월 4일 10시,금요일,광주광역시 북구 오치동,경상사고,0,0,1,0,차대차 - 기타,직진우회전진행방해,건조,맑음,교차로 - 교차로안,승용,여,60세,상해없음,승용,여,70세,경상
2023080400100243,2023년 8월 4일 12시,금요일,광주광역시 동구 서석동,경상사고,0,0,2,0,차대차 - 기타,안전운전불이행,건조,맑음,단일로 - 기타,승용,남,34세,경상,승용,남,51세,경상
2023080400100244,2023년 8월 4일 12시,금요일,광주광역시 광산구 우산동,경상사고,0,0,1,0,차대차 - 측면충돌,교차로운행방법위반,건조,맑음,교차로 - 교차로안,승용,남,26세,상해없음,승용,남,33세,경상
2023080400100245,2023년 8월 4일 12시,금요일,광주광역시 광산구 신창동,중상사고,0,1,1,0,차대차 - 기타,신호위반,건조,맑음,교차로 - 교차로안,승용,여,19세,상해없음,승용,남,52세,중상
2023080400100278,2023년 8월 4일 13시,금요일,광주광역시 북구 일곡동,경상사고,0,0,3,0,차대차 - 측면충돌,안전운전불이행,건조,맑음,교차로 - 교차로안,승용,여,59세,상해없음,승용,남,36세,경상