사고번호,사고일시,요일,시군구,사고내용,사망자수,중상자수,경상자수,부상신고자수,사고유형,법규위반,노면상태,기상상태,도로형태,가해운전자 차종,가해운전자 성별,가해운전자 연령,가해운전자 상해정도,피해운전자 차종,피해운전자 성별,피해운전자 연령,피해운전자 상해정도
2023082500100215,2023년 8월 25일 10시,금요일,광주광역시 서구 양동,경상사고,0,0,1,0,차량단독 - 기타,안전운전불이행,건조,맑음,단일로 - 기타,승용,남,41세,상해없음,,,,
2023082500100216,2023년 8월 25일 10시,금요일,광주광역시 광산구 도천동,경상사고,0,0,1,0,차대차 - 측면충돌,안전거리미확보,건조,맑음,교차로 - 교차로안,승용,여,32세,상해없음,승용,여,35세,경상
2023082500100279,2023년 8월 25일 12시,금요일,광주광역시 남구 월산동,경상사고,0,0,1,0,차대사람 - 길가장자리구역통행중,안전운전불이행,건조,맑음,단일로 - 기타,승용,남,72세,상해없음,보행자,여,53세,경상
2023082500100280,2023년 8월 25일 12시,금요일,광주광역시 북구 일곡동,경상사고,0,0,1,0,차대사람 - 기타,안전운전불이행,건조,맑음,교차로 - 교차로부근,승용,남,68세,상해없음,보행자,여,47세,경상
2023082500100426,2023년 8월 25일 15시,금요일,광주광역시 북구 우산동,경상사고,0,0,3,0,차대차 - 측면충돌,안전운전불이행,건조,맑음,교차로 - 교차로안,승용,남,76세,상해없음,승용,여,54세,경상
2023082500100486,2023년 8월 25일 16시,금요일,광주광역시 동구 학동,경상사고,0,0,2,0,차대차 - 측면충돌,안전거리미확보,건조,맑음,단일로 - 기타,승용,남,58세,상해없음,승용,여,33세,경상
2023082500100487,2023년 8월 25일 16시,금요일,광주광역시 광산구 장덕동,경상사고,0,0,1,0,차대차 - 측면충돌,안전운전불이행,건조,맑음,단일로 - 기타,승용,여,52세,상해없음,승용,남,41세,경상
2023082500100550,2023년 8월 25일 17시,금요일,광주광역시 북구 운암동,경상사고,0,0,2,0,차대차 - 측면충돌,신호위반,건조,맑음,단일로 - 고가도로위,승용,남,53세,상해없음,승용,여,46세,경상
2023082500100551,2023년 8월 25일 17시,금요일,광주광역시 광산구 송정동,경상사고,0,0,3,0,차대차 - 추돌,안전운전불이행,건조,맑음,단일로 - 기타,승용,여,34세,상해없음,승용,남,64세,경상
2023082500100620,2023년 8월 25일 18시,금요일,광주광역시 동구 서석동,경상사고,0,0,1,0,차대사람 - 차도통행중,안전운전불이행,건조,맑음,단일로 - 기타,승용,남,57세,상해없음,보행자,여,36세,경상
2023082500100621,2023년 8월 25일 18시,금요일,광주광역시 서구 유촌동,경상사고,0,0,2,0,차대차 - 추돌,안전운전불이행,건조,맑음,단일로 - 기타,화물,남,53세,상해없음,승용,남,33세,경상
2023082500100622,2023년 8월 25일 18시,금요일,광주광역시 북구 신안동,경상사고,0,0,1,0,차대차 - 추돌,안전거리미확보,건조,맑음,단일로 - 기타,승용,여,20세,상해없음,승용,남,54세,경상
2023082500100623,2023년 8월 25일 18시,금요일,광주광역시 광산구 도천동,경상사고,0,0,1,0,차대차 - 측면충돌,안전거리미확보,건조,맑음,교차로 - 교차로부근,승용,남,68세,상해없음,승용,여,27세,경상
2023082500100665,2023년 8월 25일 19시,금요일,광주광역시 남구 월산동,경상사고,0,0,1,0,차대차 - 기타,기타,건조,맑음,단일로 - 기타,승용,남,33세,경상,승용,남,65세,상해없음
2023082500100666,2023년 8월 25일 19시,금요일,광주광역시 북구 문흥동,경상사고,0,0,1,0,차대차 - 측면충돌,안전거리미확보,건조,맑음,단일로 - 기타,승용,남,59세,상해없음,화물,남,61세,경상
2023082500100702,2023년 8월 25일 20시,금요일,광주광역시 서구 매월동,중상사고,0,1,0,0,차대차 - 측면충돌,안전거리미확보,건조,맑음,단일로 - 기타,승용,남,24세,상해없음,이륜,남,47세,중상
2023082500100703,2023년 8월 25일 20시,금요일,광주광역시 서구 쌍촌동,경상사고,0,0,1,0,차대차 - 기타,신호위반,건조,맑음,교차로 - 교차로횡단보도내,승용,남,49세,상해없음,자전거,남,20세,경상
2023082500100704,2023년 8월 25일 20시,금요일,광주광역시 서구 쌍촌동,경상사고,0,0,1,0,차대차 - 측면충돌,교차로운행방법위반,건조,맑음,교차로 - 교차로안,승용,여,34세,경상,승용,남,25세,상해없음
2023082500100705,2023년 8월 25일 20시,금요일,광주광역시 광산구 장덕동,중상사고,0,1,1,0,차대차 - 측면충돌,신호위반,건조,맑음,교차로 - 교차로안,승용,남,25세,경상,이륜,남,21세,중상
2023082600100074,2023년 8월 26일 06시,토요일,광주광역시 광산구 운남동,경상사고,0,0,3,0,차대차 - 추돌,안전운전불이행,건조,맑음,단일로 - 기타,화물,남,46세,상해없음,승용,남,62세,경상
2023082600100229,2023년 8월 26일 11시,토요일,광주광역시 북구 우산동,경상사고,0,0,1,0,차대사람 - 기타,안전운전불이행,건조,맑음,단일로 - 기타,승용,남,74세,상해없음,보행자,남,22세,경상
2023082600100230,2023년 8월 26일 11시,토요일,광주광역시 북구 신안동,경상사고,0,0,1,0,차대차 - 측면충돌,안전운전불이행,건조,맑음,단일로 - 기타,승용,여,56세,상해없음,승용,여,33세,경상
2023082600100231,2023년 8월 26일 11시,토요일,광주광역시 북구 각화동,경상사고,0,0,1,0,차대차 - 기타,안전운전불이행,건조,맑음,교차로 - 교차로안,승용,여,47세,기타불명,승용,남,29세,경상
2023082600100315,2023년 8월 26일 13시,토요일,광주광역시 북구 임동,경상사고,0,0,1,0,차대차 - 측면충돌,안전운전불이행,건조,맑음,교차로 - 교차로안,승용,여,59세,상해없음,승용,여,32세,경상
2023082600100316,2023년 8월 26일 13시,토요일,광주광역시 광산구 우산동,경상사고,0,0,1,0,차대사람 - 기타,보행자보호의무위반,건조,맑음,교차로 - 교차로안,승용,여,29세,상해없음,보행자,여,8세,경상
2023082600100385,2023년 8월 26일 15시,토요일,광주광역시 광산구 삼거동,경상사고,0,0,2,0,차대차 - 측면충돌,안전운전불이행,건조,맑음,단일로 - 기타,승용,여,25세,경상,승용,여,66세,경상
2023082600100496,2023년 8월 26일 18시,토요일,광주광역시 동구 산수동,경상사고,0,0,1,0,차대차 - 기타,안전운전불이행,건조,맑음,단일로 - 기타,승합,남,66세,상해없음,이륜,남,26세,경상
2023082600100497,2023년 8월 26일 18시,토요일,광주광역시 서구 화정동,중상사고,0,1,0,0,차대차 - 측면충돌,신호위반,건조,맑음,단일로 - 기타,승용,남,74세,상해없음,이륜,남,27세,중상
2023082600100498,2023년 8월 26일 18시,토요일,광주광역시 북구 용두동,경상사고,0,0,4,0,차대차 - 기타,안전운전불이행,건조,맑음,단일로 - 기타,이륜,남,40세,경상,승용,여,52세,경상
2023082600100530,2023년 8월 26일 19시,토요일,광주광역시 서구 풍암동,경상사고,0,0,2,0,차대차 - 측면충돌,안전운전불이행,건조,맑음,단일로 - 기타,승용,여,59세,경상,승용,남,32세,경상
2023082600100531,2023년 8월 26일 19시,토요일,광주광역시 서구 화정동,경상사고,0,0,2,0,차대차 - 측면충돌,기타,건조,맑음,단일로 - 기타,승용,남,63세,상해없음,원동기,남,43세,경상
2023082600100558,2023년 8월 26일 20시,토요일,광주광역시 북구 오치동,경상사고,0,0,1,0,차대차 - 정면충돌,중앙선침범,기타,맑음,교차로 - 교차로부근,승용,여,60세,상해없음,이륜,남,24세,경상
2023082700100021,2023년 8월 27일 01시,일요일,광주광역시 동구 산수동,경상사고,0,0,1,0,차대차 - 정면충돌,중앙선침범,건조,맑음,단일로 - 기타,원동기,남,21세,기타불명,승용,남,63세,경상
2023082700100128,2023년 8월 27일 10시,일요일,광주광역시 남구 진월동,경상사고,0,0,1,0,차대사람 - 기타,안전운전불이행,건조,맑음,교차로 - 교차로안,승용,남,73세,상해없음,보행자,남,25세,경상
2023082700100129,2023년 8월 27일 10시,일요일,광주광역시 북구 우산동,경상사고,0,0,1,0,차대사람 - 기타,안전운전불이행,건조,맑음,기타 - 기타,화물,남,72세,상해없음,보행자,여,66세,경상
2023082700100130,2023년 8월 27일 10시,일요일,광주광역시 광산구 비아동,경상사고,0,0,1,0,차대차 - 측면충돌,신호위반,건조,맑음,교차로 - 교차로안,승용,남,66세,상해없음,화물,남,48세,경상
2023082700100131,2023년 8월 27일 10시,일요일,광주광역시 광산구 소촌동,경상사고,0,0,2,0,차대차 - 측면충돌,신호위반,건조,맑음,교차로 - 교차로안,승용,남,51세,상해없음,승용,남,33세,경상
2023082700100153,2023년 8월 27일 11시,일요일,광주광역시 서구 농성동,중상사고,0,1,2,0,차대차 - 추돌,안전운전불이행,건조,맑음,단일로 - 기타,화물,남,76세,상해없음,이륜,남,39세,중상
2023082700100154,2023년 8월 27일 11시,일요일,광주광역시 서구 유촌동,경상사고,0,0,1,0,차대차 - 추돌,안전운전불이행,건조,맑음,단일로 - 기타,화물,남,58세,기타불명,승용,남,48세,경상
2023082700100155,2023년 8월 27일 11시,일요일,광주광역시 북구 용봉동,경상사고,0,0,1,0,차량단독 - 전도전복 - 전도,안전운전불이행,건조,맑음,교차로 - 교차로횡단보도내,자전거,여,59세,경상,,,,
2023082700100192,2023년 8월 27일 12시,일요일,광주광역시 남구 주월동,경상사고,0,0,1,0,차대사람 - 기타,안전운전불이행,건조,맑음,기타 - 기타,승용,여,67세,상해없음,보행자,여,12세,경상
2023082700100221,2023년 8월 27일 13시,일요일,광주광역시 서구 쌍촌동,경상사고,0,0,4,0,차대차 - 기타,안전운전불이행,건조,맑음,단일로 - 기타,승용,남,58세,경상,승용,남,31세,경상
2023082700100222,2023년 8월 27일 13시,일요일,광주광역시 광산구 신가동,경상사고,0,0,2,0,차대차 - 측면충돌,안전운전불이행,건조,맑음,교차로 - 교차로안,화물,여,63세,상해없음,승용,여,59세,경상
2023082700100254,2023년 8월 27일 14시,일요일,광주광역시 광산구 산정동,중상사고,0,1,0,0,차대차 - 측면충돌,안전운전불이행,건조,맑음,단일로 - 기타,승용,여,64세,중상,화물,남,23세,상해없음
2023082700100277,2023년 8월 27일 15시,일요일,광주광역시 광산구 선암동,경상사고,0,0,1,0,차대차 - 후진중충돌,안전운전불이행,건조,맑음,교차로 - 교차로부근,화물,남,68세,상해없음,승용,여,41세,경상
2023082700100332,2023년 8월 27일 17시,일요일,광주광역시 동구 지산동,경상사고,0,0,1,0,차대차 - 기타,안전운전불이행,건조,맑음,교차로 - 교차로안,승용,남,68세,상해없음,자전거,남,84세,경상
2023082700100333,2023년 8월 27일 17시,일요일,광주광역시 서구 치평동,경상사고,0,0,1,0,차대차 - 측면충돌,안전운전불이행,건조,맑음,교차로 - 교차로안,승용,남,52세,상해없음,승용,남,23세,경상
2023082700100334,2023년 8월 27일 17시,일요일,광주광역시 남구 송하동,경상사고,0,0,2,0,차대차 - 측면충돌,안전운전불이행,건조,맑음,단일로 - 고가도로위,승용,여,24세,상해없음,승용,남,24세,경상
2023082700100335,2023년 8월 27일 17시,일요일,광주광역시 북구 오치동,경상사고,0,0,1,0,차대차 - 기타,안전운전불이행,건조,맑음,교차로 - 교차로안,승용,남,48세,상해없음,이륜,남,31세,경상
2023082700100336,2023년 8월 27일 17시,일요일,광주광역시 북구 중흥동,경상사고,0,0,1,0,차대차 - 기타,신호위반,건조,맑음,교차로 - 교차로횡단보도내,승용,남,29세,상해없음,자전거,여,27세,경상
2023082700100364,2023년 8월 27일 18시,일요일,광주광역시 광산구 신가동,경상사고,0,0,1,0,차대차 - 측면충돌,차로위반,건조,맑음,교차로 - 교차로부근,승용,여,57세,상해없음,이륜,남,19세,경상
2023082700100365,2023년 8월 27일 18시,일요일,광주광역시 광산구 용봉동,중상사고,0,2,1,0,차량단독 - 공작물충돌,안전운전불이행,건조,맑음,단일로 - 기타,승용,남,30세,경상,,,,
2023082700100393,2023년 8월 27일 19시,일요일,광주광역시 북구 두암동,중상사고,0,1,0,0,차대차 - 기타,교차로운행방법위반,건조,맑음,교차로 - 교차로안,승용,여,56세,상해없음,이륜,남,41세,중상
2023082700100424,2023년 8월 27일 20시,일요일,광주광역시 서구 치평동,부상신고사고,0,0,0,1,차대차 - 기타,차로위반,건조,맑음,단일로 - 기타,자전거,남,39세,부상신고,승용,남,47세,상해없음
2023082700100425,2023년 8월 27일 20시,일요일,광주광역시 남구 봉선동,부상신고사고,0,0,0,1,차대차 - 측면충돌,교차로운행방법위반,건조,맑음,교차로 - 교차로안,자전거,여,11세,부상신고,승용,여,48세,상해없음
2023082700100426,2023년 8월 27일 20시,일요일,광주광역시 광산구 비아동,경상사고,0,0,1,0,차대차 - 기타,안전거리미확보,건조,맑음,단일로 - 기타,승용,남,43세,상해없음,승용,남,44세,경상
2023082800100007,2023년 8월 28일 01시,월요일,광주광역시 서구 쌍촌동,중상사고,0,1,0,0,차대차 - 측면충돌,기타,건조,맑음,교차로 - 교차로안,승용,남,21세,상해없음,이륜,남,41세,중상
2023082800100081,2023년 8월 28일 07시,월요일,광주광역시 남구 백운동,경상사고,0,0,1,0,차대차 - 측면충돌,안전운전불이행,건조,맑음,교차로 - 교차로안,승용,여,75세,상해없음,승용,남,27세,경상
2023082800100134,2023년 8월 28일 08시,월요일,광주광역시 북구 용봉동,경상사고,0,0,1,0,차대차 - 기타,안전운전불이행,건조,맑음,교차로 - 교차로부근,자전거,여,73세,경상,승용,여,42세,상해없음
2023082800100175,2023년 8월 28일 09시,월요일,광주광역시 북구 운암동,경상사고,0,0,1,0,차대차 - 측면충돌,안전운전불이행,젖음/습기,비,교차로 - 교차로안,승용,여,40세,상해없음,승용,남,38세,경상
2023082800100176,2023년 8월 28일 09시,월요일,광주광역시 북구 오치동,경상사고,0,0,1,0,차대차 - 추돌,안전운전불이행,젖음/습기,비,교차로 - 교차로부근,승용,여,35세,상해없음,승용,남,66세,경상
2023082800100242,2023년 8월 28일 11시,월요일,광주광역시 남구 진월동,경상사고,0,0,1,0,차대사람 - 횡단중,보행자보호의무위반,건조,맑음,단일로 - 기타,승용,남,24세,상해없음,보행자,남,31세,경상
2023082800100303,2023년 8월 28일 13시,월요일,광주광역시 광산구 송정동,경상사고,0,0,1,0,차대차 - 측면충돌,중앙선침범,건조,맑음,교차로 - 교차로안,자전거,남,88세,경상,화물,남,64세,상해없음
2023082800100335,2023년 8월 28일 14시,월요일,광주광역시 서구 치평동,경상사고,0,0,1,0,차대차 - 측면충돌,신호위반,건조,맑음,교차로 - 교차로안,승용,여,26세,상해없음,승용,남,27세,경상
2023082800100463,2023년 8월 28일 17시,월요일,광주광역시 서구 치평동,경상사고,0,0,1,0,차대차 - 기타,안전운전불이행,건조,맑음,단일로 - 기타,승용,남,72세,상해없음,승용,남,40세,경상
2023082800100464,2023년 8월 28일 17시,월요일,광주광역시 북구 각화동,경상사고,0,0,1,0,차대차 - 기타,차로위반,건조,맑음,단일로 - 기타,승용,여,45세,기타불명,승용,남,33세,경상
2023082800100502,2023년 8월 28일 18시,월요일,광주광역시 동구 지산동,경상사고,0,0,1,0,차대사람 - 차도통행중,안전운전불이행,건조,맑음,단일로 - 기타,승용,남,23세,상해없음,보행자,남,31세,경상
2023082800100503,2023년 8월 28일 18시,월요일,광주광역시 북구 두암동,경상사고,0,0,2,0,차대차 - 측면충돌,교차로운행방법위반,건조,맑음,교차로 - 교차로안,이륜,남,20세,경상,이륜,남,40세,경상
2023082800100528,2023년 8월 28일 19시,월요일,광주광역시 북구 오치동,경상사고,0,0,2,0,차대차 - 측면충돌,안전운전불이행,젖음/습기,비,교차로 - 교차로부근,승용,남,62세,상해없음,승용,여,42세,경상
2023082800100555,2023년 8월 28일 20시,월요일,광주광역시 서구 마륵동,경상사고,0,0,2,0,차대차 - 측면충돌,안전운전불이행,건조,맑음,단일로 - 기타,승용,남,29세,경상,승용,남,32세,경상
2023082800100556,2023년 8월 28일 20시,월요일,광주광역시 남구 주월동,경상사고,0,0,1,0,차대차 - 기타,안전운전불이행,건조,흐림,단일로 - 기타,승용,여,54세,상해없음,승용,남,64세,경상
2023082800100557,2023년 8월 28일 20시,월요일,광주광역시 북구 용봉동,경상사고,0,0,4,0,차대차 - 기타,차로위반,건조,맑음,단일로 - 기타,승용,여,36세,경상,승용,남,67세,경상
2023082800100558,2023년 8월 28일 20시,월요일,광주광역시 광산구 소촌동,경상사고,0,0,1,0,차대차 - 기타,안전거리미확보,젖음/습기,비,단일로 - 기타,승용,여,59세,상해없음,승용,남,30세,경상
2023082800100596,2023년 8월 28일 22시,월요일,광주광역시 서구 쌍촌동,경상사고,0,0,1,0,차대차 - 기타,교차로운행방법위반,건조,맑음,교차로 - 교차로안,승용,남,61세,상해없음,원동기,남,20세,경상
2023082900100006,2023년 8월 29일 00시,화요일,광주광역시 광산구 비아동,경상사고,0,0,1,0,차대차 - 추돌,안전운전불이행,젖음/습기,비,교차로 - 교차로부근,승용,남,51세,상해없음,이륜,남,45세,경상
2023082900100015,2023년 8월 29일 01시,화요일,광주광역시 광산구 신가동,경상사고,0,0,1,0,차대차 - 기타,신호위반,젖음/습기,비,교차로 - 교차로안,승용,여,48세,상해없음,승용,남,67세,경상
2023082900100049,2023년 8월 29일 06시,화요일,광주광역시 서구 화정동,경상사고,0,0,4,0,차대차 - 기타,안전운전불이행,젖음/습기,비,단일로 - 기타,승용,여,23세,경상,화물,남,27세,경상
2023082900100069,2023년 8월 29일 07시,화요일,광주광역시 광산구 수완동,경상사고,0,0,2,0,차대차 - 추돌,안전운전불이행,젖음/습기,비,단일로 - 기타,승용,여,48세,기타불명,승용,남,44세,경상
2023082900100101,2023년 8월 29일 08시,화요일,광주광역시 서구 유촌동,경상사고,0,0,1,0,차대차 - 추돌,안전운전불이행,건조,맑음,단일로 - 기타,승용,남,71세,상해없음,승용,여,56세,경상
2023082900100140,2023년 8월 29일 09시,화요일,광주광역시 동구 지산동,중상사고,0,1,0,0,차대사람 - 기타,안전운전불이행,건조,맑음,교차로 - 교차로안,승용,남,62세,상해없음,보행자,여,82세,중상
2023082900100141,2023년 8월 29일 09시,화요일,광주광역시 서구 농성동,중상사고,0,1,0,0,차대사람 - 기타,안전운전불이행,젖음/습기,흐림,교차로 - 교차로부근,화물,남,56세,상해없음,보행자,남,74세,중상
2023082900100142,2023년 8월 29일 09시,화요일,광주광역시 북구 각화동,경상사고,0,0,2,0,차대차 - 측면충돌,신호위반,건조,맑음,교차로 - 교차로안,승용,여,60세,상해없음,승용,여,29세,경상
2023082900100214,2023년 8월 29일 11시,화요일,광주광역시 서구 농성동,중상사고,0,1,0,0,차대차 - 측면충돌,중앙선침범,건조,맑음,단일로 - 기타,승용,여,73세,상해없음,이륜,남,42세,중상
2023082900100215,2023년 8월 29일 11시,화요일,광주광역시 북구 중흥동,경상사고,0,0,1,0,차대차 - 측면충돌,교차로운행방법위반,건조,맑음,교차로 - 교차로부근,승용,남,54세,상해없음,자전거,남,28세,경상
2023082900100282,2023년 8월 29일 13시,화요일,광주광역시 서구 금호동,경상사고,0,0,1,0,차대차 - 기타,교차로운행방법위반,건조,맑음,교차로 - 교차로안,화물,남,57세,기타불명,화물,남,64세,경상
2023082900100283,2023년 8월 29일 13시,화요일,광주광역시 남구 월산동,경상사고,0,0,1,0,차대차 - 기타,안전운전불이행,젖음/습기,비,교차로 - 교차로부근,승용,남,77세,상해없음,승용,남,37세,경상
2023082900100316,2023년 8월 29일 14시,화요일,광주광역시 서구 화정동,경상사고,0,0,1,0,차대차 - 추돌,안전운전불이행,젖음/습기,기타,기타 - 기타,승용,남,65세,상해없음,승용,여,45세,경상
2023082900100317,2023년 8월 29일 14시,화요일,광주광역시 남구 주월동,경상사고,0,0,1,0,차대차 - 측면충돌,중앙선침범,젖음/습기,흐림,교차로 - 교차로부근,화물,남,65세,상해없음,승용,여,55세,경상
2023082900100343,2023년 8월 29일 15시,화요일,광주광역시 서구 내방동,경상사고,0,0,1,0,차대차 - 추돌,안전운전불이행,건조,맑음,단일로 - 기타,승용,남,26세,상해없음,승용,여,59세,경상
2023082900100376,2023년 8월 29일 16시,화요일,광주광역시 북구 동림동,경상사고,0,0,1,1,차대차 - 추돌,안전운전불이행,젖음/습기,맑음,단일로 - 기타,승용,남,59세,부상신고,승용,여,54세,경상
2023082900100377,2023년 8월 29일 16시,화요일,광주광역시 북구 양산동,경상사고,0,0,1,0,차대사람 - 횡단중,안전운전불이행,젖음/습기,비,교차로 - 교차로부근,승용,남,45세,기타불명,보행자,남,14세,경상
2023082900100378,2023년 8월 29일 16시,화요일,광주광역시 광산구 수완동,경상사고,0,0,1,0,차대차 - 측면충돌,안전거리미확보,건조,맑음,교차로 - 교차로부근,승용,남,23세,상해없음,승용,남,35세,경상
2023082900100424,2023년 8월 29일 17시,화요일,광주광역시 서구 화정동,경상사고,0,0,1,0,차대차 - 추돌,안전운전불이행,젖음/습기,흐림,교차로 - 교차로부근,승용,남,77세,상해없음,승용,남,48세,경상
2023082900100479,2023년 8월 29일 18시,화요일,광주광역시 광산구 장덕동,경상사고,0,0,1,0,차대차 - 측면충돌,차로위반,건조,맑음,단일로 - 기타,승용,남,42세,상해없음,개인형이동수단(PM),남,31세,경상
2023082900100522,2023년 8월 29일 19시,화요일,광주광역시 서구 쌍촌동,중상사고,0,1,2,0,차대차 - 측면충돌,안전운전불이행,건조,맑음,단일로 - 기타,이륜,남,51세,중상,승용,남,26세,경상
2023082900100523,2023년 8월 29일 19시,화요일,광주광역시 광산구 송정동,경상사고,0,0,1,0,차대사람 - 길가장자리구역통행중,안전운전불이행,건조,맑음,단일로 - 기타,승용,여,35세,상해없음,보행자,여,62세,경상
2023082900100554,2023년 8월 29일 20시,화요일,광주광역시 동구 황금동,경상사고,0,0,1,0,차대사람 - 길가장자리구역통행중,신호위반,건조,맑음,단일로 - 기타,승용,여,27세,상해없음,보행자,여,39세,경상
2023082900100565,2023년 8월 29일 21시,화요일,광주광역시 서구 화정동,경상사고,0,0,1,0,차대차 - 기타,신호위반,건조,맑음,교차로 - 교차로안,승용,남,22세,상해없음,승용,여,54세,경상
2023082900100566,2023년 8월 29일 21시,화요일,광주광역시 서구 마륵동,경상사고,0,0,1,0,차대차 - 기타,신호위반,건조,맑음,교차로 - 교차로안,승용,남,80세,상해없음,승용,여,56세,경상
2023083000100220,2023년 8월 30일 11시,수요일,광주광역시 서구 쌍촌동,경상사고,0,0,1,0,차대차 - 기타,안전운전불이행,건조,맑음,교차로 - 교차로안,승용,여,64세,상해없음,승용,남,29세,경상
2023083000100243,2023년 8월 30일 12시,수요일,광주광역시 북구 일곡동,경상사고,0,0,1,0,차대차 - 정면충돌,안전운전불이행,젖음/습기,비,교차로 - 교차로안,승용,여,29세,상해없음,이륜,남,23세,경상
2023083000100284,2023년 8월 30일 13시,수요일,광주광역시 광산구 신가동,중상사고,0,1,0,0,차대차 - 기타,불법유턴,건조,맑음,단일로 - 기타,승용,남,53세,상해없음,이륜,남,42세,중상
2023083000100349,2023년 8월 30일 15시,수요일,광주광역시 북구 동림동,부상신고사고,0,0,0,1,차대차 - 기타,안전운전불이행,건조,맑음,교차로 - 교차로부근,자전거,남,9세,부상신고,화물,남,58세,상해없음
2023083000100382,2023년 8월 30일 16시,수요일,광주광역시 북구 각화동,경상사고,0,0,1,0,차대차 - 기타,안전운전불이행,젖음/습기,비,교차로 - 교차로부근,승용,남,43세,상해없음,이륜,남,44세,경상
2023083000100383,2023년 8월 30일 16시,수요일,광주광역시 북구 동림동,경상사고,0,0,1,0,차대차 - 추돌,안전운전불이행,젖음/습기,비,단일로 - 기타,승용,남,27세,상해없음,승용,남,40세,경상
2023083000100420,2023년 8월 30일 17시,수요일,광주광역시 동구 계림동,경상사고,0,0,2,0,차대차 - 추돌,안전운전불이행,젖음/습기,비,단일로 - 기타,승용,여,49세,기타불명,승용,남,40세,경상
2023083000100421,2023년 8월 30일 17시,수요일,광주광역시 남구 주월동,경상사고,0,0,1,0,차대차 - 추돌,안전운전불이행,건조,맑음,단일로 - 기타,이륜,남,43세,상해없음,승용,여,47세,경상
2023083000100505,2023년 8월 30일 19시,수요일,광주광역시 북구 두암동,경상사고,0,0,1,0,차대차 - 추돌,안전운전불이행,건조,맑음,단일로 - 기타,승용,여,39세,상해없음,승용,여,27세,경상
2023083000100537,2023년 8월 30일 20시,수요일,광주광역시 북구 삼각동,중상사고,0,1,0,0,차대차 - 추돌,안전운전불이행,건조,맑음,단일로 - 기타,승합,여,47세,상해없음,승용,여,47세,중상
2023083000100538,2023년 8월 30일 20시,수요일,광주광역시 광산구 운남동,경상사고,0,0,2,0,차대차 - 추돌,안전운전불이행,젖음/습기,비,교차로 - 교차로부근,승용,남,57세,기타불명,승용,남,27세,경상
2023083000100583,2023년 8월 30일 22시,수요일,광주광역시 북구 운암동,경상사고,0,0,1,0,차대차 - 정면충돌,안전운전불이행,젖음/습기,비,단일로 - 기타,승용,남,41세,상해없음,승용,남,47세,경상
2023083000100594,2023년 8월 30일 23시,수요일,광주광역시 서구 쌍촌동,경상사고,0,0,1,0,차대차 - 후진중충돌,안전운전불이행,건조,맑음,교차로 - 교차로부근,화물,남,33세,상해없음,승용,남,42세,경상
2023083100100015,2023년 8월 31일 01시,목요일,광주광역시 광산구 하남동,사망사고,3,0,0,0,차대차 - 측면충돌,안전운전불이행,젖음/습기,흐림,단일로 - 기타,승용,남,22세,사망,화물,남,49세,상해없음
2023083100100086,2023년 8월 31일 07시,목요일,광주광역시 광산구 신창동,경상사고,0,0,1,0,차대차 - 기타,직진우회전진행방해,건조,맑음,교차로 - 교차로안,승용,남,66세,기타불명,승용,여,54세,경상
2023083100100128,2023년 8월 31일 08시,목요일,광주광역시 남구 주월동,경상사고,0,0,2,0,차대차 - 추돌,교차로운행방법위반,건조,맑음,단일로 - 기타,승용,남,74세,상해없음,승용,남,28세,경상
2023083100100168,2023년 8월 31일 09시,목요일,광주광역시 북구 동림동,경상사고,0,0,3,0,차대차 - 기타,교차로운행방법위반,건조,맑음,교차로 - 교차로안,승용,남,70세,상해없음,승용,여,44세,경상
2023083100100193,2023년 8월 31일 10시,목요일,광주광역시 동구 대인동,경상사고,0,0,2,0,차대차 - 측면충돌,안전거리미확보,건조,맑음,단일로 - 기타,승용,여,27세,경상,승용,남,67세,경상
2023083100100194,2023년 8월 31일 10시,목요일,광주광역시 서구 유촌동,경상사고,0,0,1,0,차대차 - 기타,중앙선침범,건조,맑음,교차로 - 교차로부근,화물,남,52세,상해없음,화물,남,37세,경상
2023083100100211,2023년 8월 31일 11시,목요일,광주광역시 광산구 월계동,경상사고,0,0,1,0,차대차 - 추돌,안전운전불이행,건조,맑음,교차로 - 교차로안,승용,남,68세,상해없음,승용,여,44세,경상
2023083100100310,2023년 8월 31일 14시,목요일,광주광역시 남구 진월동,중상사고,0,1,0,0,차대사람 - 기타,보행자보호의무위반,건조,맑음,단일로 - 기타,승용,여,53세,상해없음,보행자,남,69세,중상
2023083100100346,2023년 8월 31일 15시,목요일,광주광역시 북구 중흥동,경상사고,0,0,1,0,차대차 - 추돌,안전운전불이행,기타,기타,교차로 - 교차로부근,승용,여,52세,상해없음,승용,남,34세,경상
2023083100100387,2023년 8월 31일 16시,목요일,광주광역시 동구 서석동,경상사고,0,0,1,0,차대차 - 측면충돌,안전운전불이행,건조,맑음,단일로 - 기타,승용,여,55세,상해없음,화물,남,63세,경상
2023083100100388,2023년 8월 31일 16시,목요일,광주광역시 서구 내방동,경상사고,0,0,4,0,차대차 - 측면충돌,안전운전불이행,건조,맑음,단일로 - 기타,승용,여,49세,경상,승용,여,48세,경상
2023083100100441,2023년 8월 31일 17시,목요일,광주광역시 북구 임동,경상사고,0,0,2,0,차대차 - 기타,교차로운행방법위반,건조,맑음,교차로 - 교차로안,승용,여,53세,경상,승용,여,31세,경상
2023083100100442,2023년 8월 31일 17시,목요일,광주광역시 광산구 산정동,중상사고,0,1,0,0,차대차 - 추돌,중앙선침범,건조,맑음,단일로 - 기타,승용,남,34세,기타불명,이륜,남,32세,중상