사고번호,사고일시,요일,시군구,사고내용,사망자수,중상자수,경상자수,부상신고자수,사고유형,법규위반,노면상태,기상상태,도로형태,가해운전자 차종,가해운전자 성별,가해운전자 연령,가해운전자 상해정도,피해운전자 차종,피해운전자 성별,피해운전자 연령,피해운전자 상해정도
2023083100100481,2023년 8월 31일 18시,목요일,광주광역시 북구 동림동,중상사고,0,1,0,0,차대차 - 측면충돌,안전운전불이행,건조,맑음,단일로 - 기타,승용,남,66세,상해없음,이륜,남,23세,중상
2023083100100482,2023년 8월 31일 18시,목요일,광주광역시 북구 양산동,경상사고,0,0,1,0,차대사람 - 횡단중,안전운전불이행,건조,맑음,교차로 - 교차로안,승용,남,60세,상해없음,보행자,여,13세,경상
2023083100100522,2023년 8월 31일 19시,목요일,광주광역시 서구 치평동,경상사고,0,0,1,0,차대차 - 기타,안전운전불이행,건조,맑음,교차로 - 교차로부근,승용,남,27세,상해없음,이륜,남,25세,경상
2023083100100523,2023년 8월 31일 19시,목요일,광주광역시 북구 신안동,경상사고,0,0,1,0,차대차 - 측면충돌,안전운전불이행,건조,맑음,단일로 - 기타,화물,남,66세,상해없음,개인형이동수단(PM),남,70세,경상
2023083100100524,2023년 8월 31일 19시,목요일,광주광역시 광산구 신가동,경상사고,0,0,1,0,차대차 - 기타,안전거리미확보,건조,맑음,단일로 - 기타,승용,남,41세,상해없음,승합,남,57세,상해없음
2023083100100612,2023년 8월 31일 22시,목요일,광주광역시 서구 쌍촌동,경상사고,0,0,1,0,차대차 - 측면충돌,직진우회전진행방해,건조,맑음,교차로 - 교차로안,개인형이동수단(PM),남,23세,경상,승용,남,63세,상해없음
2023083100100613,2023년 8월 31일 22시,목요일,광주광역시 광산구 흑석동,경상사고,0,0,4,0,차대차 - 측면충돌,교차로운행방법위반,건조,맑음,교차로 - 교차로안,승용,남,61세,상해없음,승용,남,21세,경상
2023090100100028,2023년 9월 1일 01시,금요일,광주광역시 동구 학동,경상사고,0,0,2,0,차대차 - 기타,중앙선침범,건조,맑음,단일로 - 기타,승용,남,22세,상해없음,승용,남,55세,경상
2023090100100029,2023년 9월 1일 01시,금요일,광주광역시 동구 불로동,중상사고,0,1,0,0,차대차 - 측면충돌,신호위반,건조,맑음,교차로 - 교차로안,승용,남,24세,상해없음,화물,남,73세,중상
2023090100100146,2023년 9월 1일 08시,금요일,광주광역시 서구 금호동,경상사고,0,0,1,0,차대차 - 기타,교차로운행방법위반,건조,맑음,교차로 - 교차로안,승용,남,44세,상해없음,승용,여,37세,경상
2023090100100147,2023년 9월 1일 08시,금요일,광주광역시 광산구 신촌동,경상사고,0,0,1,0,차대차 - 측면충돌,안전거리미확보,건조,맑음,단일로 - 기타,승용,남,76세,상해없음,승용,여,38세,경상
2023090100100213,2023년 9월 1일 10시,금요일,광주광역시 서구 화정동,경상사고,0,0,1,0,차대차 - 측면충돌,교차로운행방법위반,건조,맑음,단일로 - 기타,화물,남,64세,기타불명,이륜,남,26세,경상
2023090100100214,2023년 9월 1일 10시,금요일,광주광역시 북구 양산동,경상사고,0,0,1,0,차대차 - 기타,교차로운행방법위반,건조,맑음,교차로 - 교차로횡단보도내,승용,여,29세,상해없음,이륜,남,27세,경상
2023090100100249,2023년 9월 1일 11시,금요일,광주광역시 서구 광천동,경상사고,0,0,1,0,차대차 - 기타,교차로운행방법위반,건조,맑음,교차로 - 교차로안,화물,남,58세,상해없음,승용,남,28세,경상
2023090100100250,2023년 9월 1일 11시,금요일,광주광역시 북구 용두동,경상사고,0,0,1,0,차대사람 - 기타,안전운전불이행,건조,맑음,단일로 - 기타,승합,남,57세,상해없음,보행자,여,66세,경상
2023090100100328,2023년 9월 1일 13시,금요일,광주광역시 북구 오치동,부상신고사고,0,0,0,2,차대차 - 기타,차로위반,건조,맑음,단일로 - 기타,승용,남,70세,상해없음,승용,여,53세,부상신고
2023090100100329,2023년 9월 1일 13시,금요일,광주광역시 광산구 장덕동,중상사고,0,1,0,0,차대사람 - 횡단중,안전운전불이행,건조,맑음,단일로 - 기타,승용,여,43세,상해없음,보행자,여,60세,중상
2023090100100366,2023년 9월 1일 14시,금요일,광주광역시 서구 치평동,중상사고,0,1,0,0,차대사람 - 횡단중,보행자보호의무위반,건조,맑음,교차로 - 교차로횡단보도내,이륜,남,78세,상해없음,보행자,여,76세,중상
2023090100100367,2023년 9월 1일 14시,금요일,광주광역시 서구 치평동,경상사고,0,0,1,0,차대차 - 측면충돌,안전거리미확보,건조,맑음,교차로 - 교차로부근,승용,남,55세,기타불명,승용,남,23세,경상
2023090100100368,2023년 9월 1일 14시,금요일,광주광역시 남구 주월동,경상사고,0,0,2,0,차대차 - 추돌,안전운전불이행,건조,맑음,교차로 - 교차로부근,승합,남,37세,상해없음,승합,남,51세,경상
2023090100100412,2023년 9월 1일 15시,금요일,광주광역시 북구 중흥동,경상사고,0,0,1,0,차대사람 - 보도통행중,안전운전불이행,건조,맑음,교차로 - 교차로안,승용,남,58세,상해없음,보행자,여,64세,경상
2023090100100413,2023년 9월 1일 15시,금요일,광주광역시 광산구 비아동,경상사고,0,0,1,0,차대차 - 기타,신호위반,건조,맑음,교차로 - 교차로안,승용,남,31세,기타불명,승용,남,65세,경상
2023090100100524,2023년 9월 1일 17시,금요일,광주광역시 북구 우산동,사망사고,1,0,0,0,차대차 - 기타,안전운전불이행,건조,맑음,교차로 - 교차로부근,승합,남,56세,상해없음,개인형이동수단(PM),남,83세,사망
2023090100100572,2023년 9월 1일 18시,금요일,광주광역시 북구 두암동,중상사고,0,1,0,0,차대사람 - 횡단중,안전운전불이행,건조,맑음,단일로 - 기타,승용,여,66세,상해없음,보행자,남,16세,중상
2023090100100573,2023년 9월 1일 18시,금요일,광주광역시 광산구 쌍암동,경상사고,0,0,1,1,차대사람 - 보도통행중,기타,건조,맑음,기타 - 기타,개인형이동수단(PM),남,21세,부상신고,보행자,여,30세,경상
2023090100100625,2023년 9월 1일 19시,금요일,광주광역시 남구 주월동,경상사고,0,0,1,0,차대차 - 기타,안전운전불이행,건조,맑음,단일로 - 기타,기타불명,기타불명,미분류,기타불명,자전거,남,45세,경상
2023090100100626,2023년 9월 1일 19시,금요일,광주광역시 광산구 신창동,경상사고,0,0,1,0,차대차 - 기타,안전운전불이행,건조,맑음,단일로 - 기타,승용,남,40세,상해없음,승용,여,47세,경상
2023090100100663,2023년 9월 1일 20시,금요일,광주광역시 서구 매월동,경상사고,0,0,2,0,차대차 - 추돌,안전운전불이행,건조,맑음,교차로 - 교차로부근,승용,남,23세,상해없음,승용,남,28세,경상
2023090100100664,2023년 9월 1일 20시,금요일,광주광역시 광산구 하남동,경상사고,0,0,2,0,차대차 - 기타,신호위반,건조,맑음,교차로 - 교차로안,승용,여,55세,경상,승용,남,32세,경상
2023090200100012,2023년 9월 2일 00시,토요일,광주광역시 서구 풍암동,경상사고,0,0,3,0,차대차 - 기타,안전운전불이행,건조,맑음,교차로 - 교차로부근,승용,남,63세,기타불명,승용,남,27세,경상
2023090200100045,2023년 9월 2일 04시,토요일,광주광역시 서구 치평동,경상사고,0,0,2,0,차대차 - 추돌,안전운전불이행,건조,맑음,교차로 - 교차로부근,승용,남,69세,기타불명,승용,남,55세,경상
2023090200100091,2023년 9월 2일 08시,토요일,광주광역시 남구 주월동,경상사고,0,0,1,0,차대차 - 측면충돌,안전운전불이행,건조,맑음,교차로 - 교차로안,승용,여,30세,상해없음,승용,여,71세,경상
2023090200100156,2023년 9월 2일 10시,토요일,광주광역시 북구 운암동,경상사고,0,0,1,0,차대차 - 추돌,안전운전불이행,건조,맑음,단일로 - 기타,승용,남,39세,상해없음,승용,남,30세,경상
2023090200100164,2023년 9월 2일 10시,토요일,광주광역시 남구 진월동,경상사고,0,0,1,0,차대사람 - 횡단중,안전운전불이행,건조,맑음,교차로 - 교차로안,승용,여,42세,상해없음,보행자,여,32세,경상
2023090200100165,2023년 9월 2일 10시,토요일,광주광역시 북구 용봉동,부상신고사고,0,0,0,1,차대사람 - 차도통행중,안전운전불이행,젖음/습기,비,단일로 - 기타,승용,여,56세,상해없음,보행자,남,56세,부상신고
2023090200100206,2023년 9월 2일 11시,토요일,광주광역시 북구 운암동,경상사고,0,0,5,0,차대차 - 기타,안전운전불이행,젖음/습기,흐림,단일로 - 기타,특수,남,66세,경상,승용,남,32세,경상
2023090200100220,2023년 9월 2일 11시,토요일,광주광역시 광산구 월계동,경상사고,0,0,1,0,차대차 - 추돌,안전거리미확보,건조,맑음,단일로 - 기타,화물,남,54세,상해없음,승용,남,54세,경상
2023090200100273,2023년 9월 2일 12시,토요일,광주광역시 서구 금호동,경상사고,0,0,1,0,차대차 - 기타,안전운전불이행,건조,맑음,교차로 - 교차로안,승용,남,61세,상해없음,이륜,남,42세,경상
2023090200100274,2023년 9월 2일 12시,토요일,광주광역시 북구 우산동,경상사고,0,0,2,0,차대차 - 측면충돌,신호위반,건조,맑음,교차로 - 교차로안,승용,남,53세,기타불명,승용,남,30세,경상
2023090200100363,2023년 9월 2일 14시,토요일,광주광역시 동구 동명동,경상사고,0,0,1,0,차량단독 - 기타,기타,건조,맑음,단일로 - 기타,승합,남,54세,상해없음,,,,
2023090200100364,2023년 9월 2일 14시,토요일,광주광역시 북구 두암동,부상신고사고,0,0,0,1,차대차 - 추돌,안전거리미확보,건조,맑음,단일로 - 기타,승용,남,75세,기타불명,승용,남,42세,부상신고
2023090200100423,2023년 9월 2일 16시,토요일,광주광역시 서구 치평동,경상사고,0,0,1,0,차대차 - 기타,직진우회전진행방해,건조,맑음,교차로 - 교차로안,이륜,남,52세,경상,승용,남,71세,상해없음
2023090200100424,2023년 9월 2일 16시,토요일,광주광역시 북구 생용동,중상사고,0,1,0,0,차대차 - 기타,신호위반,건조,맑음,교차로 - 교차로안,승용,여,51세,상해없음,이륜,남,62세,중상
2023090200100425,2023년 9월 2일 16시,토요일,광주광역시 북구 오치동,경상사고,0,0,1,0,차대차 - 추돌,안전운전불이행,건조,맑음,단일로 - 기타,승용,여,43세,상해없음,승용,남,53세,경상
2023090200100467,2023년 9월 2일 17시,토요일,광주광역시 서구 농성동,경상사고,0,0,1,0,차대차 - 측면충돌,차로위반,건조,맑음,교차로 - 교차로안,이륜,남,30세,기타불명,승용,남,26세,경상
2023090200100498,2023년 9월 2일 18시,토요일,광주광역시 남구 진월동,경상사고,0,0,1,0,차대차 - 추돌,안전운전불이행,건조,맑음,교차로 - 교차로안,승용,여,65세,경상,건설기계,남,48세,기타불명
2023090200100531,2023년 9월 2일 19시,토요일,광주광역시 광산구 월계동,경상사고,0,0,1,0,차대차 - 정면충돌,직진우회전진행방해,건조,흐림,기타 - 기타,승용,여,46세,상해없음,이륜,여,34세,경상
2023090200100554,2023년 9월 2일 20시,토요일,광주광역시 북구 삼각동,경상사고,0,0,1,0,차대사람 - 횡단중,신호위반,건조,맑음,단일로 - 기타,승용,남,63세,기타불명,보행자,여,60세,경상
2023090200100555,2023년 9월 2일 20시,토요일,광주광역시 북구 중흥동,경상사고,0,0,4,0,차대차 - 측면충돌,교차로운행방법위반,건조,맑음,교차로 - 교차로안,승용,남,65세,상해없음,승용,남,56세,경상
2023090300100005,2023년 9월 3일 00시,일요일,광주광역시 광산구 월계동,경상사고,0,0,2,0,차대차 - 추돌,안전운전불이행,건조,맑음,교차로 - 교차로안,승용,남,49세,상해없음,승용,남,35세,경상
2023090300100014,2023년 9월 3일 01시,일요일,광주광역시 서구 쌍촌동,경상사고,0,0,1,0,차대차 - 기타,신호위반,건조,맑음,교차로 - 교차로부근,승용,남,74세,상해없음,승용,남,41세,상해없음
2023090300100015,2023년 9월 3일 01시,일요일,광주광역시 광산구 월계동,경상사고,0,0,1,0,차대차 - 기타,안전운전불이행,건조,맑음,교차로 - 교차로부근,승용,남,29세,상해없음,이륜,남,30세,경상
2023090300100031,2023년 9월 3일 03시,일요일,광주광역시 서구 쌍촌동,경상사고,0,0,5,0,차대차 - 추돌,안전운전불이행,건조,맑음,교차로 - 교차로부근,승용,남,30세,상해없음,승용,남,32세,경상
2023090300100037,2023년 9월 3일 04시,일요일,광주광역시 북구 운암동,경상사고,0,0,1,0,차대차 - 기타,신호위반,건조,맑음,교차로 - 교차로안,승용,남,89세,상해없음,승용,남,23세,경상
2023090300100054,2023년 9월 3일 06시,일요일,광주광역시 서구 마륵동,경상사고,0,0,1,0,차량단독 - 공작물충돌,안전운전불이행,건조,맑음,교차로 - 교차로부근,승용,남,29세,경상,,,,
2023090300100078,2023년 9월 3일 09시,일요일,광주광역시 서구 금호동,경상사고,0,0,1,0,차대차 - 기타,교차로운행방법위반,건조,맑음,교차로 - 교차로부근,승용,남,52세,상해없음,자전거,남,67세,경상
2023090300100079,2023년 9월 3일 09시,일요일,광주광역시 북구 중흥동,경상사고,0,0,1,0,차대사람 - 횡단중,안전운전불이행,건조,맑음,단일로 - 기타,승용,남,31세,상해없음,보행자,여,20세,경상
2023090300100107,2023년 9월 3일 10시,일요일,광주광역시 북구 풍향동,경상사고,0,0,2,0,차대차 - 측면충돌,직진우회전진행방해,건조,맑음,교차로 - 교차로안,승용,남,58세,경상,승용,여,53세,경상
2023090300100196,2023년 9월 3일 14시,일요일,광주광역시 서구 화정동,경상사고,0,0,1,0,차대차 - 측면충돌,안전운전불이행,건조,맑음,교차로 - 교차로안,승용,남,63세,상해없음,승용,남,34세,경상
2023090300100221,2023년 9월 3일 15시,일요일,광주광역시 광산구 비아동,경상사고,0,0,2,0,차대차 - 추돌,안전운전불이행,건조,맑음,교차로 - 교차로부근,승용,남,52세,상해없음,승용,남,52세,경상
2023090300100222,2023년 9월 3일 15시,일요일,광주광역시 광산구 송정동,경상사고,0,0,2,0,차대차 - 측면충돌,안전운전불이행,건조,맑음,단일로 - 기타,승용,남,49세,상해없음,승용,남,45세,경상
2023090300100223,2023년 9월 3일 15시,일요일,광주광역시 광산구 선암동,경상사고,0,0,1,0,차대차 - 후진중충돌,불법유턴,건조,맑음,단일로 - 기타,승용,여,44세,상해없음,승용,여,41세,경상
2023090300100311,2023년 9월 3일 18시,일요일,광주광역시 광산구 산정동,중상사고,0,1,0,0,차대차 - 추돌,안전운전불이행,건조,맑음,교차로 - 교차로안,기타불명,기타불명,미분류,기타불명,이륜,남,55세,중상
2023090300100337,2023년 9월 3일 19시,일요일,광주광역시 북구 중흥동,중상사고,0,1,0,0,차대차 - 측면충돌,신호위반,건조,맑음,교차로 - 교차로안,승용,여,54세,상해없음,이륜,남,18세,중상
2023090300100365,2023년 9월 3일 20시,일요일,광주광역시 광산구 하산동,경상사고,0,0,1,0,차대차 - 추돌,안전운전불이행,건조,맑음,교차로 - 교차로부근,승용,남,23세,상해없음,승용,남,44세,경상
2023090300100382,2023년 9월 3일 21시,일요일,광주광역시 광산구 신가동,경상사고,0,0,2,0,차대차 - 기타,신호위반,건조,맑음,교차로 - 교차로안,승용,여,57세,상해없음,승용,남,42세,경상
2023090400100004,2023년 9월 4일 00시,월요일,광주광역시 서구 풍암동,경상사고,0,0,1,0,차대차 - 기타,안전운전불이행,건조,맑음,단일로 - 기타,승용,남,47세,상해없음,승용,여,52세,경상
2023090400100128,2023년 9월 4일 08시,월요일,광주광역시 동구 대인동,경상사고,0,0,1,0,차대차 - 기타,안전운전불이행,건조,맑음,교차로 - 교차로안,승용,남,64세,기타불명,승용,여,34세,경상
2023090400100129,2023년 9월 4일 08시,월요일,광주광역시 광산구 운수동,경상사고,0,0,2,0,차대차 - 측면충돌,안전거리미확보,건조,맑음,단일로 - 기타,승용,여,40세,경상,승용,남,48세,경상
2023090400100196,2023년 9월 4일 10시,월요일,광주광역시 서구 금호동,경상사고,0,0,2,0,차대차 - 기타,안전운전불이행,건조,맑음,단일로 - 기타,화물,남,35세,경상,승용,남,55세,경상
2023090400100230,2023년 9월 4일 11시,월요일,광주광역시 동구 장동,사망사고,1,0,0,0,차대차 - 기타,신호위반,건조,맑음,기타 - 기타,건설기계,남,56세,상해없음,자전거,남,57세,사망
2023090400100264,2023년 9월 4일 12시,월요일,광주광역시 서구 양동,경상사고,0,0,1,0,차대사람 - 기타,안전운전불이행,건조,맑음,기타 - 기타,화물,남,55세,상해없음,보행자,여,80세,경상
2023090400100265,2023년 9월 4일 12시,월요일,광주광역시 북구 운암동,중상사고,0,1,0,0,차대사람 - 횡단중,신호위반,건조,맑음,교차로 - 교차로부근,화물,남,51세,상해없음,보행자,여,63세,중상
2023090400100266,2023년 9월 4일 12시,월요일,광주광역시 광산구 월곡동,경상사고,0,0,1,0,차대사람 - 기타,안전운전불이행,건조,맑음,단일로 - 기타,승용,남,68세,상해없음,보행자,남,41세,경상
2023090400100267,2023년 9월 4일 12시,월요일,광주광역시 광산구 쌍암동,중상사고,0,1,0,0,차대차 - 측면충돌,안전운전불이행,건조,맑음,교차로 - 교차로부근,승용,남,46세,상해없음,이륜,남,41세,중상
2023090400100296,2023년 9월 4일 13시,월요일,광주광역시 광산구 쌍암동,경상사고,0,0,1,0,차대차 - 측면충돌,안전운전불이행,건조,맑음,단일로 - 기타,승용,남,27세,상해없음,승용,여,48세,경상
2023090400100323,2023년 9월 4일 14시,월요일,광주광역시 남구 봉선동,경상사고,0,0,2,0,차대차 - 측면충돌,교차로운행방법위반,건조,맑음,교차로 - 교차로안,승용,여,61세,경상,승용,남,52세,경상
2023090400100324,2023년 9월 4일 14시,월요일,광주광역시 광산구 신가동,경상사고,0,0,1,0,차대차 - 측면충돌,안전거리미확보,건조,맑음,교차로 - 교차로부근,화물,남,32세,상해없음,화물,남,54세,경상
2023090400100363,2023년 9월 4일 15시,월요일,광주광역시 남구 월산동,경상사고,0,0,1,0,차대차 - 측면충돌,안전운전불이행,건조,맑음,교차로 - 교차로안,자전거,남,63세,경상,승용,남,53세,상해없음
2023090400100405,2023년 9월 4일 16시,월요일,광주광역시 남구 임암동,경상사고,0,0,8,0,차대차 - 측면충돌,교차로운행방법위반,건조,맑음,교차로 - 교차로안,승합,남,61세,상해없음,승합,여,26세,경상
2023090400100406,2023년 9월 4일 16시,월요일,광주광역시 남구 진월동,경상사고,0,0,3,0,차대차 - 추돌,안전운전불이행,건조,맑음,단일로 - 기타,화물,남,67세,상해없음,승용,남,32세,경상
2023090400100407,2023년 9월 4일 16시,월요일,광주광역시 광산구 소촌동,경상사고,0,0,2,0,차대차 - 후진중충돌,불법유턴,건조,맑음,단일로 - 기타,승용,여,59세,상해없음,승용,남,34세,경상
2023090400100495,2023년 9월 4일 18시,월요일,광주광역시 북구 용전동,중상사고,0,2,4,0,차대차 - 측면충돌,안전거리미확보,건조,맑음,교차로 - 교차로부근,승용,여,56세,상해없음,화물,남,61세,경상
2023090400100536,2023년 9월 4일 19시,월요일,광주광역시 북구 신안동,경상사고,0,0,1,0,차대차 - 측면충돌,안전운전불이행,건조,맑음,교차로 - 교차로안,이륜,남,28세,상해없음,승용,남,34세,경상
2023090400100537,2023년 9월 4일 19시,월요일,광주광역시 북구 임동,경상사고,0,0,1,0,차대차 - 측면충돌,안전거리미확보,건조,맑음,교차로 - 교차로안,승용,남,56세,상해없음,승용,여,32세,경상
2023090400100571,2023년 9월 4일 20시,월요일,광주광역시 서구 유촌동,경상사고,0,0,2,1,차대차 - 추돌,안전운전불이행,건조,맑음,단일로 - 기타,승용,남,62세,상해없음,승용,여,27세,경상
2023090400100572,2023년 9월 4일 20시,월요일,광주광역시 북구 각화동,중상사고,0,1,0,0,차대사람 - 횡단중,안전운전불이행,젖음/습기,비,교차로 - 교차로부근,승용,여,49세,상해없음,보행자,여,41세,중상
2023090400100573,2023년 9월 4일 20시,월요일,광주광역시 광산구 신가동,경상사고,0,0,1,0,차대차 - 추돌,신호위반,젖음/습기,흐림,단일로 - 기타,승용,남,45세,기타불명,승용,남,25세,경상
2023090400100574,2023년 9월 4일 20시,월요일,광주광역시 광산구 송정동,경상사고,0,0,2,0,차대차 - 측면충돌,안전운전불이행,젖음/습기,흐림,단일로 - 기타,승용,남,51세,상해없음,승용,남,20세,경상
2023090400100575,2023년 9월 4일 20시,월요일,광주광역시 광산구 신가동,경상사고,0,0,1,0,차대차 - 기타,안전운전불이행,젖음/습기,비,단일로 - 기타,기타불명,기타불명,미분류,기타불명,이륜,남,44세,경상
2023090400100576,2023년 9월 4일 20시,월요일,광주광역시 광산구 월계동,경상사고,0,0,1,0,차대차 - 기타,교차로운행방법위반,건조,맑음,교차로 - 교차로안,승용,남,23세,기타불명,승용,여,65세,경상
2023090400100608,2023년 9월 4일 22시,월요일,광주광역시 북구 문흥동,경상사고,0,0,1,0,차대차 - 추돌,안전운전불이행,건조,맑음,단일로 - 기타,승용,남,44세,상해없음,승용,남,40세,경상
2023090500100023,2023년 9월 5일 01시,화요일,광주광역시 광산구 쌍암동,경상사고,0,0,1,0,차대차 - 측면충돌,안전운전불이행,건조,맑음,단일로 - 기타,승용,남,20세,경상,승용,남,53세,기타불명
2023090500100054,2023년 9월 5일 05시,화요일,광주광역시 서구 쌍촌동,경상사고,0,0,1,0,차대차 - 측면충돌,안전운전불이행,건조,맑음,단일로 - 기타,승용,남,44세,상해없음,승용,남,51세,경상
2023090500100069,2023년 9월 5일 06시,화요일,광주광역시 북구 각화동,경상사고,0,0,1,0,차대차 - 기타,신호위반,건조,맑음,교차로 - 교차로부근,승용,남,54세,상해없음,승용,여,60세,경상
2023090500100100,2023년 9월 5일 07시,화요일,광주광역시 광산구 소촌동,경상사고,0,0,3,0,차대차 - 측면충돌,안전운전불이행,건조,맑음,단일로 - 기타,승용,여,47세,경상,승용,여,48세,경상
2023090500100101,2023년 9월 5일 07시,화요일,광주광역시 광산구 운남동,경상사고,0,0,1,0,차대차 - 측면충돌,안전운전불이행,건조,맑음,단일로 - 기타,승합,남,61세,상해없음,승용,여,41세,경상
2023090500100148,2023년 9월 5일 08시,화요일,광주광역시 광산구 우산동,경상사고,0,0,8,0,차대차 - 추돌,안전운전불이행,건조,맑음,단일로 - 기타,승용,여,49세,경상,승합,남,46세,경상
2023090500100183,2023년 9월 5일 09시,화요일,광주광역시 남구 방림동,경상사고,0,0,3,0,차대차 - 추돌,안전운전불이행,건조,맑음,교차로 - 교차로부근,승합,남,51세,상해없음,승용,여,40세,경상
2023090500100184,2023년 9월 5일 09시,화요일,광주광역시 북구 매곡동,경상사고,0,0,1,0,차대차 - 측면충돌,안전운전불이행,건조,맑음,교차로 - 교차로안,승용,여,65세,상해없음,승용,남,78세,경상
2023090500100223,2023년 9월 5일 10시,화요일,광주광역시 광산구 소촌동,경상사고,0,0,1,0,차대차 - 측면충돌,안전운전불이행,건조,맑음,단일로 - 기타,승용,남,69세,상해없음,승용,남,32세,경상
2023090500100263,2023년 9월 5일 11시,화요일,광주광역시 동구 황금동,경상사고,0,0,1,0,차대사람 - 기타,안전운전불이행,건조,맑음,단일로 - 기타,화물,남,31세,상해없음,보행자,여,60세,경상
2023090500100264,2023년 9월 5일 11시,화요일,광주광역시 북구 중흥동,경상사고,0,0,1,0,차대차 - 기타,안전운전불이행,건조,맑음,교차로 - 교차로안,이륜,남,37세,기타불명,승용,여,58세,경상
2023090500100294,2023년 9월 5일 12시,화요일,광주광역시 광산구 신가동,경상사고,0,0,1,0,차대사람 - 차도통행중,안전운전불이행,건조,맑음,단일로 - 기타,승용,남,58세,상해없음,보행자,남,45세,경상
2023090500100325,2023년 9월 5일 13시,화요일,광주광역시 서구 화정동,경상사고,0,0,4,0,차대차 - 추돌,안전운전불이행,건조,맑음,단일로 - 기타,승용,여,29세,상해없음,승용,남,40세,경상
2023090500100326,2023년 9월 5일 13시,화요일,광주광역시 북구 월출동,경상사고,0,0,1,0,차대차 - 측면충돌,신호위반,건조,맑음,교차로 - 교차로안,화물,남,76세,상해없음,화물,남,48세,경상
2023090500100327,2023년 9월 5일 13시,화요일,광주광역시 광산구 쌍암동,경상사고,0,0,1,0,차대차 - 추돌,안전운전불이행,건조,맑음,교차로 - 교차로안,승용,여,25세,상해없음,승용,남,40세,경상
2023090500100354,2023년 9월 5일 14시,화요일,광주광역시 서구 금호동,중상사고,0,1,0,0,차대사람 - 기타,보행자보호의무위반,건조,맑음,교차로 - 교차로부근,건설기계,남,60세,상해없음,보행자,남,89세,중상
2023090500100355,2023년 9월 5일 14시,화요일,광주광역시 광산구 도산동,경상사고,0,0,2,0,차대차 - 측면충돌,안전거리미확보,건조,맑음,단일로 - 기타,승용,여,46세,경상,승용,남,62세,경상
2023090500100429,2023년 9월 5일 16시,화요일,광주광역시 서구 치평동,경상사고,0,0,1,0,차대차 - 측면충돌,교차로운행방법위반,건조,맑음,교차로 - 교차로안,승용,남,62세,상해없음,화물,남,41세,경상
2023090500100430,2023년 9월 5일 16시,화요일,광주광역시 남구 봉선동,경상사고,0,0,1,0,차대사람 - 기타,안전운전불이행,건조,맑음,단일로 - 기타,개인형이동수단(PM),여,14세,상해없음,보행자,여,58세,경상
2023090500100483,2023년 9월 5일 17시,화요일,광주광역시 서구 유촌동,경상사고,0,0,1,0,차대사람 - 기타,안전운전불이행,건조,맑음,교차로 - 교차로부근,승합,남,57세,상해없음,보행자,여,56세,경상
2023090500100484,2023년 9월 5일 17시,화요일,광주광역시 북구 운암동,경상사고,0,0,1,0,차대차 - 기타,안전운전불이행,건조,맑음,기타 - 기타,자전거,남,14세,경상,승용,여,45세,상해없음
2023090500100541,2023년 9월 5일 18시,화요일,광주광역시 동구 소태동,경상사고,0,0,1,0,차대차 - 기타,안전운전불이행,건조,맑음,기타 - 기타,승용,남,66세,상해없음,승용,남,41세,경상
2023090500100542,2023년 9월 5일 18시,화요일,광주광역시 북구 일곡동,경상사고,0,0,1,0,차대차 - 측면충돌,안전운전불이행,건조,맑음,교차로 - 교차로횡단보도내,승합,남,68세,상해없음,자전거,남,74세,경상
2023090500100543,2023년 9월 5일 18시,화요일,광주광역시 광산구 신창동,경상사고,0,0,3,0,차대차 - 측면충돌,불법유턴,건조,맑음,단일로 - 기타,승용,남,30세,상해없음,승용,여,53세,경상
2023090500100639,2023년 9월 5일 21시,화요일,광주광역시 서구 치평동,경상사고,0,0,1,0,차대차 - 기타,안전운전불이행,건조,맑음,교차로 - 교차로부근,승용,남,64세,상해없음,승용,여,51세,경상
2023090500100669,2023년 9월 5일 23시,화요일,광주광역시 서구 농성동,중상사고,0,1,2,0,차대사람 - 기타,안전운전불이행,건조,맑음,단일로 - 기타,승용,남,65세,중상,보행자,남,38세,경상
2023090600100026,2023년 9월 6일 03시,수요일,광주광역시 서구 마륵동,경상사고,0,0,2,0,차대차 - 추돌,안전운전불이행,건조,맑음,교차로 - 교차로부근,승용,남,26세,상해없음,승용,남,39세,경상
2023090600100032,2023년 9월 6일 05시,수요일,광주광역시 광산구 쌍암동,경상사고,0,0,1,0,차대차 - 측면충돌,안전운전불이행,건조,맑음,단일로 - 기타,승용,여,32세,기타불명,승용,남,24세,경상
2023090600100079,2023년 9월 6일 07시,수요일,광주광역시 북구 문흥동,부상신고사고,0,0,0,1,차대차 - 정면충돌,직진우회전진행방해,건조,맑음,교차로 - 교차로안,승용,남,24세,상해없음,승용,남,63세,부상신고
2023090600100080,2023년 9월 6일 07시,수요일,광주광역시 광산구 운수동,경상사고,0,0,2,0,차대차 - 추돌,안전거리미확보,건조,맑음,단일로 - 기타,승용,여,28세,경상,화물,남,59세,경상
2023090600100135,2023년 9월 6일 08시,수요일,광주광역시 남구 주월동,경상사고,0,0,1,0,차대차 - 측면충돌,교차로운행방법위반,건조,맑음,교차로 - 교차로안,승용,남,58세,상해없음,이륜,남,48세,경상
2023090600100196,2023년 9월 6일 10시,수요일,광주광역시 남구 백운동,경상사고,0,0,2,0,차대차 - 측면충돌,안전거리미확보,건조,맑음,교차로 - 교차로부근,승용,여,75세,상해없음,승용,남,67세,경상
2023090600100226,2023년 9월 6일 11시,수요일,광주광역시 서구 치평동,경상사고,0,0,1,0,차대차 - 추돌,안전거리미확보,건조,맑음,단일로 - 기타,화물,남,29세,기타불명,승용,여,42세,경상