사고번호,사고일시,요일,시군구,사고내용,사망자수,중상자수,경상자수,부상신고자수,사고유형,법규위반,노면상태,기상상태,도로형태,가해운전자 차종,가해운전자 성별,가해운전자 연령,가해운전자 상해정도,피해운전자 차종,피해운전자 성별,피해운전자 연령,피해운전자 상해정도
2023090600100227,2023년 9월 6일 11시,수요일,광주광역시 서구 매월동,중상사고,0,1,0,1,차대차 - 기타,안전거리미확보,건조,맑음,단일로 - 기타,승용,여,46세,부상신고,승용,여,40세,중상
2023090600100229,2023년 9월 6일 11시,수요일,광주광역시 광산구 월곡동,경상사고,0,0,1,0,차대차 - 기타,교차로운행방법위반,건조,맑음,교차로 - 교차로안,화물,남,51세,상해없음,승용,여,43세,경상
2023090600100257,2023년 9월 6일 12시,수요일,광주광역시 광산구 신가동,경상사고,0,0,1,0,차대차 - 측면충돌,신호위반,건조,맑음,단일로 - 기타,승용,남,44세,상해없음,자전거,남,75세,경상
2023090600100286,2023년 9월 6일 13시,수요일,광주광역시 서구 매월동,경상사고,0,0,2,0,차대차 - 측면충돌,안전운전불이행,건조,맑음,기타 - 기타,승용,남,32세,상해없음,승용,여,42세,경상
2023090600100287,2023년 9월 6일 13시,수요일,광주광역시 광산구 월곡동,경상사고,0,0,2,0,차대차 - 측면충돌,안전운전불이행,건조,맑음,단일로 - 기타,승용,남,38세,상해없음,화물,남,61세,경상
2023090600100407,2023년 9월 6일 16시,수요일,광주광역시 북구 동림동,경상사고,0,0,2,0,차대차 - 기타,안전운전불이행,건조,맑음,교차로 - 교차로부근,승용,여,47세,경상,승용,여,65세,상해없음
2023090600100505,2023년 9월 6일 18시,수요일,광주광역시 북구 임동,경상사고,0,0,1,0,차대차 - 측면충돌,안전거리미확보,건조,맑음,단일로 - 기타,자전거,남,18세,경상,승용,남,54세,상해없음
2023090600100506,2023년 9월 6일 18시,수요일,광주광역시 광산구 비아동,경상사고,0,0,1,0,차대차 - 측면충돌,안전거리미확보,건조,맑음,단일로 - 기타,승용,남,31세,상해없음,승용,남,40세,경상
2023090600100507,2023년 9월 6일 18시,수요일,광주광역시 광산구 운남동,경상사고,0,0,1,0,차대차 - 측면충돌,차로위반,건조,맑음,단일로 - 기타,승용,남,56세,상해없음,승용,남,26세,상해없음
2023090600100548,2023년 9월 6일 19시,수요일,광주광역시 광산구 장록동,경상사고,0,0,2,0,차대차 - 측면충돌,차로위반,건조,맑음,단일로 - 기타,승용,남,61세,상해없음,승용,남,56세,경상
2023090600100602,2023년 9월 6일 21시,수요일,광주광역시 광산구 소촌동,경상사고,0,0,4,0,차대차 - 측면충돌,안전운전불이행,건조,맑음,교차로 - 교차로부근,승용,남,24세,상해없음,승용,남,35세,경상
2023090600100622,2023년 9월 6일 22시,수요일,광주광역시 광산구 월계동,경상사고,0,0,1,0,차대차 - 측면충돌,신호위반,건조,맑음,교차로 - 교차로안,승용,남,48세,상해없음,승용,남,29세,경상
2023090600100623,2023년 9월 6일 22시,수요일,광주광역시 광산구 쌍암동,경상사고,0,0,1,0,차대차 - 기타,안전운전불이행,기타,맑음,단일로 - 기타,승용,남,48세,상해없음,이륜,남,39세,경상
2023090600100637,2023년 9월 6일 23시,수요일,광주광역시 북구 유동,경상사고,0,0,1,0,차대사람 - 기타,안전운전불이행,건조,맑음,기타 - 기타,승용,남,28세,상해없음,보행자,남,65세,경상
2023090600100638,2023년 9월 6일 23시,수요일,광주광역시 북구 중흥동,중상사고,0,1,1,0,차대차 - 기타,신호위반,건조,맑음,교차로 - 교차로안,승용,여,24세,상해없음,승용,남,24세,중상
2023090700100024,2023년 9월 7일 02시,목요일,광주광역시 서구 농성동,중상사고,0,1,0,0,차대차 - 측면충돌,안전운전불이행,건조,맑음,교차로 - 교차로부근,승용,남,19세,상해없음,이륜,남,26세,중상
2023090700100033,2023년 9월 7일 03시,목요일,광주광역시 광산구 월계동,경상사고,0,0,1,0,차대차 - 기타,차로위반,건조,맑음,단일로 - 기타,승용,남,27세,상해없음,승용,여,27세,경상
2023090700100040,2023년 9월 7일 04시,목요일,광주광역시 북구 운암동,경상사고,0,0,2,0,차대차 - 기타,중앙선침범,건조,맑음,교차로 - 교차로부근,승용,남,18세,경상,승용,남,66세,경상
2023090700100053,2023년 9월 7일 05시,목요일,광주광역시 서구 쌍촌동,경상사고,0,0,2,0,차대차 - 추돌,안전거리미확보,건조,맑음,단일로 - 기타,승용,남,67세,상해없음,이륜,남,40세,경상
2023090700100070,2023년 9월 7일 06시,목요일,광주광역시 서구 쌍촌동,중상사고,0,1,0,0,차대차 - 추돌,안전운전불이행,건조,맑음,단일로 - 기타,화물,남,46세,기타불명,건설기계,남,51세,기타불명
2023090700100071,2023년 9월 7일 06시,목요일,광주광역시 광산구 월전동,경상사고,0,0,1,0,차대차 - 측면충돌,신호위반,건조,맑음,교차로 - 교차로안,승용,남,58세,상해없음,승용,남,69세,경상
2023090700100117,2023년 9월 7일 07시,목요일,광주광역시 남구 송하동,경상사고,0,0,1,0,차대차 - 추돌,교차로운행방법위반,건조,맑음,단일로 - 기타,화물,남,57세,상해없음,승용,남,39세,경상
2023090700100118,2023년 9월 7일 07시,목요일,광주광역시 북구 각화동,경상사고,0,0,1,0,차대차 - 측면충돌,차로위반,건조,맑음,교차로 - 교차로부근,승합,남,56세,상해없음,승용,남,45세,경상
2023090700100184,2023년 9월 7일 08시,목요일,광주광역시 북구 오치동,경상사고,0,0,1,0,차대차 - 측면충돌,중앙선침범,건조,맑음,교차로 - 교차로부근,승용,남,34세,상해없음,승용,남,56세,경상
2023090700100185,2023년 9월 7일 08시,목요일,광주광역시 북구 오치동,중상사고,0,1,0,0,차대차 - 측면충돌,안전운전불이행,건조,맑음,단일로 - 기타,승용,여,22세,상해없음,자전거,남,73세,중상
2023090700100186,2023년 9월 7일 08시,목요일,광주광역시 광산구 신창동,경상사고,0,0,1,0,차대차 - 기타,안전운전불이행,건조,맑음,단일로 - 기타,자전거,여,19세,경상,승용,여,38세,상해없음
2023090700100187,2023년 9월 7일 08시,목요일,광주광역시 광산구 우산동,경상사고,0,0,1,0,차대차 - 추돌,안전운전불이행,건조,맑음,단일로 - 기타,승용,남,43세,상해없음,승용,남,36세,경상
2023090700100189,2023년 9월 7일 08시,목요일,광주광역시 광산구 우산동,경상사고,0,0,1,2,차대차 - 측면충돌,안전운전불이행,건조,맑음,단일로 - 기타,승용,남,69세,경상,승용,남,43세,부상신고
2023090700100262,2023년 9월 7일 10시,목요일,광주광역시 서구 매월동,경상사고,0,0,1,0,차대차 - 기타,안전거리미확보,건조,맑음,단일로 - 기타,승용,여,29세,상해없음,화물,남,34세,경상
2023090700100323,2023년 9월 7일 12시,목요일,광주광역시 광산구 월계동,중상사고,0,1,0,0,차대차 - 기타,신호위반,건조,맑음,교차로 - 교차로횡단보도내,개인형이동수단(PM),남,14세,상해없음,화물,남,64세,상해없음
2023090700100392,2023년 9월 7일 14시,목요일,광주광역시 서구 쌍촌동,경상사고,0,0,2,0,차대차 - 추돌,안전운전불이행,건조,맑음,단일로 - 기타,승용,남,63세,상해없음,승용,여,34세,경상
2023090700100393,2023년 9월 7일 14시,목요일,광주광역시 북구 동림동,경상사고,0,0,2,0,차대차 - 기타,차로위반,건조,맑음,교차로 - 교차로부근,승용,여,50세,상해없음,승용,남,53세,경상
2023090700100484,2023년 9월 7일 16시,목요일,광주광역시 서구 쌍촌동,경상사고,0,0,1,0,차대차 - 측면충돌,교차로운행방법위반,건조,맑음,교차로 - 교차로안,승용,여,68세,상해없음,이륜,남,49세,경상
2023090700100485,2023년 9월 7일 16시,목요일,광주광역시 서구 화정동,경상사고,0,0,1,0,차대차 - 측면충돌,신호위반,건조,맑음,교차로 - 교차로부근,승용,여,69세,기타불명,화물,남,30세,경상
2023090700100486,2023년 9월 7일 16시,목요일,광주광역시 남구 임암동,중상사고,0,1,1,0,차대차 - 측면충돌,신호위반,건조,맑음,교차로 - 교차로안,승용,여,49세,경상,승용,남,34세,중상
2023090700100487,2023년 9월 7일 16시,목요일,광주광역시 남구 월산동,경상사고,0,0,1,0,차대차 - 측면충돌,안전거리미확보,건조,맑음,교차로 - 교차로안,승용,여,53세,경상,승용,여,59세,상해없음
2023090700100488,2023년 9월 7일 16시,목요일,광주광역시 북구 동림동,경상사고,0,0,1,0,차대차 - 측면충돌,교차로운행방법위반,건조,맑음,교차로 - 교차로안,승용,여,41세,경상,화물,남,43세,상해없음
2023090700100489,2023년 9월 7일 16시,목요일,광주광역시 광산구 산월동,중상사고,0,1,0,0,차대차 - 기타,안전거리미확보,건조,맑음,단일로 - 기타,승용,여,24세,상해없음,승용,여,63세,중상
2023090700100595,2023년 9월 7일 18시,목요일,광주광역시 북구 누문동,경상사고,0,0,1,0,차대차 - 추돌,안전운전불이행,건조,맑음,단일로 - 기타,승용,남,57세,상해없음,승용,남,60세,경상
2023090700100596,2023년 9월 7일 18시,목요일,광주광역시 북구 두암동,경상사고,0,0,1,0,차대차 - 기타,안전운전불이행,건조,맑음,교차로 - 교차로부근,자전거,남,13세,경상,승용,남,26세,상해없음
2023090700100642,2023년 9월 7일 19시,목요일,광주광역시 광산구 장수동,경상사고,0,0,1,0,차대차 - 기타,안전거리미확보,건조,맑음,단일로 - 기타,화물,남,53세,상해없음,승용,남,29세,경상
2023090700100688,2023년 9월 7일 21시,목요일,광주광역시 광산구 월계동,경상사고,0,0,1,0,차대차 - 기타,안전거리미확보,건조,맑음,단일로 - 기타,승용,남,21세,상해없음,개인형이동수단(PM),남,59세,경상
2023090800100017,2023년 9월 8일 01시,금요일,광주광역시 서구 금호동,경상사고,0,0,2,0,차량단독 - 기타,안전운전불이행,건조,맑음,단일로 - 기타,승용,남,51세,상해없음,,,,
2023090800100030,2023년 9월 8일 03시,금요일,광주광역시 남구 양과동,중상사고,0,1,0,0,차량단독 - 공작물충돌,안전운전불이행,건조,맑음,단일로 - 기타,승용,여,23세,중상,,,,
2023090800100134,2023년 9월 8일 08시,금요일,광주광역시 북구 동림동,경상사고,0,0,1,0,차대차 - 기타,안전운전불이행,건조,맑음,단일로 - 기타,승용,남,75세,상해없음,승용,여,25세,경상
2023090800100165,2023년 9월 8일 09시,금요일,광주광역시 광산구 산정동,경상사고,0,0,1,0,차대사람 - 기타,안전운전불이행,건조,맑음,단일로 - 기타,자전거,남,30세,상해없음,보행자,여,82세,경상
2023090800100204,2023년 9월 8일 10시,금요일,광주광역시 북구 문흥동,경상사고,0,0,1,0,차대차 - 측면충돌,안전운전불이행,건조,맑음,교차로 - 교차로안,승용,여,44세,상해없음,승용,남,71세,경상
2023090800100233,2023년 9월 8일 11시,금요일,광주광역시 북구 연제동,경상사고,0,0,1,0,차대차 - 추돌,안전운전불이행,건조,맑음,교차로 - 교차로부근,승용,남,66세,상해없음,승용,남,28세,경상
2023090800100347,2023년 9월 8일 14시,금요일,광주광역시 광산구 송정동,경상사고,0,0,4,0,차대차 - 측면충돌,신호위반,건조,맑음,교차로 - 교차로안,이륜,남,58세,경상,승용,남,41세,경상
2023090800100382,2023년 9월 8일 15시,금요일,광주광역시 서구 화정동,경상사고,0,0,2,0,차대차 - 기타,교차로운행방법위반,건조,맑음,교차로 - 교차로안,승용,남,25세,상해없음,승용,여,58세,경상
2023090800100384,2023년 9월 8일 15시,금요일,광주광역시 북구 운암동,경상사고,0,0,1,0,차대차 - 측면충돌,차로위반,건조,맑음,교차로 - 교차로부근,승용,여,36세,상해없음,승용,남,32세,경상
2023090800100449,2023년 9월 8일 16시,금요일,광주광역시 남구 백운동,경상사고,0,0,1,0,차대사람 - 횡단중,안전운전불이행,건조,맑음,단일로 - 기타,승용,여,53세,상해없음,보행자,남,73세,경상
2023090800100450,2023년 9월 8일 16시,금요일,광주광역시 남구 송하동,경상사고,0,0,2,0,차대차 - 측면충돌,안전거리미확보,건조,맑음,단일로 - 기타,승용,남,73세,상해없음,승용,남,46세,경상
2023090800100451,2023년 9월 8일 16시,금요일,광주광역시 북구 매곡동,경상사고,0,0,1,0,차대차 - 측면충돌,신호위반,건조,맑음,교차로 - 교차로안,승합,남,65세,상해없음,승용,남,48세,경상
2023090800100452,2023년 9월 8일 16시,금요일,광주광역시 광산구 소촌동,경상사고,0,0,1,0,차대차 - 측면충돌,차로위반,건조,맑음,단일로 - 기타,승용,남,66세,상해없음,승용,남,40세,경상
2023090800100524,2023년 9월 8일 17시,금요일,광주광역시 서구 농성동,경상사고,0,0,2,0,차대차 - 추돌,안전운전불이행,건조,맑음,단일로 - 기타,승합,남,75세,상해없음,승용,남,68세,경상
2023090800100525,2023년 9월 8일 17시,금요일,광주광역시 서구 쌍촌동,경상사고,0,0,1,0,차대차 - 측면충돌,안전거리미확보,건조,맑음,교차로 - 교차로안,승용,남,69세,상해없음,승용,여,26세,경상
2023090800100576,2023년 9월 8일 18시,금요일,광주광역시 북구 연제동,중상사고,0,1,0,0,차대사람 - 차도통행중,안전운전불이행,건조,맑음,단일로 - 기타,이륜,남,25세,기타불명,보행자,남,42세,중상
2023090800100577,2023년 9월 8일 18시,금요일,광주광역시 북구 임동,경상사고,0,0,1,0,차대사람 - 차도통행중,안전운전불이행,건조,맑음,교차로 - 교차로부근,승용,여,53세,상해없음,보행자,여,24세,경상
2023090800100631,2023년 9월 8일 19시,금요일,광주광역시 동구 산수동,경상사고,0,0,1,0,차대차 - 기타,안전운전불이행,건조,맑음,단일로 - 기타,승용,남,21세,상해없음,이륜,남,18세,경상
2023090800100632,2023년 9월 8일 19시,금요일,광주광역시 서구 쌍촌동,경상사고,0,0,1,1,차대차 - 측면충돌,안전운전불이행,건조,맑음,단일로 - 기타,승용,남,38세,부상신고,승용,여,24세,경상
2023090800100670,2023년 9월 8일 20시,금요일,광주광역시 북구 신안동,경상사고,0,0,1,0,차대차 - 기타,안전운전불이행,건조,맑음,기타 - 기타,승용,여,31세,상해없음,자전거,여,26세,경상
2023090800100688,2023년 9월 8일 21시,금요일,광주광역시 광산구 장덕동,경상사고,0,0,1,0,차대사람 - 횡단중,안전운전불이행,건조,맑음,교차로 - 교차로횡단보도내,개인형이동수단(PM),여,13세,상해없음,보행자,남,30세,경상
2023090800100717,2023년 9월 8일 22시,금요일,광주광역시 서구 쌍촌동,경상사고,0,0,1,0,차대차 - 추돌,안전운전불이행,건조,맑음,단일로 - 기타,승용,남,50세,상해없음,승용,여,31세,경상
2023090800100718,2023년 9월 8일 22시,금요일,광주광역시 광산구 월곡동,경상사고,0,0,1,0,차대사람 - 기타,중앙선침범,건조,맑음,단일로 - 기타,승용,여,59세,상해없음,보행자,남,47세,경상
2023090900100053,2023년 9월 9일 04시,토요일,광주광역시 남구 주월동,경상사고,0,0,1,0,차대차 - 추돌,안전거리미확보,건조,맑음,교차로 - 교차로부근,승용,남,28세,상해없음,승용,남,60세,경상
2023090900100118,2023년 9월 9일 08시,토요일,광주광역시 북구 두암동,부상신고사고,0,0,0,1,차대차 - 측면충돌,안전운전불이행,건조,맑음,교차로 - 교차로횡단보도내,원동기,여,68세,부상신고,승용,남,52세,상해없음
2023090900100194,2023년 9월 9일 10시,토요일,광주광역시 북구 청풍동,경상사고,0,0,2,0,차대차 - 측면충돌,중앙선침범,건조,맑음,단일로 - 기타,이륜,남,78세,상해없음,승용,남,36세,상해없음
2023090900100234,2023년 9월 9일 11시,토요일,광주광역시 서구 쌍촌동,경상사고,0,0,1,0,차대차 - 측면충돌,안전운전불이행,건조,맑음,단일로 - 기타,승용,여,26세,상해없음,이륜,남,24세,경상
2023090900100235,2023년 9월 9일 11시,토요일,광주광역시 서구 유촌동,중상사고,0,1,2,0,차대차 - 추돌,안전운전불이행,건조,맑음,단일로 - 고가도로위,화물,남,56세,중상,승용,남,79세,경상
2023090900100236,2023년 9월 9일 11시,토요일,광주광역시 서구 화정동,경상사고,0,0,2,0,차대차 - 측면충돌,안전운전불이행,건조,맑음,단일로 - 기타,화물,남,53세,상해없음,승용,남,33세,경상
2023090900100237,2023년 9월 9일 11시,토요일,광주광역시 남구 진월동,경상사고,0,0,1,0,차대차 - 기타,안전거리미확보,건조,맑음,단일로 - 기타,승용,남,63세,상해없음,승용,남,62세,상해없음
2023090900100238,2023년 9월 9일 11시,토요일,광주광역시 북구 각화동,경상사고,0,0,4,0,차대차 - 측면충돌,안전거리미확보,건조,맑음,교차로 - 교차로부근,승용,남,68세,상해없음,승용,남,48세,경상
2023090900100286,2023년 9월 9일 12시,토요일,광주광역시 광산구 신가동,경상사고,0,0,2,0,차대차 - 기타,안전운전불이행,건조,맑음,단일로 - 기타,승용,남,30세,상해없음,승용,여,31세,경상
2023090900100287,2023년 9월 9일 12시,토요일,광주광역시 광산구 신창동,경상사고,0,0,3,0,차대차 - 측면충돌,교차로운행방법위반,건조,맑음,교차로 - 교차로안,승용,남,39세,경상,승용,남,55세,경상
2023090900100331,2023년 9월 9일 13시,토요일,광주광역시 서구 화정동,경상사고,0,0,1,0,차대사람 - 보도통행중,기타,건조,맑음,단일로 - 기타,개인형이동수단(PM),남,23세,상해없음,보행자,남,53세,경상
2023090900100332,2023년 9월 9일 13시,토요일,광주광역시 서구 마륵동,경상사고,0,0,2,0,차대차 - 추돌,안전거리미확보,건조,맑음,단일로 - 기타,승용,남,54세,상해없음,승용,남,53세,경상
2023090900100333,2023년 9월 9일 13시,토요일,광주광역시 북구 유동,경상사고,0,0,1,0,차대차 - 측면충돌,교차로운행방법위반,건조,맑음,교차로 - 교차로안,승용,남,55세,상해없음,승용,남,20세,경상
2023090900100334,2023년 9월 9일 13시,토요일,광주광역시 북구 일곡동,경상사고,0,0,6,0,차대차 - 추돌,안전거리미확보,건조,맑음,단일로 - 기타,승용,여,39세,상해없음,승용,여,43세,경상
2023090900100335,2023년 9월 9일 13시,토요일,광주광역시 광산구 도산동,경상사고,0,0,2,0,차대차 - 측면충돌,교차로운행방법위반,건조,맑음,교차로 - 교차로안,승용,남,71세,경상,승용,남,60세,경상
2023090900100370,2023년 9월 9일 14시,토요일,광주광역시 북구 임동,경상사고,0,0,2,0,차대차 - 추돌,신호위반,건조,맑음,교차로 - 교차로안,승용,남,67세,상해없음,승용,남,67세,경상
2023090900100371,2023년 9월 9일 14시,토요일,광주광역시 북구 운암동,중상사고,0,1,0,0,차대차 - 정면충돌,교차로운행방법위반,건조,맑음,단일로 - 기타,승용,여,70세,상해없음,이륜,남,33세,중상
2023090900100419,2023년 9월 9일 15시,토요일,광주광역시 서구 농성동,경상사고,0,0,2,0,차대차 - 기타,신호위반,건조,맑음,교차로 - 교차로부근,승용,남,29세,상해없음,화물,남,36세,상해없음
2023090900100420,2023년 9월 9일 15시,토요일,광주광역시 서구 농성동,경상사고,0,0,2,0,차대차 - 측면충돌,차로위반,건조,맑음,단일로 - 기타,승용,남,31세,기타불명,승용,남,33세,경상
2023090900100421,2023년 9월 9일 15시,토요일,광주광역시 남구 진월동,경상사고,0,0,2,0,차대차 - 측면충돌,안전거리미확보,건조,맑음,단일로 - 기타,승용,남,81세,기타불명,승용,남,30세,경상
2023090900100459,2023년 9월 9일 16시,토요일,광주광역시 서구 쌍촌동,경상사고,0,0,1,0,차대차 - 기타,안전운전불이행,건조,맑음,단일로 - 기타,승용,여,49세,상해없음,원동기,남,34세,경상
2023090900100542,2023년 9월 9일 18시,토요일,광주광역시 서구 화정동,경상사고,0,0,1,0,차대사람 - 길가장자리구역통행중,안전운전불이행,건조,맑음,단일로 - 기타,승용,남,35세,상해없음,보행자,남,23세,경상
2023090900100543,2023년 9월 9일 18시,토요일,광주광역시 서구 화정동,경상사고,0,0,1,0,차대사람 - 기타,안전운전불이행,건조,맑음,단일로 - 기타,승합,남,60세,상해없음,보행자,여,69세,경상
2023090900100582,2023년 9월 9일 19시,토요일,광주광역시 서구 쌍촌동,경상사고,0,0,3,0,차대차 - 기타,안전운전불이행,건조,맑음,단일로 - 기타,승합,남,67세,상해없음,승용,남,54세,경상
2023090900100583,2023년 9월 9일 19시,토요일,광주광역시 광산구 신가동,경상사고,0,0,2,0,차대차 - 추돌,안전운전불이행,건조,맑음,단일로 - 기타,승용,남,63세,상해없음,승용,남,25세,경상
2023090900100617,2023년 9월 9일 20시,토요일,광주광역시 남구 방림동,경상사고,0,0,1,0,차대차 - 기타,안전거리미확보,건조,맑음,단일로 - 기타,화물,남,61세,상해없음,승용,남,54세,경상
2023090900100618,2023년 9월 9일 20시,토요일,광주광역시 북구 용두동,사망사고,1,0,0,0,차대사람 - 횡단중,안전운전불이행,건조,맑음,단일로 - 기타,승용,남,45세,상해없음,보행자,여,80세,사망
2023090900100640,2023년 9월 9일 21시,토요일,광주광역시 서구 풍암동,경상사고,0,0,2,0,차대차 - 기타,직진우회전진행방해,건조,맑음,교차로 - 교차로안,승용,남,61세,상해없음,승용,여,51세,경상
2023090900100659,2023년 9월 9일 22시,토요일,광주광역시 광산구 월계동,경상사고,0,0,2,0,차대차 - 기타,안전운전불이행,건조,맑음,단일로 - 기타,승용,남,35세,상해없음,승용,여,43세,경상
2023090900100669,2023년 9월 9일 23시,토요일,광주광역시 남구 봉선동,경상사고,0,0,1,0,차대차 - 측면충돌,신호위반,건조,맑음,교차로 - 교차로안,승용,여,24세,기타불명,승용,여,50세,경상
2023091000100016,2023년 9월 10일 00시,일요일,광주광역시 서구 쌍촌동,경상사고,0,0,1,0,차대차 - 측면충돌,교차로운행방법위반,건조,맑음,교차로 - 교차로안,승용,남,57세,상해없음,승용,남,51세,상해없음
2023091000100048,2023년 9월 10일 03시,일요일,광주광역시 광산구 선암동,경상사고,0,0,2,0,차대차 - 측면충돌,중앙선침범,건조,맑음,단일로 - 기타,승용,여,37세,경상,승용,남,33세,경상
2023091000100074,2023년 9월 10일 07시,일요일,광주광역시 남구 월산동,경상사고,0,0,1,0,차대차 - 기타,안전운전불이행,건조,맑음,단일로 - 기타,승용,남,25세,상해없음,승용,남,60세,경상
2023091000100088,2023년 9월 10일 08시,일요일,광주광역시 광산구 월곡동,경상사고,0,0,1,0,차대차 - 추돌,안전운전불이행,건조,맑음,교차로 - 교차로부근,승용,남,26세,상해없음,승용,남,68세,경상
2023091000100122,2023년 9월 10일 10시,일요일,광주광역시 서구 매월동,경상사고,0,0,1,0,차대차 - 측면충돌,안전거리미확보,건조,맑음,단일로 - 기타,승용,남,27세,상해없음,승용,남,57세,상해없음
2023091000100123,2023년 9월 10일 10시,일요일,광주광역시 북구 삼각동,경상사고,0,0,1,0,차대차 - 측면충돌,안전거리미확보,건조,맑음,교차로 - 교차로부근,승용,여,52세,상해없음,승용,남,21세,경상
2023091000100124,2023년 9월 10일 10시,일요일,광주광역시 광산구 월곡동,부상신고사고,0,0,0,1,차대차 - 추돌,안전운전불이행,건조,맑음,교차로 - 교차로안,승용,남,63세,상해없음,이륜,남,46세,부상신고
2023091000100226,2023년 9월 10일 13시,일요일,광주광역시 북구 양산동,중상사고,0,1,0,0,차대차 - 기타,신호위반,건조,맑음,교차로 - 교차로안,승용,남,72세,상해없음,특수,남,36세,상해없음
2023091000100255,2023년 9월 10일 14시,일요일,광주광역시 북구 신용동,중상사고,0,1,0,2,차대차 - 추돌,교차로운행방법위반,건조,맑음,교차로 - 교차로안,승용,남,32세,부상신고,이륜,남,31세,중상
2023091000100285,2023년 9월 10일 15시,일요일,광주광역시 서구 쌍촌동,경상사고,0,0,1,0,차대차 - 측면충돌,신호위반,건조,맑음,교차로 - 교차로안,승합,여,64세,상해없음,승용,여,56세,경상
2023091000100286,2023년 9월 10일 15시,일요일,광주광역시 서구 쌍촌동,경상사고,0,0,1,0,차대차 - 기타,안전운전불이행,건조,맑음,단일로 - 기타,승용,남,66세,상해없음,승용,남,51세,경상
2023091000100317,2023년 9월 10일 16시,일요일,광주광역시 동구 학동,경상사고,0,0,2,1,차량단독 - 기타,안전운전불이행,건조,맑음,교차로 - 교차로안,승합,남,58세,상해없음,,,,
2023091000100318,2023년 9월 10일 16시,일요일,광주광역시 북구 일곡동,경상사고,0,0,1,0,차대차 - 측면충돌,교차로운행방법위반,건조,맑음,교차로 - 교차로안,승용,남,43세,상해없음,승용,남,34세,경상
2023091000100355,2023년 9월 10일 17시,일요일,광주광역시 서구 유촌동,경상사고,0,0,1,0,차대차 - 기타,안전운전불이행,건조,맑음,교차로 - 교차로부근,승용,남,44세,상해없음,승용,남,46세,경상
2023091000100356,2023년 9월 10일 17시,일요일,광주광역시 서구 광천동,경상사고,0,0,1,0,차대차 - 기타,안전거리미확보,건조,맑음,단일로 - 기타,승용,남,38세,상해없음,승용,남,72세,경상
2023091000100410,2023년 9월 10일 19시,일요일,광주광역시 북구 신안동,경상사고,0,0,2,0,차대차 - 기타,안전운전불이행,건조,맑음,교차로 - 교차로횡단보도내,승합,남,54세,상해없음,승용,여,60세,경상
2023091100100092,2023년 9월 11일 07시,월요일,광주광역시 남구 월산동,경상사고,0,0,1,0,차대사람 - 기타,안전운전불이행,건조,맑음,단일로 - 기타,승용,남,53세,상해없음,보행자,남,68세,경상
2023091100100093,2023년 9월 11일 07시,월요일,광주광역시 광산구 도천동,중상사고,0,1,0,0,차대사람 - 보도통행중,신호위반,건조,맑음,단일로 - 기타,승용,여,56세,상해없음,보행자,여,18세,중상
2023091100100094,2023년 9월 11일 07시,월요일,광주광역시 광산구 송촌동,경상사고,0,0,2,0,차대차 - 측면충돌,안전운전불이행,건조,맑음,단일로 - 기타,화물,남,73세,상해없음,승용,여,58세,경상
2023091100100141,2023년 9월 11일 08시,월요일,광주광역시 서구 유촌동,경상사고,0,0,1,0,차대차 - 추돌,안전운전불이행,건조,맑음,단일로 - 기타,승용,남,72세,상해없음,승용,여,36세,경상
2023091100100189,2023년 9월 11일 09시,월요일,광주광역시 서구 벽진동,경상사고,0,0,4,0,차대차 - 기타,안전운전불이행,건조,맑음,단일로 - 기타,화물,남,28세,상해없음,승용,남,45세,경상
2023091100100226,2023년 9월 11일 10시,월요일,광주광역시 광산구 연산동,경상사고,0,0,1,0,차대차 - 기타,기타,건조,맑음,단일로 - 기타,승용,여,40세,상해없음,승용,남,53세,경상
2023091100100309,2023년 9월 11일 12시,월요일,광주광역시 남구 송하동,경상사고,0,0,1,0,차대차 - 추돌,안전운전불이행,건조,맑음,기타 - 기타,승용,여,26세,상해없음,승용,여,58세,경상
2023091100100347,2023년 9월 11일 13시,월요일,광주광역시 서구 치평동,경상사고,0,0,2,0,차대차 - 추돌,안전운전불이행,건조,맑음,교차로 - 교차로부근,승용,여,51세,상해없음,승용,남,26세,경상
2023091100100444,2023년 9월 11일 16시,월요일,광주광역시 광산구 신촌동,중상사고,0,1,1,1,차대차 - 추돌,안전운전불이행,건조,맑음,단일로 - 교량,화물,남,64세,상해없음,승용,여,62세,중상
2023091100100487,2023년 9월 11일 17시,월요일,광주광역시 북구 풍향동,중상사고,0,1,0,0,차대차 - 기타,안전운전불이행,건조,맑음,교차로 - 교차로부근,승용,여,53세,상해없음,이륜,남,32세,중상
2023091100100585,2023년 9월 11일 20시,월요일,광주광역시 북구 임동,경상사고,0,0,1,0,차대차 - 측면충돌,안전운전불이행,젖음/습기,비,단일로 - 교량,화물,남,68세,상해없음,승용,남,34세,경상
2023091100100598,2023년 9월 11일 21시,월요일,광주광역시 동구 불로동,경상사고,0,0,1,0,차대차 - 측면충돌,중앙선침범,건조,맑음,단일로 - 기타,승용,남,19세,상해없음,승용,남,69세,경상
2023091200100040,2023년 9월 12일 05시,화요일,광주광역시 광산구 유계동,중상사고,0,1,0,0,차대차 - 측면충돌,신호위반,건조,맑음,교차로 - 교차로안,승합,남,44세,상해없음,승용,남,62세,중상
2023091200100128,2023년 9월 12일 08시,화요일,광주광역시 서구 농성동,경상사고,0,0,1,1,차대차 - 기타,교차로운행방법위반,건조,맑음,교차로 - 교차로부근,승용,남,74세,부상신고,승용,남,61세,경상