사고번호,사고일시,요일,시군구,사고내용,사망자수,중상자수,경상자수,부상신고자수,사고유형,법규위반,노면상태,기상상태,도로형태,가해운전자 차종,가해운전자 성별,가해운전자 연령,가해운전자 상해정도,피해운전자 차종,피해운전자 성별,피해운전자 연령,피해운전자 상해정도
2023091700100038,2023년 9월 17일 03시,일요일,광주광역시 서구 유촌동,경상사고,0,0,1,0,차대차 - 추돌,안전운전불이행,젖음/습기,맑음,단일로 - 기타,승용,남,29세,상해없음,승용,여,54세,상해없음
2023091700100054,2023년 9월 17일 05시,일요일,광주광역시 광산구 산월동,경상사고,0,0,1,0,차대차 - 측면충돌,안전거리미확보,건조,흐림,단일로 - 기타,승용,여,24세,상해없음,개인형이동수단(PM),남,37세,경상
2023091700100104,2023년 9월 17일 09시,일요일,광주광역시 광산구 복룡동,경상사고,0,0,1,0,차대차 - 측면충돌,안전운전불이행,건조,맑음,단일로 - 기타,승용,남,63세,상해없음,화물,남,67세,경상
2023091700100153,2023년 9월 17일 11시,일요일,광주광역시 동구 금동,중상사고,0,1,0,0,차대차 - 기타,안전운전불이행,건조,맑음,기타 - 기타,승용,여,33세,상해없음,이륜,남,45세,중상
2023091700100176,2023년 9월 17일 12시,일요일,광주광역시 서구 광천동,경상사고,0,0,4,0,차대차 - 측면충돌,신호위반,건조,맑음,교차로 - 교차로부근,승용,남,63세,상해없음,승용,남,42세,경상
2023091700100213,2023년 9월 17일 13시,일요일,광주광역시 북구 신용동,경상사고,0,0,3,0,차대차 - 기타,교차로운행방법위반,건조,맑음,교차로 - 교차로안,이륜,남,32세,경상,승용,남,47세,경상
2023091700100248,2023년 9월 17일 14시,일요일,광주광역시 광산구 월계동,경상사고,0,0,1,0,차대차 - 측면충돌,안전거리미확보,건조,맑음,단일로 - 기타,승용,여,26세,상해없음,승용,남,50세,경상
2023091700100286,2023년 9월 17일 15시,일요일,광주광역시 남구 주월동,경상사고,0,0,1,0,차대차 - 측면충돌,안전운전불이행,건조,맑음,단일로 - 기타,승용,여,62세,기타불명,승용,남,33세,경상
2023091700100316,2023년 9월 17일 16시,일요일,광주광역시 서구 농성동,경상사고,0,0,1,0,차대차 - 측면충돌,안전거리미확보,건조,맑음,단일로 - 기타,자전거,여,70세,경상,승용,남,73세,상해없음
2023091700100339,2023년 9월 17일 17시,일요일,광주광역시 서구 치평동,경상사고,0,0,5,0,차대차 - 기타,신호위반,건조,맑음,교차로 - 교차로안,승용,남,39세,상해없음,승용,남,41세,경상
2023091700100371,2023년 9월 17일 18시,일요일,광주광역시 동구 금남로5가,경상사고,0,0,2,0,차대차 - 기타,안전운전불이행,건조,맑음,교차로 - 교차로안,승용,남,79세,상해없음,승용,남,31세,경상
2023091700100429,2023년 9월 17일 20시,일요일,광주광역시 서구 쌍촌동,경상사고,0,0,2,0,차대차 - 기타,직진우회전진행방해,건조,맑음,교차로 - 교차로부근,사륜오토바이(ATV),남,34세,기타불명,승용,남,25세,경상
2023091700100430,2023년 9월 17일 20시,일요일,광주광역시 서구 풍암동,경상사고,0,0,3,0,차대차 - 추돌,불법유턴,건조,맑음,단일로 - 기타,승용,여,43세,상해없음,승용,여,33세,경상
2023091700100431,2023년 9월 17일 20시,일요일,광주광역시 광산구 도산동,경상사고,0,0,1,0,차대차 - 기타,안전운전불이행,젖음/습기,흐림,단일로 - 기타,승용,여,15세,상해없음,승용,남,41세,경상
2023091700100459,2023년 9월 17일 21시,일요일,광주광역시 동구 계림동,중상사고,0,1,1,0,차대차 - 기타,안전운전불이행,건조,맑음,기타 - 기타,승용,여,43세,상해없음,이륜,남,31세,경상
2023091800100011,2023년 9월 18일 02시,월요일,광주광역시 서구 풍암동,경상사고,0,0,1,0,차대차 - 기타,신호위반,건조,맑음,교차로 - 교차로안,승용,남,62세,상해없음,이륜,남,35세,경상
2023091800100041,2023년 9월 18일 06시,월요일,광주광역시 남구 주월동,중상사고,0,1,1,0,차대차 - 측면충돌,신호위반,건조,맑음,교차로 - 교차로부근,승용,여,62세,경상,승용,여,61세,중상
2023091800100042,2023년 9월 18일 06시,월요일,광주광역시 북구 운암동,경상사고,0,0,2,0,차대차 - 기타,신호위반,건조,맑음,교차로 - 교차로안,승용,여,64세,상해없음,승용,남,74세,경상
2023091800100068,2023년 9월 18일 07시,월요일,광주광역시 남구 송하동,경상사고,0,0,1,0,차대차 - 기타,안전거리미확보,건조,맑음,단일로 - 기타,승용,남,68세,상해없음,승용,남,64세,경상
2023091800100184,2023년 9월 18일 10시,월요일,광주광역시 북구 문흥동,경상사고,0,0,1,0,차대차 - 추돌,안전운전불이행,건조,맑음,기타 - 기타,화물,남,45세,상해없음,화물,남,63세,경상
2023091800100191,2023년 9월 18일 10시,월요일,광주광역시 광산구 도산동,중상사고,0,1,1,0,차대사람 - 기타,안전운전불이행,건조,맑음,기타 - 기타,승용,남,72세,경상,보행자,여,88세,중상
2023091800100228,2023년 9월 18일 11시,월요일,광주광역시 서구 쌍촌동,경상사고,0,0,1,0,차대차 - 측면충돌,교차로운행방법위반,건조,맑음,교차로 - 교차로안,이륜,남,49세,상해없음,이륜,남,37세,경상
2023091800100260,2023년 9월 18일 12시,월요일,광주광역시 서구 금호동,경상사고,0,0,1,0,차대차 - 추돌,안전운전불이행,건조,맑음,교차로 - 교차로안,화물,남,43세,상해없음,승용,남,76세,경상
2023091800100261,2023년 9월 18일 12시,월요일,광주광역시 광산구 월계동,경상사고,0,0,2,0,차대차 - 기타,안전거리미확보,건조,맑음,단일로 - 기타,승용,남,67세,상해없음,승용,여,29세,경상
2023091800100327,2023년 9월 18일 14시,월요일,광주광역시 동구 지산동,경상사고,0,0,6,0,차대차 - 측면충돌,안전운전불이행,건조,맑음,단일로 - 터널,화물,남,30세,경상,화물,남,25세,경상
2023091800100373,2023년 9월 18일 15시,월요일,광주광역시 북구 오치동,경상사고,0,0,1,0,차대차 - 측면충돌,신호위반,건조,맑음,교차로 - 교차로안,승용,남,76세,상해없음,승용,남,58세,경상
2023091800100374,2023년 9월 18일 15시,월요일,광주광역시 북구 운암동,경상사고,0,0,1,0,차대사람 - 기타,안전운전불이행,건조,맑음,단일로 - 기타,승합,남,72세,기타불명,보행자,여,61세,경상
2023091800100416,2023년 9월 18일 16시,월요일,광주광역시 북구 용봉동,경상사고,0,0,1,0,차대차 - 측면충돌,안전운전불이행,건조,맑음,교차로 - 교차로안,승용,남,55세,상해없음,승용,남,62세,경상
2023091800100475,2023년 9월 18일 17시,월요일,광주광역시 동구 동명동,경상사고,0,0,1,0,차대사람 - 기타,안전운전불이행,건조,맑음,단일로 - 기타,승용,여,26세,상해없음,보행자,여,18세,경상
2023091800100530,2023년 9월 18일 18시,월요일,광주광역시 서구 쌍촌동,경상사고,0,0,1,0,차대차 - 측면충돌,안전운전불이행,건조,맑음,교차로 - 교차로부근,승용,남,79세,상해없음,승용,여,37세,경상
2023091800100531,2023년 9월 18일 18시,월요일,광주광역시 북구 문흥동,경상사고,0,0,1,0,차대사람 - 기타,안전운전불이행,건조,맑음,단일로 - 기타,승용,남,60세,상해없음,보행자,남,69세,경상
2023091800100532,2023년 9월 18일 18시,월요일,광주광역시 광산구 하남동,중상사고,0,1,0,0,차대사람 - 기타,교차로운행방법위반,건조,맑음,교차로 - 교차로안,승용,남,38세,상해없음,보행자,남,66세,중상
2023091800100578,2023년 9월 18일 19시,월요일,광주광역시 북구 일곡동,경상사고,0,0,1,0,차대차 - 추돌,안전운전불이행,건조,흐림,교차로 - 교차로부근,승용,남,59세,상해없음,승용,남,42세,경상
2023091800100654,2023년 9월 18일 23시,월요일,광주광역시 서구 치평동,경상사고,0,0,1,0,차대차 - 추돌,안전운전불이행,건조,맑음,단일로 - 기타,이륜,남,28세,상해없음,이륜,남,27세,경상
2023091900100083,2023년 9월 19일 07시,화요일,광주광역시 광산구 삼거동,경상사고,0,0,1,0,차대차 - 측면충돌,신호위반,건조,맑음,교차로 - 교차로안,승용,남,42세,상해없음,승용,여,27세,경상
2023091900100116,2023년 9월 19일 08시,화요일,광주광역시 서구 마륵동,경상사고,0,0,2,0,차대차 - 추돌,안전운전불이행,건조,맑음,교차로 - 교차로부근,승용,남,39세,경상,화물,남,57세,경상
2023091900100155,2023년 9월 19일 09시,화요일,광주광역시 북구 일곡동,중상사고,0,1,0,0,차대사람 - 횡단중,신호위반,건조,맑음,교차로 - 교차로횡단보도내,화물,남,74세,상해없음,보행자,여,70세,중상
2023091900100156,2023년 9월 19일 09시,화요일,광주광역시 북구 신안동,경상사고,0,0,1,0,차대차 - 추돌,안전운전불이행,건조,맑음,단일로 - 기타,승용,남,30세,상해없음,승용,남,27세,경상
2023091900100157,2023년 9월 19일 09시,화요일,광주광역시 광산구 운수동,경상사고,0,0,1,0,차대차 - 측면충돌,안전운전불이행,건조,맑음,단일로 - 기타,승용,남,49세,상해없음,승용,여,55세,경상
2023091900100185,2023년 9월 19일 10시,화요일,광주광역시 남구 봉선동,경상사고,0,0,1,0,차대차 - 측면충돌,기타,건조,맑음,단일로 - 기타,승용,남,59세,상해없음,승용,남,45세,경상
2023091900100222,2023년 9월 19일 11시,화요일,광주광역시 북구 삼각동,경상사고,0,0,2,0,차대차 - 기타,안전운전불이행,건조,맑음,교차로 - 교차로안,승용,여,64세,경상,승용,남,64세,경상
2023091900100260,2023년 9월 19일 12시,화요일,광주광역시 서구 쌍촌동,경상사고,0,0,1,0,차대사람 - 기타,안전운전불이행,건조,맑음,단일로 - 기타,화물,남,46세,상해없음,보행자,여,42세,경상
2023091900100261,2023년 9월 19일 12시,화요일,광주광역시 남구 주월동,경상사고,0,0,1,0,차대차 - 측면충돌,중앙선침범,건조,맑음,단일로 - 기타,건설기계,남,57세,상해없음,승용,남,21세,경상
2023091900100287,2023년 9월 19일 13시,화요일,광주광역시 북구 용두동,경상사고,0,0,1,0,차대차 - 측면충돌,안전운전불이행,건조,맑음,단일로 - 기타,승용,남,81세,기타불명,승용,남,41세,경상
2023091900100288,2023년 9월 19일 13시,화요일,광주광역시 광산구 도천동,경상사고,0,0,1,0,차대차 - 측면충돌,안전운전불이행,건조,맑음,단일로 - 기타,화물,남,44세,상해없음,승용,여,64세,경상
2023091900100386,2023년 9월 19일 16시,화요일,광주광역시 서구 쌍촌동,경상사고,0,0,1,1,차대차 - 기타,안전운전불이행,건조,맑음,단일로 - 기타,승용,여,52세,부상신고,승용,여,62세,경상
2023091900100427,2023년 9월 19일 17시,화요일,광주광역시 서구 유촌동,경상사고,0,0,1,0,차대차 - 기타,중앙선침범,건조,맑음,교차로 - 교차로부근,승용,남,60세,상해없음,화물,남,41세,경상
2023091900100428,2023년 9월 19일 17시,화요일,광주광역시 북구 용봉동,중상사고,0,1,0,0,차대차 - 측면충돌,안전운전불이행,건조,맑음,교차로 - 교차로부근,승용,여,62세,상해없음,이륜,남,68세,중상
2023091900100429,2023년 9월 19일 17시,화요일,광주광역시 북구 중흥동,경상사고,0,0,1,0,차대차 - 기타,기타,건조,맑음,단일로 - 기타,승용,남,20세,경상,승용,남,23세,상해없음
2023091900100430,2023년 9월 19일 17시,화요일,광주광역시 광산구 쌍암동,경상사고,0,0,1,0,차대차 - 기타,교차로운행방법위반,건조,맑음,교차로 - 교차로안,이륜,남,40세,경상,승용,남,67세,상해없음
2023091900100508,2023년 9월 19일 19시,화요일,광주광역시 북구 임동,경상사고,0,0,1,0,차대차 - 추돌,안전운전불이행,건조,맑음,교차로 - 교차로부근,승용,남,60세,상해없음,승용,남,60세,상해없음
2023091900100509,2023년 9월 19일 19시,화요일,광주광역시 북구 임동,경상사고,0,0,2,0,차대차 - 정면충돌,신호위반,건조,맑음,교차로 - 교차로안,승용,여,46세,상해없음,승용,남,63세,경상
2023091900100510,2023년 9월 19일 19시,화요일,광주광역시 광산구 월전동,경상사고,0,0,1,0,차대차 - 기타,차로위반,건조,맑음,기타 - 기타,화물,남,62세,상해없음,승용,여,37세,경상
2023091900100556,2023년 9월 19일 21시,화요일,광주광역시 남구 월산동,경상사고,0,0,1,0,차대차 - 측면충돌,안전거리미확보,건조,기타,단일로 - 기타,승용,여,54세,경상,기타불명,기타불명,미분류,기타불명
2023091900100557,2023년 9월 19일 21시,화요일,광주광역시 북구 두암동,부상신고사고,0,0,0,1,차대사람 - 기타,안전운전불이행,건조,맑음,단일로 - 기타,기타불명,기타불명,미분류,기타불명,보행자,남,27세,부상신고
2023091900100569,2023년 9월 19일 22시,화요일,광주광역시 서구 풍암동,경상사고,0,0,1,3,차대차 - 기타,신호위반,건조,맑음,교차로 - 교차로안,승용,여,32세,경상,승용,남,48세,부상신고
2023092000100006,2023년 9월 20일 00시,수요일,광주광역시 서구 치평동,중상사고,0,2,0,0,차대사람 - 차도통행중,안전운전불이행,건조,맑음,단일로 - 기타,승용,남,25세,상해없음,보행자,남,19세,중상
2023092000100017,2023년 9월 20일 01시,수요일,광주광역시 남구 주월동,경상사고,0,0,1,0,차대차 - 측면충돌,안전운전불이행,건조,맑음,교차로 - 교차로안,승용,여,37세,상해없음,승용,남,53세,경상
2023092000100137,2023년 9월 20일 08시,수요일,광주광역시 서구 농성동,경상사고,0,0,1,0,차대사람 - 횡단중,안전운전불이행,건조,맑음,교차로 - 교차로부근,승용,남,51세,상해없음,보행자,여,26세,경상
2023092000100138,2023년 9월 20일 08시,수요일,광주광역시 광산구 쌍암동,경상사고,0,0,1,0,차대차 - 기타,안전운전불이행,건조,맑음,기타 - 기타,승용,남,31세,상해없음,승용,남,30세,경상
2023092000100201,2023년 9월 20일 10시,수요일,광주광역시 동구 산수동,경상사고,0,0,1,0,차대차 - 기타,안전운전불이행,건조,맑음,단일로 - 기타,승용,남,70세,상해없음,승용,여,44세,경상
2023092000100274,2023년 9월 20일 12시,수요일,광주광역시 광산구 비아동,경상사고,0,0,2,0,차대차 - 측면충돌,기타,젖음/습기,비,교차로 - 교차로안,화물,남,49세,상해없음,승용,남,47세,경상
2023092000100308,2023년 9월 20일 13시,수요일,광주광역시 북구 신안동,경상사고,0,0,3,0,차대차 - 측면충돌,안전거리미확보,건조,맑음,단일로 - 기타,승용,여,62세,상해없음,화물,남,60세,경상
2023092000100347,2023년 9월 20일 14시,수요일,광주광역시 동구 지산동,경상사고,0,0,2,0,차대차 - 추돌,안전거리미확보,건조,맑음,기타 - 기타,승용,남,34세,상해없음,승용,남,73세,경상
2023092000100348,2023년 9월 20일 14시,수요일,광주광역시 북구 용봉동,경상사고,0,0,1,0,차대차 - 정면충돌,안전운전불이행,젖음/습기,비,교차로 - 교차로안,승용,여,66세,상해없음,이륜,남,31세,경상
2023092000100349,2023년 9월 20일 14시,수요일,광주광역시 북구 신용동,경상사고,0,0,1,0,차대사람 - 횡단중,안전운전불이행,젖음/습기,비,기타 - 기타,이륜,남,22세,기타불명,보행자,여,9세,경상
2023092000100351,2023년 9월 20일 14시,수요일,광주광역시 광산구 월계동,중상사고,0,1,0,0,차량단독 - 공작물충돌,안전운전불이행,젖음/습기,비,단일로 - 기타,화물,남,45세,상해없음,,,,
2023092000100387,2023년 9월 20일 15시,수요일,광주광역시 북구 풍향동,경상사고,0,0,1,0,차대차 - 추돌,안전운전불이행,젖음/습기,비,단일로 - 기타,승용,여,33세,기타불명,승용,남,44세,경상
2023092000100388,2023년 9월 20일 15시,수요일,광주광역시 광산구 지평동,경상사고,0,0,1,0,차대차 - 측면충돌,안전거리미확보,젖음/습기,비,단일로 - 기타,승용,남,70세,상해없음,화물,남,42세,경상
2023092000100438,2023년 9월 20일 16시,수요일,광주광역시 서구 풍암동,경상사고,0,0,1,0,차대차 - 추돌,안전운전불이행,건조,맑음,단일로 - 기타,화물,남,68세,기타불명,승용,남,51세,경상
2023092000100439,2023년 9월 20일 16시,수요일,광주광역시 북구 연제동,경상사고,0,0,2,0,차대차 - 추돌,안전운전불이행,젖음/습기,맑음,교차로 - 교차로부근,승합,남,54세,상해없음,승용,남,65세,경상
2023092000100440,2023년 9월 20일 16시,수요일,광주광역시 북구 임동,경상사고,0,0,1,0,차대차 - 측면충돌,교차로운행방법위반,건조,맑음,교차로 - 교차로안,승용,여,31세,상해없음,승용,남,62세,경상
2023092000100441,2023년 9월 20일 16시,수요일,광주광역시 광산구 도천동,경상사고,0,0,1,0,차대차 - 기타,안전운전불이행,젖음/습기,비,단일로 - 기타,승용,남,28세,기타불명,승용,남,29세,경상
2023092000100564,2023년 9월 20일 18시,수요일,광주광역시 북구 두암동,경상사고,0,0,1,0,차대차 - 측면충돌,차로위반,젖음/습기,흐림,단일로 - 기타,승용,남,68세,상해없음,승용,남,33세,경상
2023092000100625,2023년 9월 20일 19시,수요일,광주광역시 서구 내방동,중상사고,0,1,0,0,차대사람 - 차도통행중,안전운전불이행,젖음/습기,흐림,단일로 - 기타,승용,여,30세,상해없음,보행자,여,71세,중상
2023092000100626,2023년 9월 20일 19시,수요일,광주광역시 서구 치평동,경상사고,0,0,1,0,차대사람 - 기타,안전운전불이행,젖음/습기,비,단일로 - 기타,자전거,여,12세,상해없음,보행자,여,39세,경상
2023092000100722,2023년 9월 20일 22시,수요일,광주광역시 북구 중흥동,경상사고,0,0,1,0,차대차 - 기타,중앙선침범,건조,맑음,단일로 - 기타,승용,남,45세,상해없음,이륜,남,21세,경상
2023092000100744,2023년 9월 20일 23시,수요일,광주광역시 동구 불로동,경상사고,0,0,1,0,차대차 - 기타,안전거리미확보,건조,맑음,단일로 - 기타,승용,남,27세,상해없음,승용,남,57세,상해없음
2023092000100745,2023년 9월 20일 23시,수요일,광주광역시 광산구 월계동,경상사고,0,0,1,0,차대차 - 기타,직진우회전진행방해,건조,맑음,교차로 - 교차로안,승용,여,31세,기타불명,화물,남,55세,경상
2023092100100074,2023년 9월 21일 07시,목요일,광주광역시 서구 쌍촌동,부상신고사고,0,0,0,1,차대차 - 기타,불법유턴,건조,맑음,교차로 - 교차로부근,화물,남,59세,상해없음,이륜,남,42세,부상신고
2023092100100075,2023년 9월 21일 07시,목요일,광주광역시 광산구 오선동,경상사고,0,0,2,0,차대차 - 측면충돌,신호위반,건조,맑음,교차로 - 교차로안,승용,여,60세,상해없음,승용,여,46세,경상
2023092100100116,2023년 9월 21일 08시,목요일,광주광역시 동구 서석동,경상사고,0,0,1,0,차량단독 - 기타,안전운전불이행,건조,맑음,교차로 - 교차로부근,승용,남,65세,상해없음,,,,
2023092100100117,2023년 9월 21일 08시,목요일,광주광역시 서구 화정동,경상사고,0,0,2,0,차대차 - 기타,신호위반,건조,맑음,교차로 - 교차로부근,승용,남,61세,경상,승용,남,42세,경상
2023092100100207,2023년 9월 21일 10시,목요일,광주광역시 북구 중흥동,경상사고,0,0,1,0,차대차 - 기타,기타,건조,맑음,단일로 - 기타,승용,남,61세,상해없음,이륜,남,68세,경상
2023092100100208,2023년 9월 21일 10시,목요일,광주광역시 광산구 선암동,경상사고,0,0,1,0,차대차 - 기타,직진우회전진행방해,건조,맑음,교차로 - 교차로안,승용,남,19세,기타불명,이륜,남,37세,경상
2023092100100209,2023년 9월 21일 10시,목요일,광주광역시 광산구 선암동,경상사고,0,0,1,0,차대차 - 측면충돌,신호위반,건조,맑음,단일로 - 기타,화물,남,57세,상해없음,화물,남,38세,경상
2023092100100246,2023년 9월 21일 11시,목요일,광주광역시 북구 우산동,중상사고,0,1,0,0,차대차 - 추돌,안전거리미확보,건조,맑음,단일로 - 기타,승용,남,66세,기타불명,이륜,남,42세,중상
2023092100100269,2023년 9월 21일 12시,목요일,광주광역시 동구 계림동,중상사고,0,1,0,0,차대사람 - 횡단중,보행자보호의무위반,건조,맑음,교차로 - 교차로부근,승용,남,62세,상해없음,보행자,여,71세,중상
2023092100100270,2023년 9월 21일 12시,목요일,광주광역시 북구 일곡동,중상사고,0,1,0,0,차대차 - 기타,기타,건조,맑음,단일로 - 기타,승용,남,47세,상해없음,이륜,남,57세,중상
2023092100100271,2023년 9월 21일 12시,목요일,광주광역시 북구 오룡동,부상신고사고,0,0,0,4,차대차 - 추돌,직진우회전진행방해,건조,맑음,교차로 - 교차로안,승용,남,49세,기타불명,승용,남,66세,부상신고
2023092100100302,2023년 9월 21일 13시,목요일,광주광역시 북구 운암동,부상신고사고,0,0,0,1,차대차 - 추돌,안전운전불이행,건조,맑음,단일로 - 기타,승용,여,62세,부상신고,승용,기타불명,미분류,기타불명
2023092100100339,2023년 9월 21일 14시,목요일,광주광역시 남구 진월동,중상사고,0,1,0,0,차대차 - 측면충돌,중앙선침범,건조,맑음,교차로 - 교차로안,승용,남,61세,상해없음,이륜,남,55세,중상
2023092100100363,2023년 9월 21일 15시,목요일,광주광역시 북구 각화동,경상사고,0,0,1,0,차대차 - 추돌,안전운전불이행,건조,맑음,단일로 - 기타,승용,여,62세,상해없음,승용,여,59세,경상
2023092100100395,2023년 9월 21일 16시,목요일,광주광역시 북구 삼각동,경상사고,0,0,1,0,차대사람 - 횡단중,보행자보호의무위반,건조,맑음,단일로 - 기타,승용,남,28세,상해없음,보행자,남,10세,경상
2023092100100396,2023년 9월 21일 16시,목요일,광주광역시 북구 중흥동,경상사고,0,0,1,0,차대차 - 측면충돌,안전거리미확보,건조,맑음,단일로 - 기타,승용,남,83세,상해없음,승용,여,30세,경상
2023092100100478,2023년 9월 21일 18시,목요일,광주광역시 남구 봉선동,경상사고,0,0,1,0,차대차 - 추돌,안전운전불이행,건조,맑음,교차로 - 교차로부근,승용,남,67세,상해없음,승용,남,43세,경상
2023092100100479,2023년 9월 21일 18시,목요일,광주광역시 북구 용봉동,중상사고,0,1,0,0,차대차 - 기타,안전운전불이행,건조,맑음,단일로 - 기타,개인형이동수단(PM),남,14세,중상,승용,남,64세,상해없음
2023092100100521,2023년 9월 21일 19시,목요일,광주광역시 서구 마륵동,경상사고,0,0,1,0,차대차 - 추돌,안전운전불이행,건조,맑음,교차로 - 교차로부근,승용,남,44세,기타불명,승용,남,59세,경상
2023092100100522,2023년 9월 21일 19시,목요일,광주광역시 서구 치평동,경상사고,0,0,2,0,차대차 - 측면충돌,교차로운행방법위반,건조,맑음,교차로 - 교차로안,승용,남,28세,상해없음,화물,남,71세,경상
2023092100100560,2023년 9월 21일 20시,목요일,광주광역시 남구 봉선동,경상사고,0,0,1,0,차대차 - 추돌,안전운전불이행,건조,맑음,단일로 - 기타,승용,남,63세,상해없음,승용,남,51세,경상
2023092100100561,2023년 9월 21일 20시,목요일,광주광역시 광산구 장덕동,경상사고,0,0,1,0,차대차 - 기타,차로위반,건조,맑음,단일로 - 기타,승용,남,56세,상해없음,이륜,남,37세,경상
2023092200100020,2023년 9월 22일 01시,금요일,광주광역시 서구 치평동,경상사고,0,0,3,0,차대차 - 기타,신호위반,건조,맑음,교차로 - 교차로안,승용,남,58세,상해없음,승용,남,53세,경상
2023092200100064,2023년 9월 22일 06시,금요일,광주광역시 광산구 소촌동,경상사고,0,0,2,0,차대차 - 추돌,안전운전불이행,건조,맑음,단일로 - 기타,승용,남,23세,상해없음,승용,남,54세,경상
2023092200100191,2023년 9월 22일 09시,금요일,광주광역시 서구 광천동,경상사고,0,0,1,0,차대차 - 추돌,안전운전불이행,건조,맑음,단일로 - 기타,승용,남,73세,상해없음,승용,남,43세,경상
2023092200100228,2023년 9월 22일 10시,금요일,광주광역시 북구 중흥동,경상사고,0,0,1,0,차대차 - 후진중충돌,안전운전불이행,건조,맑음,기타 - 기타,화물,남,58세,상해없음,이륜,남,44세,경상
2023092200100229,2023년 9월 22일 10시,금요일,광주광역시 북구 두암동,경상사고,0,0,2,0,차대차 - 기타,안전운전불이행,건조,맑음,교차로 - 교차로부근,승용,남,62세,상해없음,승용,여,32세,경상
2023092200100230,2023년 9월 22일 10시,금요일,광주광역시 북구 두암동,중상사고,0,1,0,0,차량단독 - 기타,안전운전불이행,건조,맑음,단일로 - 기타,승합,남,52세,상해없음,,,,
2023092200100299,2023년 9월 22일 12시,금요일,광주광역시 북구 중흥동,경상사고,0,0,1,0,차대차 - 측면충돌,안전운전불이행,건조,맑음,교차로 - 교차로안,승용,여,34세,상해없음,이륜,남,52세,경상
2023092200100300,2023년 9월 22일 12시,금요일,광주광역시 광산구 송정동,경상사고,0,0,1,0,차대차 - 기타,직진우회전진행방해,건조,맑음,교차로 - 교차로안,이륜,남,77세,경상,승용,여,33세,상해없음
2023092200100301,2023년 9월 22일 12시,금요일,광주광역시 광산구 우산동,중상사고,0,1,0,0,차대사람 - 기타,안전운전불이행,건조,맑음,교차로 - 교차로안,이륜,남,37세,상해없음,보행자,여,55세,중상
2023092200100337,2023년 9월 22일 13시,금요일,광주광역시 동구 계림동,경상사고,0,0,1,0,차대차 - 측면충돌,신호위반,건조,맑음,교차로 - 교차로안,승용,남,65세,상해없음,승용,여,55세,경상
2023092200100338,2023년 9월 22일 13시,금요일,광주광역시 서구 벽진동,부상신고사고,0,0,0,1,차대차 - 측면충돌,안전운전불이행,건조,맑음,단일로 - 기타,승용,남,58세,상해없음,화물,남,48세,부상신고
2023092200100339,2023년 9월 22일 13시,금요일,광주광역시 북구 오룡동,경상사고,0,0,1,0,차대차 - 추돌,안전운전불이행,건조,맑음,단일로 - 기타,화물,남,65세,상해없음,승합,남,62세,경상
2023092200100371,2023년 9월 22일 14시,금요일,광주광역시 남구 진월동,경상사고,0,0,1,0,차대차 - 측면충돌,안전운전불이행,건조,맑음,교차로 - 교차로부근,화물,남,51세,상해없음,승용,여,57세,경상
2023092200100372,2023년 9월 22일 14시,금요일,광주광역시 북구 우산동,경상사고,0,0,1,0,차대차 - 기타,안전거리미확보,건조,맑음,단일로 - 기타,화물,남,61세,상해없음,이륜,남,24세,경상
2023092200100421,2023년 9월 22일 15시,금요일,광주광역시 동구 남동,중상사고,0,1,0,0,차대사람 - 횡단중,안전운전불이행,건조,맑음,단일로 - 기타,승용,남,22세,상해없음,보행자,남,79세,중상
2023092200100422,2023년 9월 22일 15시,금요일,광주광역시 서구 쌍촌동,경상사고,0,0,1,0,차대차 - 기타,안전거리미확보,건조,맑음,단일로 - 기타,승용,남,72세,상해없음,승용,남,46세,경상
2023092200100423,2023년 9월 22일 15시,금요일,광주광역시 서구 화정동,경상사고,0,0,1,0,차대차 - 기타,안전거리미확보,건조,맑음,단일로 - 기타,승용,여,50세,상해없음,승용,남,57세,경상
2023092200100425,2023년 9월 22일 15시,금요일,광주광역시 광산구 선동,경상사고,0,0,1,0,차대차 - 추돌,차로위반,건조,맑음,단일로 - 기타,승용,남,53세,경상,화물,남,45세,상해없음
2023092200100479,2023년 9월 22일 16시,금요일,광주광역시 서구 쌍촌동,경상사고,0,0,1,0,차대사람 - 차도통행중,안전운전불이행,건조,맑음,단일로 - 기타,승용,남,24세,상해없음,보행자,여,41세,경상
2023092200100547,2023년 9월 22일 17시,금요일,광주광역시 서구 치평동,중상사고,0,1,1,0,차대차 - 측면충돌,신호위반,건조,맑음,교차로 - 교차로안,승용,남,84세,상해없음,승용,남,64세,경상
2023092200100548,2023년 9월 22일 17시,금요일,광주광역시 남구 주월동,경상사고,0,0,1,0,차대차 - 측면충돌,안전거리미확보,건조,맑음,단일로 - 기타,승용,여,58세,상해없음,승용,남,30세,경상
2023092200100549,2023년 9월 22일 17시,금요일,광주광역시 광산구 우산동,경상사고,0,0,1,0,차대차 - 기타,안전운전불이행,건조,맑음,단일로 - 기타,승용,남,39세,상해없음,이륜,남,33세,경상
2023092200100608,2023년 9월 22일 18시,금요일,광주광역시 북구 문흥동,경상사고,0,0,1,0,차대사람 - 기타,기타,건조,맑음,단일로 - 기타,개인형이동수단(PM),남,30세,상해없음,보행자,여,52세,경상
2023092200100609,2023년 9월 22일 18시,금요일,광주광역시 북구 연제동,경상사고,0,0,8,0,차대차 - 추돌,안전거리미확보,건조,맑음,단일로 - 기타,승합,남,38세,경상,승용,여,32세,경상