사고번호,사고일시,요일,시군구,사고내용,사망자수,중상자수,경상자수,부상신고자수,사고유형,법규위반,노면상태,기상상태,도로형태,가해운전자 차종,가해운전자 성별,가해운전자 연령,가해운전자 상해정도,피해운전자 차종,피해운전자 성별,피해운전자 연령,피해운전자 상해정도
2023092200100610,2023년 9월 22일 18시,금요일,광주광역시 광산구 월계동,중상사고,0,1,0,0,차대사람 - 횡단중,안전운전불이행,건조,맑음,교차로 - 교차로부근,승용,여,24세,상해없음,보행자,남,11세,중상
2023092200100673,2023년 9월 22일 19시,금요일,광주광역시 북구 중흥동,경상사고,0,0,2,0,차대차 - 기타,교차로운행방법위반,건조,맑음,교차로 - 교차로안,승용,여,25세,경상,이륜,남,47세,경상
2023092200100709,2023년 9월 22일 20시,금요일,광주광역시 서구 치평동,경상사고,0,0,1,0,차대차 - 기타,안전운전불이행,건조,맑음,기타 - 기타,승용,남,40세,상해없음,사륜오토바이(ATV),남,29세,경상
2023092200100710,2023년 9월 22일 20시,금요일,광주광역시 남구 양림동,경상사고,0,0,1,0,차대차 - 측면충돌,안전운전불이행,건조,맑음,주차장 - 주차장,승용,남,77세,상해없음,승용,남,48세,경상
2023092200100738,2023년 9월 22일 21시,금요일,광주광역시 북구 임동,중상사고,0,1,0,0,차대사람 - 기타,안전운전불이행,건조,맑음,단일로 - 기타,이륜,남,21세,상해없음,보행자,남,56세,중상
2023092200100757,2023년 9월 22일 22시,금요일,광주광역시 동구 대인동,경상사고,0,0,1,0,차대차 - 측면충돌,교차로운행방법위반,건조,맑음,교차로 - 교차로안,이륜,남,33세,상해없음,승용,남,72세,경상
2023092200100758,2023년 9월 22일 22시,금요일,광주광역시 서구 화정동,경상사고,0,0,1,0,차대차 - 추돌,안전운전불이행,건조,맑음,교차로 - 교차로부근,승용,여,47세,상해없음,이륜,남,62세,경상
2023092200100759,2023년 9월 22일 22시,금요일,광주광역시 광산구 신창동,경상사고,0,0,1,0,차대사람 - 횡단중,안전운전불이행,건조,맑음,교차로 - 교차로횡단보도내,승용,여,24세,상해없음,보행자,여,17세,경상
2023092300100071,2023년 9월 23일 05시,토요일,광주광역시 북구 누문동,경상사고,0,0,2,1,차대차 - 추돌,안전운전불이행,건조,맑음,단일로 - 기타,승용,남,25세,경상,화물,남,57세,경상
2023092300100083,2023년 9월 23일 06시,토요일,광주광역시 북구 중흥동,경상사고,0,0,1,0,차대차 - 기타,안전거리미확보,건조,맑음,기타 - 기타,화물,남,58세,상해없음,승용,남,61세,경상
2023092300100092,2023년 9월 23일 07시,토요일,광주광역시 북구 각화동,경상사고,0,0,3,0,차대차 - 기타,안전거리미확보,건조,맑음,단일로 - 기타,승용,여,75세,상해없음,승용,남,76세,경상
2023092300100112,2023년 9월 23일 08시,토요일,광주광역시 서구 내방동,경상사고,0,0,1,0,차대차 - 측면충돌,안전운전불이행,건조,맑음,교차로 - 교차로부근,승용,여,49세,상해없음,승용,남,65세,경상
2023092300100194,2023년 9월 23일 10시,토요일,광주광역시 서구 매월동,경상사고,0,0,2,0,차대차 - 기타,신호위반,건조,맑음,교차로 - 교차로부근,승용,여,71세,상해없음,승용,남,75세,경상
2023092300100195,2023년 9월 23일 10시,토요일,광주광역시 북구 중흥동,경상사고,0,0,4,0,차대차 - 측면충돌,교차로운행방법위반,건조,맑음,교차로 - 교차로안,승용,남,62세,경상,승용,남,48세,경상
2023092300100234,2023년 9월 23일 11시,토요일,광주광역시 북구 오치동,경상사고,0,0,2,0,차대차 - 측면충돌,교차로운행방법위반,건조,맑음,교차로 - 교차로안,승용,여,31세,경상,이륜,남,53세,경상
2023092300100235,2023년 9월 23일 11시,토요일,광주광역시 광산구 수완동,경상사고,0,0,1,0,차대차 - 측면충돌,안전운전불이행,건조,맑음,단일로 - 기타,승용,남,57세,기타불명,승용,남,38세,경상
2023092300100236,2023년 9월 23일 11시,토요일,광주광역시 광산구 신가동,경상사고,0,0,1,0,차대차 - 추돌,안전운전불이행,건조,맑음,단일로 - 기타,승용,남,33세,상해없음,승용,남,45세,경상
2023092300100313,2023년 9월 23일 13시,토요일,광주광역시 광산구 장덕동,중상사고,0,2,1,0,차대차 - 측면충돌,직진우회전진행방해,건조,맑음,교차로 - 교차로안,화물,남,39세,경상,승용,남,69세,중상
2023092300100387,2023년 9월 23일 15시,토요일,광주광역시 서구 유촌동,경상사고,0,0,4,0,차대차 - 측면충돌,안전운전불이행,건조,맑음,단일로 - 기타,승용,여,46세,상해없음,승용,남,38세,경상
2023092300100388,2023년 9월 23일 15시,토요일,광주광역시 남구 봉선동,경상사고,0,0,2,0,차대차 - 측면충돌,안전운전불이행,건조,맑음,단일로 - 기타,승용,남,51세,상해없음,승용,여,36세,경상
2023092300100389,2023년 9월 23일 15시,토요일,광주광역시 광산구 도산동,경상사고,0,0,1,0,차대차 - 측면충돌,안전운전불이행,건조,맑음,단일로 - 기타,승용,남,61세,상해없음,이륜,남,48세,경상
2023092300100432,2023년 9월 23일 16시,토요일,광주광역시 서구 치평동,경상사고,0,0,1,0,차대차 - 기타,안전운전불이행,건조,맑음,단일로 - 기타,승용,남,55세,상해없음,이륜,남,28세,경상
2023092300100433,2023년 9월 23일 16시,토요일,광주광역시 북구 임동,경상사고,0,0,1,0,차대사람 - 기타,불법유턴,건조,맑음,기타 - 기타,승용,남,51세,상해없음,보행자,남,26세,경상
2023092300100479,2023년 9월 23일 17시,토요일,광주광역시 동구 산수동,중상사고,0,1,0,0,차대사람 - 횡단중,안전운전불이행,건조,맑음,교차로 - 교차로부근,승합,남,64세,상해없음,보행자,남,53세,중상
2023092300100546,2023년 9월 23일 19시,토요일,광주광역시 북구 신용동,경상사고,0,0,3,0,차대차 - 측면충돌,안전거리미확보,건조,맑음,단일로 - 기타,승용,남,56세,기타불명,승용,남,44세,경상
2023092300100635,2023년 9월 23일 22시,토요일,광주광역시 광산구 월계동,경상사고,0,0,2,0,차대차 - 측면충돌,안전운전불이행,건조,맑음,교차로 - 교차로부근,승용,여,63세,경상,승용,남,56세,경상
2023092400100021,2023년 9월 24일 01시,일요일,광주광역시 서구 치평동,경상사고,0,0,2,0,차대차 - 기타,안전운전불이행,건조,맑음,기타 - 기타,승용,남,21세,상해없음,승용,남,30세,경상
2023092400100031,2023년 9월 24일 02시,일요일,광주광역시 북구 신안동,경상사고,0,0,2,0,차대차 - 측면충돌,안전운전불이행,건조,맑음,교차로 - 교차로안,승용,남,28세,상해없음,승용,남,29세,경상
2023092400100038,2023년 9월 24일 03시,일요일,광주광역시 북구 동림동,경상사고,0,0,1,0,차대차 - 기타,안전운전불이행,건조,맑음,단일로 - 기타,승용,남,31세,상해없음,승용,남,29세,경상
2023092400100072,2023년 9월 24일 07시,일요일,광주광역시 북구 중흥동,경상사고,0,0,1,0,차대차 - 추돌,안전운전불이행,건조,맑음,단일로 - 기타,이륜,남,25세,상해없음,승용,남,25세,경상
2023092400100093,2023년 9월 24일 08시,일요일,광주광역시 북구 운암동,경상사고,0,0,3,0,차대차 - 추돌,안전운전불이행,건조,맑음,단일로 - 기타,승용,남,24세,상해없음,승용,남,40세,경상
2023092400100174,2023년 9월 24일 11시,일요일,광주광역시 동구 장동,경상사고,0,0,1,0,차대차 - 기타,안전거리미확보,건조,맑음,단일로 - 기타,승용,남,73세,상해없음,승용,남,65세,경상
2023092400100199,2023년 9월 24일 12시,일요일,광주광역시 북구 대촌동,경상사고,0,0,1,0,차대차 - 측면충돌,안전운전불이행,건조,맑음,교차로 - 교차로안,승용,여,72세,상해없음,승용,남,62세,경상
2023092400100233,2023년 9월 24일 13시,일요일,광주광역시 서구 치평동,경상사고,0,0,1,1,차대차 - 측면충돌,직진우회전진행방해,건조,맑음,교차로 - 교차로안,승용,남,34세,부상신고,승용,남,36세,경상
2023092400100234,2023년 9월 24일 13시,일요일,광주광역시 북구 일곡동,경상사고,0,0,3,0,차대차 - 정면충돌,안전운전불이행,건조,맑음,교차로 - 교차로안,승용,여,33세,경상,승용,남,56세,경상
2023092400100327,2023년 9월 24일 16시,일요일,광주광역시 광산구 대산동,중상사고,0,1,0,0,차대차 - 기타,안전운전불이행,건조,맑음,교차로 - 교차로안,화물,남,57세,상해없음,원동기,남,57세,중상
2023092400100409,2023년 9월 24일 19시,일요일,광주광역시 북구 운암동,경상사고,0,0,1,1,차대차 - 측면충돌,안전운전불이행,건조,맑음,교차로 - 교차로부근,승용,남,50세,부상신고,승용,남,23세,경상
2023092400100410,2023년 9월 24일 19시,일요일,광주광역시 북구 충효동,경상사고,0,0,3,0,차대차 - 측면충돌,교차로운행방법위반,건조,맑음,교차로 - 교차로안,승용,여,70세,경상,승용,여,22세,경상
2023092400100457,2023년 9월 24일 21시,일요일,광주광역시 광산구 연산동,중상사고,0,1,1,0,차대차 - 추돌,안전운전불이행,건조,맑음,단일로 - 기타,승용,남,31세,상해없음,화물,남,52세,중상
2023092400100471,2023년 9월 24일 22시,일요일,광주광역시 서구 광천동,경상사고,0,0,1,0,차대차 - 기타,안전거리미확보,건조,맑음,기타 - 기타,승용,남,57세,상해없음,승용,남,53세,경상
2023092500100033,2023년 9월 25일 05시,월요일,광주광역시 서구 치평동,경상사고,0,0,1,0,차대차 - 기타,신호위반,건조,맑음,교차로 - 교차로안,승용,남,62세,경상,승용,여,32세,상해없음
2023092500100113,2023년 9월 25일 08시,월요일,광주광역시 동구 소태동,경상사고,0,0,4,0,차대차 - 측면충돌,안전거리미확보,건조,맑음,단일로 - 기타,화물,남,78세,상해없음,승합,남,53세,상해없음
2023092500100114,2023년 9월 25일 08시,월요일,광주광역시 북구 용전동,경상사고,0,0,1,0,차대차 - 추돌,안전운전불이행,건조,맑음,교차로 - 교차로안,기타불명,기타불명,미분류,기타불명,승용,여,51세,경상
2023092500100289,2023년 9월 25일 12시,월요일,광주광역시 서구 농성동,중상사고,0,1,0,0,차대차 - 기타,안전운전불이행,건조,맑음,교차로 - 교차로부근,승용,남,59세,상해없음,자전거,남,52세,중상
2023092500100375,2023년 9월 25일 14시,월요일,광주광역시 서구 덕흥동,경상사고,0,0,1,0,차대차 - 추돌,안전운전불이행,건조,맑음,단일로 - 기타,승합,남,64세,상해없음,화물,남,24세,경상
2023092500100376,2023년 9월 25일 14시,월요일,광주광역시 남구 백운동,중상사고,0,1,0,0,차대사람 - 횡단중,보행자보호의무위반,건조,맑음,단일로 - 기타,승용,남,60세,상해없음,보행자,남,8세,중상
2023092500100422,2023년 9월 25일 15시,월요일,광주광역시 남구 주월동,경상사고,0,0,1,0,차대차 - 측면충돌,안전운전불이행,건조,맑음,교차로 - 교차로안,승용,여,43세,상해없음,승용,남,70세,경상
2023092500100461,2023년 9월 25일 16시,월요일,광주광역시 북구 운암동,경상사고,0,0,1,0,차대사람 - 길가장자리구역통행중,안전운전불이행,건조,맑음,단일로 - 기타,승용,남,38세,상해없음,보행자,남,53세,경상
2023092500100492,2023년 9월 25일 17시,월요일,광주광역시 동구 산수동,중상사고,0,1,0,0,차대사람 - 기타,안전운전불이행,건조,맑음,기타 - 기타,승합,남,62세,상해없음,보행자,남,64세,중상
2023092500100493,2023년 9월 25일 17시,월요일,광주광역시 남구 압촌동,경상사고,0,0,1,0,차대차 - 추돌,안전운전불이행,건조,맑음,단일로 - 기타,화물,남,22세,상해없음,승용,남,58세,경상
2023092500100494,2023년 9월 25일 17시,월요일,광주광역시 북구 오치동,경상사고,0,0,1,0,차대차 - 추돌,안전운전불이행,건조,맑음,단일로 - 기타,화물,남,70세,상해없음,이륜,남,22세,경상
2023092500100495,2023년 9월 25일 17시,월요일,광주광역시 광산구 서봉동,경상사고,0,0,1,1,차대차 - 측면충돌,안전거리미확보,건조,맑음,단일로 - 기타,화물,남,57세,부상신고,화물,남,42세,경상
2023092500100496,2023년 9월 25일 17시,월요일,광주광역시 광산구 신촌동,경상사고,0,0,1,0,차대차 - 측면충돌,안전운전불이행,건조,맑음,단일로 - 기타,자전거,남,74세,경상,자전거,남,46세,상해없음
2023092500100525,2023년 9월 25일 18시,월요일,광주광역시 북구 각화동,경상사고,0,0,1,0,차대차 - 추돌,안전운전불이행,건조,맑음,단일로 - 기타,승용,남,44세,상해없음,승용,남,40세,경상
2023092500100541,2023년 9월 25일 18시,월요일,광주광역시 서구 화정동,경상사고,0,0,2,0,차대차 - 후진중충돌,안전운전불이행,건조,맑음,교차로 - 교차로안,승용,남,39세,상해없음,승용,여,42세,경상
2023092500100542,2023년 9월 25일 18시,월요일,광주광역시 서구 치평동,경상사고,0,0,2,0,차대차 - 기타,안전운전불이행,건조,맑음,교차로 - 교차로부근,승용,남,63세,기타불명,승용,남,26세,경상
2023092500100543,2023년 9월 25일 18시,월요일,광주광역시 서구 동천동,경상사고,0,0,1,0,차대차 - 측면충돌,안전운전불이행,건조,맑음,단일로 - 기타,승용,여,25세,경상,승용,남,33세,상해없음
2023092500100544,2023년 9월 25일 18시,월요일,광주광역시 광산구 월계동,경상사고,0,0,3,0,차대차 - 정면충돌,안전운전불이행,건조,맑음,교차로 - 교차로안,승용,남,67세,기타불명,승용,여,33세,경상
2023092500100588,2023년 9월 25일 19시,월요일,광주광역시 북구 오치동,중상사고,0,1,0,0,차대차 - 기타,안전운전불이행,건조,맑음,교차로 - 교차로안,승용,남,30세,상해없음,이륜,남,52세,중상
2023092500100625,2023년 9월 25일 20시,월요일,광주광역시 북구 중흥동,경상사고,0,0,1,0,차대차 - 기타,안전운전불이행,건조,맑음,교차로 - 교차로안,승용,남,39세,상해없음,승용,남,34세,경상
2023092500100662,2023년 9월 25일 21시,월요일,광주광역시 남구 백운동,경상사고,0,0,1,0,차대차 - 기타,신호위반,건조,맑음,교차로 - 교차로안,승용,여,41세,상해없음,이륜,남,63세,경상
2023092500100663,2023년 9월 25일 21시,월요일,광주광역시 광산구 우산동,경상사고,0,0,2,0,차대사람 - 기타,신호위반,건조,맑음,교차로 - 교차로횡단보도내,승합,남,47세,상해없음,보행자,여,20세,경상
2023092500100694,2023년 9월 25일 22시,월요일,광주광역시 광산구 우산동,경상사고,0,0,1,0,차대차 - 측면충돌,교차로운행방법위반,건조,맑음,교차로 - 교차로횡단보도내,승용,남,61세,상해없음,승용,남,67세,경상
2023092600100034,2023년 9월 26일 04시,화요일,광주광역시 북구 신용동,경상사고,0,0,1,1,차대사람 - 횡단중,신호위반,건조,맑음,교차로 - 교차로횡단보도내,승용,남,65세,상해없음,보행자,남,37세,경상
2023092600100065,2023년 9월 26일 06시,화요일,광주광역시 북구 신용동,경상사고,0,0,1,0,차량단독 - 전도전복 - 전도,안전운전불이행,건조,맑음,단일로 - 기타,승용,여,29세,경상,,,,
2023092600100066,2023년 9월 26일 06시,화요일,광주광역시 광산구 송정동,경상사고,0,0,1,0,차대차 - 추돌,중앙선침범,건조,맑음,교차로 - 교차로부근,화물,남,39세,상해없음,승용,여,44세,경상
2023092600100067,2023년 9월 26일 06시,화요일,광주광역시 광산구 선암동,경상사고,0,0,1,0,차대차 - 측면충돌,안전거리미확보,건조,맑음,단일로 - 기타,승용,남,71세,상해없음,화물,남,50세,경상
2023092600100095,2023년 9월 26일 07시,화요일,광주광역시 서구 광천동,경상사고,0,0,1,0,차대사람 - 차도통행중,보행자보호의무위반,건조,맑음,단일로 - 기타,승합,남,29세,상해없음,보행자,남,47세,경상
2023092600100096,2023년 9월 26일 07시,화요일,광주광역시 광산구 도천동,경상사고,0,0,1,0,차대차 - 측면충돌,안전운전불이행,건조,맑음,단일로 - 기타,승용,남,46세,상해없음,자전거,남,63세,경상
2023092600100149,2023년 9월 26일 08시,화요일,광주광역시 북구 신용동,부상신고사고,0,0,0,1,차대차 - 기타,신호위반,젖음/습기,비,교차로 - 교차로안,이륜,남,77세,부상신고,승용,남,77세,상해없음
2023092600100192,2023년 9월 26일 09시,화요일,광주광역시 광산구 쌍암동,경상사고,0,0,2,0,차대차 - 기타,안전운전불이행,젖음/습기,비,교차로 - 교차로안,승용,남,58세,경상,승용,여,51세,경상
2023092600100213,2023년 9월 26일 10시,화요일,광주광역시 동구 금동,경상사고,0,0,1,0,차대차 - 측면충돌,직진우회전진행방해,건조,맑음,교차로 - 교차로안,승용,남,73세,상해없음,승용,남,71세,경상
2023092600100214,2023년 9월 26일 10시,화요일,광주광역시 동구 산수동,경상사고,0,0,1,0,차대차 - 측면충돌,신호위반,건조,맑음,교차로 - 교차로안,화물,남,65세,기타불명,승용,남,55세,경상
2023092600100251,2023년 9월 26일 11시,화요일,광주광역시 북구 신안동,중상사고,0,1,0,0,차대사람 - 기타,안전운전불이행,건조,맑음,단일로 - 기타,승용,여,50세,상해없음,보행자,여,86세,중상
2023092600100403,2023년 9월 26일 15시,화요일,광주광역시 남구 백운동,경상사고,0,0,1,0,차대차 - 기타,안전거리미확보,건조,맑음,교차로 - 교차로부근,승용,남,74세,상해없음,승용,여,36세,경상
2023092600100404,2023년 9월 26일 15시,화요일,광주광역시 북구 각화동,경상사고,0,0,4,0,차대차 - 측면충돌,안전운전불이행,건조,맑음,교차로 - 교차로안,승용,여,69세,경상,승용,여,42세,경상
2023092600100447,2023년 9월 26일 16시,화요일,광주광역시 서구 쌍촌동,경상사고,0,0,1,0,차대차 - 기타,교차로운행방법위반,건조,맑음,교차로 - 교차로안,승용,남,75세,상해없음,승용,여,65세,경상
2023092600100448,2023년 9월 26일 16시,화요일,광주광역시 남구 백운동,부상신고사고,0,0,0,1,차대사람 - 횡단중,보행자보호의무위반,건조,맑음,교차로 - 교차로횡단보도내,화물,남,54세,상해없음,보행자,남,53세,부상신고
2023092600100449,2023년 9월 26일 16시,화요일,광주광역시 남구 지석동,경상사고,0,0,1,0,차대사람 - 횡단중,안전운전불이행,건조,맑음,교차로 - 교차로안,승용,남,72세,상해없음,보행자,남,8세,경상
2023092600100450,2023년 9월 26일 16시,화요일,광주광역시 북구 동림동,경상사고,0,0,1,0,차대차 - 측면충돌,안전운전불이행,건조,맑음,단일로 - 기타,승용,남,51세,기타불명,승용,여,56세,경상
2023092600100508,2023년 9월 26일 17시,화요일,광주광역시 동구 계림동,경상사고,0,0,2,0,차대차 - 추돌,안전운전불이행,건조,맑음,단일로 - 기타,승용,남,45세,상해없음,승용,여,32세,상해없음
2023092600100509,2023년 9월 26일 17시,화요일,광주광역시 동구 용산동,경상사고,0,0,1,0,차대차 - 측면충돌,안전운전불이행,건조,맑음,단일로 - 기타,승용,여,57세,상해없음,승용,남,33세,경상
2023092600100510,2023년 9월 26일 17시,화요일,광주광역시 광산구 장덕동,경상사고,0,0,1,0,차대사람 - 보도통행중,안전운전불이행,건조,맑음,기타 - 기타,개인형이동수단(PM),남,17세,상해없음,보행자,남,12세,경상
2023092600100560,2023년 9월 26일 18시,화요일,광주광역시 광산구 우산동,경상사고,0,0,2,1,차대차 - 측면충돌,안전거리미확보,건조,맑음,단일로 - 기타,승용,남,63세,부상신고,승용,남,67세,경상
2023092600100606,2023년 9월 26일 19시,화요일,광주광역시 서구 쌍촌동,경상사고,0,0,1,0,차대차 - 측면충돌,안전운전불이행,건조,맑음,기타 - 기타,승용,여,43세,상해없음,자전거,남,49세,경상
2023092600100607,2023년 9월 26일 19시,화요일,광주광역시 서구 유촌동,경상사고,0,0,1,0,차대차 - 기타,안전운전불이행,건조,맑음,단일로 - 기타,승용,남,56세,상해없음,승용,여,63세,경상
2023092600100608,2023년 9월 26일 19시,화요일,광주광역시 서구 유촌동,경상사고,0,0,4,0,차대차 - 측면충돌,교차로운행방법위반,건조,맑음,교차로 - 교차로안,승용,여,40세,경상,승용,여,37세,경상
2023092600100609,2023년 9월 26일 19시,화요일,광주광역시 북구 대촌동,중상사고,0,1,1,0,차대차 - 추돌,안전운전불이행,건조,맑음,교차로 - 교차로부근,이륜,남,17세,중상,승용,남,38세,경상
2023092600100642,2023년 9월 26일 20시,화요일,광주광역시 북구 우산동,경상사고,0,0,1,0,차대차 - 추돌,안전운전불이행,건조,맑음,단일로 - 기타,승용,여,37세,상해없음,승용,여,70세,경상
2023092600100672,2023년 9월 26일 21시,화요일,광주광역시 서구 용두동,경상사고,0,0,1,0,차대차 - 측면충돌,안전운전불이행,건조,맑음,단일로 - 기타,승용,남,71세,상해없음,화물,남,35세,경상
2023092600100673,2023년 9월 26일 21시,화요일,광주광역시 서구 풍암동,중상사고,0,1,1,0,차대차 - 측면충돌,신호위반,건조,맑음,교차로 - 교차로안,이륜,남,29세,중상,승용,남,31세,경상
2023092600100674,2023년 9월 26일 21시,화요일,광주광역시 북구 신안동,경상사고,0,0,1,0,차대차 - 추돌,신호위반,건조,맑음,교차로 - 교차로부근,승용,남,48세,상해없음,승용,남,58세,경상
2023092700100028,2023년 9월 27일 02시,수요일,광주광역시 북구 오치동,중상사고,0,1,1,0,차대차 - 추돌,안전운전불이행,젖음/습기,맑음,교차로 - 교차로안,이륜,남,53세,중상,승용,남,63세,경상
2023092700100081,2023년 9월 27일 06시,수요일,광주광역시 광산구 흑석동,경상사고,0,0,2,0,차대차 - 추돌,안전운전불이행,건조,맑음,교차로 - 교차로부근,승용,남,24세,상해없음,승용,남,28세,경상
2023092700100105,2023년 9월 27일 07시,수요일,광주광역시 동구 금남로5가,경상사고,0,0,1,0,차대차 - 측면충돌,신호위반,건조,맑음,교차로 - 교차로안,승용,남,50세,상해없음,승용,남,47세,경상
2023092700100156,2023년 9월 27일 08시,수요일,광주광역시 서구 매월동,경상사고,0,0,2,0,차대차 - 기타,안전운전불이행,건조,맑음,교차로 - 교차로부근,화물,남,59세,경상,승합,남,59세,상해없음
2023092700100157,2023년 9월 27일 08시,수요일,광주광역시 서구 유촌동,경상사고,0,0,1,1,차대차 - 기타,교차로운행방법위반,건조,맑음,교차로 - 교차로안,승용,여,33세,부상신고,승용,남,49세,경상
2023092700100235,2023년 9월 27일 10시,수요일,광주광역시 서구 매월동,경상사고,0,0,1,0,차대차 - 측면충돌,안전거리미확보,건조,맑음,단일로 - 기타,승용,여,54세,상해없음,승용,남,44세,경상
2023092700100236,2023년 9월 27일 10시,수요일,광주광역시 남구 진월동,경상사고,0,0,1,0,차대사람 - 횡단중,안전운전불이행,건조,맑음,단일로 - 기타,승용,여,48세,상해없음,보행자,여,54세,경상
2023092700100237,2023년 9월 27일 10시,수요일,광주광역시 북구 용봉동,경상사고,0,0,1,0,차대차 - 측면충돌,안전운전불이행,건조,맑음,단일로 - 기타,승용,남,74세,상해없음,승용,남,51세,경상
2023092700100270,2023년 9월 27일 11시,수요일,광주광역시 북구 중흥동,경상사고,0,0,1,0,차대사람 - 기타,기타,건조,맑음,기타 - 기타,개인형이동수단(PM),남,59세,기타불명,보행자,여,66세,경상
2023092700100360,2023년 9월 27일 13시,수요일,광주광역시 동구 수기동,사망사고,1,0,0,0,차대차 - 측면충돌,안전운전불이행,건조,맑음,교차로 - 교차로안,승용,남,85세,상해없음,자전거,남,82세,사망
2023092700100361,2023년 9월 27일 13시,수요일,광주광역시 서구 금호동,중상사고,0,1,0,0,차대사람 - 차도통행중,안전운전불이행,건조,맑음,기타 - 기타,승용,여,49세,상해없음,보행자,여,74세,중상
2023092700100362,2023년 9월 27일 13시,수요일,광주광역시 서구 쌍촌동,경상사고,0,0,3,0,차대차 - 추돌,안전거리미확보,건조,맑음,교차로 - 교차로안,승용,남,35세,상해없음,승용,여,51세,경상
2023092700100363,2023년 9월 27일 13시,수요일,광주광역시 남구 송하동,중상사고,0,2,0,0,차대차 - 추돌,안전거리미확보,건조,맑음,단일로 - 기타,승용,남,64세,상해없음,승용,남,73세,중상
2023092700100364,2023년 9월 27일 13시,수요일,광주광역시 광산구 안청동,경상사고,0,0,1,0,차대차 - 측면충돌,안전운전불이행,건조,맑음,단일로 - 기타,화물,남,46세,기타불명,화물,남,50세,경상
2023092700100409,2023년 9월 27일 14시,수요일,광주광역시 북구 각화동,부상신고사고,0,0,0,1,차대차 - 기타,안전운전불이행,건조,맑음,단일로 - 기타,승합,남,63세,상해없음,개인형이동수단(PM),남,62세,부상신고
2023092700100506,2023년 9월 27일 16시,수요일,광주광역시 동구 대인동,경상사고,0,0,1,0,차대사람 - 기타,안전운전불이행,건조,맑음,교차로 - 교차로부근,화물,남,63세,상해없음,보행자,여,74세,경상
2023092700100507,2023년 9월 27일 16시,수요일,광주광역시 북구 중흥동,경상사고,0,0,2,0,차대차 - 측면충돌,안전운전불이행,건조,맑음,단일로 - 기타,승합,여,62세,경상,승용,남,32세,경상
2023092700100579,2023년 9월 27일 17시,수요일,광주광역시 북구 각화동,경상사고,0,0,1,0,차대차 - 기타,안전운전불이행,건조,맑음,단일로 - 기타,승용,남,61세,상해없음,승용,여,47세,경상
2023092700100580,2023년 9월 27일 17시,수요일,광주광역시 광산구 연산동,경상사고,0,0,1,0,차대차 - 추돌,안전운전불이행,건조,맑음,단일로 - 기타,승용,여,57세,상해없음,화물,남,50세,경상
2023092700100726,2023년 9월 27일 20시,수요일,광주광역시 광산구 수완동,중상사고,0,1,0,0,차대차 - 기타,안전운전불이행,건조,맑음,교차로 - 교차로횡단보도내,화물,남,63세,상해없음,자전거,남,11세,중상
2023092700100795,2023년 9월 27일 23시,수요일,광주광역시 서구 금호동,경상사고,0,0,1,0,차대차 - 추돌,안전운전불이행,건조,맑음,단일로 - 기타,승용,여,53세,상해없음,승용,남,49세,경상
2023092700100796,2023년 9월 27일 23시,수요일,광주광역시 북구 유동,경상사고,0,0,1,0,차대차 - 기타,안전운전불이행,건조,맑음,단일로 - 기타,승용,남,22세,상해없음,승용,남,40세,경상
2023092800100035,2023년 9월 28일 02시,목요일,광주광역시 서구 치평동,경상사고,0,0,1,0,차대사람 - 기타,안전운전불이행,건조,맑음,교차로 - 교차로부근,승용,남,63세,상해없음,보행자,남,27세,경상
2023092800100049,2023년 9월 28일 04시,목요일,광주광역시 북구 용봉동,경상사고,0,0,1,0,차대차 - 기타,교차로운행방법위반,건조,맑음,교차로 - 교차로안,승용,남,28세,상해없음,개인형이동수단(PM),남,61세,경상
2023092800100057,2023년 9월 28일 06시,목요일,광주광역시 광산구 신창동,중상사고,0,1,0,0,차대차 - 추돌,안전운전불이행,건조,맑음,교차로 - 교차로부근,승용,남,33세,상해없음,이륜,남,58세,중상
2023092800100103,2023년 9월 28일 09시,목요일,광주광역시 남구 진월동,경상사고,0,0,2,0,차대차 - 기타,기타,건조,맑음,단일로 - 기타,화물,남,57세,상해없음,승용,여,51세,경상
2023092800100104,2023년 9월 28일 09시,목요일,광주광역시 광산구 월계동,경상사고,0,0,1,0,차대차 - 추돌,안전거리미확보,건조,맑음,교차로 - 교차로안,승합,남,21세,상해없음,승용,남,27세,경상
2023092800100129,2023년 9월 28일 10시,목요일,광주광역시 서구 내방동,경상사고,0,0,1,0,차대차 - 기타,안전운전불이행,건조,맑음,단일로 - 기타,승용,여,34세,상해없음,자전거,여,25세,경상
2023092800100130,2023년 9월 28일 10시,목요일,광주광역시 북구 풍향동,경상사고,0,0,2,0,차대차 - 측면충돌,교차로운행방법위반,건조,맑음,교차로 - 교차로안,이륜,남,34세,경상,승용,남,29세,경상
2023092800100155,2023년 9월 28일 11시,목요일,광주광역시 서구 화정동,경상사고,0,0,1,0,차대차 - 기타,안전거리미확보,건조,맑음,교차로 - 교차로부근,승용,여,60세,상해없음,이륜,남,52세,경상
2023092800100156,2023년 9월 28일 11시,목요일,광주광역시 남구 방림동,경상사고,0,0,1,0,차대차 - 측면충돌,안전운전불이행,건조,맑음,교차로 - 교차로안,자전거,남,76세,경상,승용,여,49세,상해없음
2023092800100157,2023년 9월 28일 11시,목요일,광주광역시 북구 두암동,경상사고,0,0,1,1,차대차 - 측면충돌,교차로운행방법위반,건조,맑음,교차로 - 교차로안,이륜,남,22세,경상,승용,여,49세,부상신고