사고번호,사고일시,요일,시군구,사고내용,사망자수,중상자수,경상자수,부상신고자수,사고유형,법규위반,노면상태,기상상태,도로형태,가해운전자 차종,가해운전자 성별,가해운전자 연령,가해운전자 상해정도,피해운전자 차종,피해운전자 성별,피해운전자 연령,피해운전자 상해정도
2023092800100158,2023년 9월 28일 11시,목요일,광주광역시 북구 신용동,중상사고,0,1,1,0,차대차 - 기타,안전운전불이행,건조,맑음,교차로 - 교차로안,이륜,남,22세,경상,이륜,남,32세,중상
2023092800100203,2023년 9월 28일 12시,목요일,광주광역시 서구 매월동,경상사고,0,0,1,0,차대차 - 측면충돌,안전거리미확보,건조,맑음,단일로 - 기타,화물,남,37세,상해없음,화물,남,66세,경상
2023092800100235,2023년 9월 28일 13시,목요일,광주광역시 북구 양산동,경상사고,0,0,1,1,차대차 - 측면충돌,안전운전불이행,건조,맑음,단일로 - 기타,이륜,남,58세,부상신고,승용,남,29세,경상
2023092800100236,2023년 9월 28일 13시,목요일,광주광역시 북구 문흥동,경상사고,0,0,1,0,차대사람 - 기타,안전운전불이행,건조,맑음,단일로 - 기타,승용,남,55세,상해없음,보행자,남,10세,경상
2023092800100266,2023년 9월 28일 14시,목요일,광주광역시 북구 우산동,경상사고,0,0,1,0,차대사람 - 기타,안전운전불이행,건조,맑음,단일로 - 기타,승용,남,60세,상해없음,보행자,여,60세,경상
2023092800100299,2023년 9월 28일 15시,목요일,광주광역시 서구 매월동,경상사고,0,0,1,0,차대차 - 측면충돌,신호위반,건조,맑음,교차로 - 교차로안,승용,남,29세,상해없음,승용,남,44세,경상
2023092800100377,2023년 9월 28일 18시,목요일,광주광역시 동구 용산동,경상사고,0,0,2,0,차대차 - 기타,차로위반,건조,맑음,기타 - 기타,승용,남,63세,상해없음,승용,남,49세,경상
2023092800100425,2023년 9월 28일 20시,목요일,광주광역시 동구 대인동,경상사고,0,0,2,0,차대차 - 기타,안전운전불이행,건조,맑음,교차로 - 교차로안,승용,남,22세,상해없음,승용,남,68세,상해없음
2023092800100426,2023년 9월 28일 20시,목요일,광주광역시 광산구 송정동,경상사고,0,0,1,0,차대차 - 기타,안전운전불이행,건조,맑음,교차로 - 교차로부근,승용,남,32세,상해없음,이륜,남,54세,경상
2023092800100468,2023년 9월 28일 22시,목요일,광주광역시 서구 금호동,경상사고,0,0,2,0,차대차 - 측면충돌,신호위반,건조,맑음,교차로 - 교차로안,승용,남,60세,상해없음,승용,남,36세,경상
2023092900100019,2023년 9월 29일 02시,금요일,광주광역시 서구 유촌동,중상사고,0,1,0,0,차대사람 - 횡단중,신호위반,건조,흐림,교차로 - 교차로횡단보도내,승용,남,61세,상해없음,보행자,남,51세,중상
2023092900100020,2023년 9월 29일 02시,금요일,광주광역시 북구 오치동,중상사고,0,1,0,0,차대차 - 기타,안전운전불이행,건조,맑음,단일로 - 기타,승용,남,29세,상해없음,개인형이동수단(PM),남,52세,중상
2023092900100051,2023년 9월 29일 09시,금요일,광주광역시 북구 장등동,경상사고,0,0,3,0,차대차 - 기타,안전운전불이행,건조,맑음,단일로 - 기타,승용,여,32세,상해없음,승용,남,31세,경상
2023092900100091,2023년 9월 29일 11시,금요일,광주광역시 서구 유촌동,경상사고,0,0,4,0,차대차 - 추돌,안전운전불이행,건조,맑음,단일로 - 기타,승용,남,74세,상해없음,승용,남,34세,경상
2023092900100146,2023년 9월 29일 13시,금요일,광주광역시 남구 양림동,부상신고사고,0,0,0,1,차대차 - 후진중충돌,불법유턴,건조,맑음,단일로 - 기타,승용,남,65세,상해없음,승용,남,42세,부상신고
2023092900100168,2023년 9월 29일 14시,금요일,광주광역시 북구 효령동,경상사고,0,0,6,0,차대차 - 기타,차로위반,건조,맑음,단일로 - 기타,승용,남,24세,경상,승용,남,37세,경상
2023092900100189,2023년 9월 29일 15시,금요일,광주광역시 광산구 도산동,경상사고,0,0,1,0,차대차 - 기타,안전운전불이행,건조,맑음,교차로 - 교차로안,승용,남,37세,상해없음,이륜,남,49세,경상
2023092900100214,2023년 9월 29일 16시,금요일,광주광역시 북구 두암동,경상사고,0,0,1,0,차대차 - 추돌,안전운전불이행,건조,맑음,단일로 - 기타,승용,여,50세,상해없음,승용,여,47세,경상
2023092900100303,2023년 9월 29일 20시,금요일,광주광역시 서구 덕흥동,경상사고,0,0,2,0,차대차 - 측면충돌,안전운전불이행,건조,맑음,단일로 - 기타,승용,남,60세,상해없음,승용,여,27세,경상
2023092900100324,2023년 9월 29일 21시,금요일,광주광역시 광산구 우산동,경상사고,0,0,1,0,차대차 - 추돌,안전거리미확보,건조,맑음,단일로 - 기타,승용,남,33세,상해없음,승용,남,72세,경상
2023092900100336,2023년 9월 29일 22시,금요일,광주광역시 북구 운암동,경상사고,0,0,2,0,차대차 - 측면충돌,신호위반,건조,맑음,교차로 - 교차로안,승용,남,23세,상해없음,승용,남,62세,경상
2023093000100015,2023년 9월 30일 01시,토요일,광주광역시 광산구 월계동,경상사고,0,0,1,0,차대차 - 측면충돌,직진우회전진행방해,건조,맑음,교차로 - 교차로안,자전거,남,34세,경상,승용,남,54세,상해없음
2023093000100148,2023년 9월 30일 13시,토요일,광주광역시 광산구 산정동,경상사고,0,0,2,0,차대차 - 측면충돌,안전운전불이행,건조,맑음,교차로 - 교차로부근,승용,남,52세,상해없음,승용,남,38세,경상
2023093000100149,2023년 9월 30일 13시,토요일,광주광역시 광산구 월계동,경상사고,0,0,2,0,차대차 - 기타,신호위반,건조,맑음,교차로 - 교차로횡단보도내,이륜,남,26세,경상,개인형이동수단(PM),남,14세,상해없음
2023093000100210,2023년 9월 30일 15시,토요일,광주광역시 광산구 도산동,경상사고,0,0,1,0,차대차 - 기타,중앙선침범,건조,맑음,단일로 - 기타,승용,남,72세,상해없음,자전거,여,50세,경상
2023093000100274,2023년 9월 30일 17시,토요일,광주광역시 광산구 신창동,경상사고,0,0,1,0,차대사람 - 횡단중,안전운전불이행,건조,맑음,교차로 - 교차로안,승용,남,26세,기타불명,보행자,여,15세,경상
2023093000100302,2023년 9월 30일 18시,토요일,광주광역시 북구 중흥동,경상사고,0,0,3,0,차대차 - 기타,신호위반,건조,맑음,교차로 - 교차로안,승용,여,59세,상해없음,승용,남,33세,경상
2023093000100303,2023년 9월 30일 18시,토요일,광주광역시 북구 풍향동,경상사고,0,0,1,0,차대차 - 기타,안전거리미확보,건조,맑음,단일로 - 기타,승용,남,50세,기타불명,승합,남,46세,기타불명
2023093000100328,2023년 9월 30일 19시,토요일,광주광역시 북구 오치동,경상사고,0,0,1,0,차대차 - 기타,안전운전불이행,건조,맑음,교차로 - 교차로부근,승용,남,49세,상해없음,승용,남,37세,경상
2023093000100345,2023년 9월 30일 20시,토요일,광주광역시 북구 용봉동,경상사고,0,0,1,0,차대차 - 측면충돌,직진우회전진행방해,건조,맑음,교차로 - 교차로안,승용,여,50세,상해없음,자전거,남,60세,경상
2023093000100365,2023년 9월 30일 21시,토요일,광주광역시 서구 쌍촌동,중상사고,0,1,0,0,차대사람 - 차도통행중,안전운전불이행,건조,맑음,기타 - 기타,이륜,남,40세,상해없음,보행자,남,32세,중상
2023093000100392,2023년 9월 30일 23시,토요일,광주광역시 서구 금호동,경상사고,0,0,1,1,차대차 - 측면충돌,직진우회전진행방해,건조,흐림,교차로 - 교차로안,승용,남,33세,상해없음,승용,남,38세,상해없음
2023100100100028,2023년 10월 1일 01시,일요일,광주광역시 동구 장동,경상사고,0,0,1,0,차대차 - 측면충돌,안전운전불이행,건조,맑음,단일로 - 기타,승용,남,38세,상해없음,자전거,남,15세,경상
2023100100100029,2023년 10월 1일 01시,일요일,광주광역시 광산구 송정동,경상사고,0,0,1,0,차대차 - 측면충돌,교차로운행방법위반,건조,맑음,교차로 - 교차로안,승용,남,49세,상해없음,승용,남,31세,경상
2023100100100046,2023년 10월 1일 04시,일요일,광주광역시 남구 진월동,경상사고,0,0,1,0,차량단독 - 기타,안전운전불이행,건조,맑음,교차로 - 교차로안,승용,남,72세,상해없음,,,,
2023100100100080,2023년 10월 1일 09시,일요일,광주광역시 서구 광천동,경상사고,0,0,1,0,차량단독 - 기타,기타,건조,맑음,단일로 - 기타,승합,남,57세,기타불명,,,,
2023100100100081,2023년 10월 1일 09시,일요일,광주광역시 북구 운암동,경상사고,0,0,1,0,차대사람 - 기타,안전운전불이행,건조,맑음,단일로 - 기타,승합,남,56세,상해없음,보행자,여,69세,경상
2023100100100098,2023년 10월 1일 10시,일요일,광주광역시 서구 내방동,경상사고,0,0,1,0,차대차 - 기타,안전거리미확보,건조,맑음,교차로 - 교차로부근,승용,남,47세,상해없음,승용,여,60세,경상
2023100100100157,2023년 10월 1일 12시,일요일,광주광역시 북구 각화동,경상사고,0,0,1,0,차대차 - 측면충돌,안전운전불이행,건조,맑음,단일로 - 기타,원동기,남,48세,상해없음,자전거,남,30세,경상
2023100100100191,2023년 10월 1일 13시,일요일,광주광역시 서구 유촌동,경상사고,0,0,1,0,차대차 - 측면충돌,안전운전불이행,건조,맑음,단일로 - 기타,화물,남,71세,상해없음,승용,여,22세,경상
2023100100100192,2023년 10월 1일 13시,일요일,광주광역시 북구 용봉동,중상사고,0,1,2,0,차대차 - 측면충돌,안전거리미확보,건조,맑음,단일로 - 기타,승용,남,26세,경상,이륜,남,54세,중상
2023100100100223,2023년 10월 1일 14시,일요일,광주광역시 광산구 수완동,경상사고,0,0,1,0,차대차 - 측면충돌,안전거리미확보,건조,맑음,단일로 - 기타,승용,남,31세,경상,승용,여,49세,상해없음
2023100100100319,2023년 10월 1일 17시,일요일,광주광역시 광산구 도산동,중상사고,0,1,0,0,차대차 - 기타,직진우회전진행방해,건조,맑음,교차로 - 교차로안,자전거,남,79세,중상,승용,여,38세,상해없음
2023100100100346,2023년 10월 1일 18시,일요일,광주광역시 광산구 도천동,경상사고,0,0,4,0,차대차 - 측면충돌,교차로운행방법위반,건조,맑음,교차로 - 교차로부근,승용,남,65세,경상,승용,남,51세,경상
2023100100100378,2023년 10월 1일 19시,일요일,광주광역시 서구 쌍촌동,경상사고,0,0,1,0,차대차 - 측면충돌,안전운전불이행,건조,맑음,교차로 - 교차로부근,이륜,남,27세,상해없음,승용,남,58세,경상
2023100100100379,2023년 10월 1일 19시,일요일,광주광역시 서구 치평동,경상사고,0,0,2,0,차대차 - 측면충돌,신호위반,건조,맑음,교차로 - 교차로부근,승용,남,20세,상해없음,승용,여,54세,경상
2023100100100380,2023년 10월 1일 19시,일요일,광주광역시 북구 일곡동,경상사고,0,0,1,0,차대사람 - 횡단중,안전운전불이행,건조,맑음,단일로 - 기타,승용,남,25세,상해없음,보행자,남,7세,경상
2023100100100427,2023년 10월 1일 21시,일요일,광주광역시 북구 장등동,중상사고,0,3,0,0,차대차 - 기타,신호위반,건조,맑음,교차로 - 교차로안,승용,남,60세,기타불명,승용,남,43세,중상
2023100100100440,2023년 10월 1일 22시,일요일,광주광역시 광산구 신창동,중상사고,0,1,0,0,차대차 - 추돌,안전운전불이행,건조,맑음,단일로 - 기타,이륜,남,17세,중상,승용,남,40세,상해없음
2023100100100441,2023년 10월 1일 22시,일요일,광주광역시 광산구 월계동,중상사고,0,1,0,0,차대차 - 측면충돌,중앙선침범,건조,맑음,단일로 - 기타,승용,남,20세,상해없음,이륜,남,70세,중상
2023100200100014,2023년 10월 2일 01시,월요일,광주광역시 북구 두암동,중상사고,0,2,0,0,차대차 - 측면충돌,중앙선침범,건조,맑음,교차로 - 교차로부근,이륜,남,72세,중상,이륜,남,24세,중상
2023100200100021,2023년 10월 2일 03시,월요일,광주광역시 서구 화정동,경상사고,0,0,1,0,차대차 - 기타,신호위반,건조,맑음,교차로 - 교차로부근,승용,남,73세,상해없음,승합,남,43세,상해없음
2023100200100197,2023년 10월 2일 13시,월요일,광주광역시 서구 광천동,경상사고,0,0,1,0,차대차 - 기타,안전운전불이행,건조,맑음,단일로 - 기타,승용,남,71세,상해없음,승용,남,35세,경상
2023100200100238,2023년 10월 2일 14시,월요일,광주광역시 광산구 장덕동,중상사고,0,1,3,0,차대차 - 추돌,안전거리미확보,건조,맑음,단일로 - 기타,승용,여,34세,상해없음,승용,남,44세,중상
2023100200100293,2023년 10월 2일 16시,월요일,광주광역시 북구 용봉동,경상사고,0,0,1,0,차대사람 - 기타,안전운전불이행,건조,맑음,단일로 - 기타,이륜,남,34세,상해없음,보행자,남,30세,경상
2023100200100294,2023년 10월 2일 16시,월요일,광주광역시 북구 매곡동,중상사고,0,3,8,0,차대차 - 기타,중앙선침범,건조,맑음,교차로 - 교차로부근,승용,남,78세,중상,승용,남,63세,경상
2023100200100320,2023년 10월 2일 17시,월요일,광주광역시 서구 쌍촌동,경상사고,0,0,2,1,차대차 - 측면충돌,교차로운행방법위반,건조,맑음,교차로 - 교차로부근,승용,남,28세,부상신고,승용,여,51세,경상
2023100200100363,2023년 10월 2일 18시,월요일,광주광역시 북구 연제동,경상사고,0,0,3,0,차대차 - 기타,안전운전불이행,건조,맑음,단일로 - 기타,승용,여,51세,상해없음,승용,여,57세,경상
2023100200100364,2023년 10월 2일 18시,월요일,광주광역시 광산구 송정동,경상사고,0,0,1,0,차대사람 - 기타,안전운전불이행,건조,맑음,단일로 - 기타,기타불명,기타불명,미분류,기타불명,보행자,남,76세,경상
2023100200100393,2023년 10월 2일 19시,월요일,광주광역시 남구 백운동,경상사고,0,0,1,0,차대차 - 추돌,안전운전불이행,건조,맑음,교차로 - 교차로부근,이륜,남,38세,상해없음,이륜,남,30세,경상
2023100200100394,2023년 10월 2일 19시,월요일,광주광역시 광산구 월계동,경상사고,0,0,2,0,차대차 - 기타,신호위반,건조,맑음,교차로 - 교차로안,승용,남,19세,기타불명,승용,남,29세,경상
2023100200100477,2023년 10월 2일 23시,월요일,광주광역시 남구 진월동,경상사고,0,0,2,0,차대차 - 측면충돌,안전거리미확보,건조,맑음,교차로 - 교차로부근,승용,남,53세,경상,승용,남,52세,경상
2023100300100019,2023년 10월 3일 02시,화요일,광주광역시 서구 치평동,중상사고,0,1,0,0,차대사람 - 기타,안전운전불이행,건조,맑음,기타 - 기타,승용,남,21세,상해없음,보행자,남,24세,중상
2023100300100116,2023년 10월 3일 12시,화요일,광주광역시 북구 일곡동,경상사고,0,0,5,0,차대차 - 측면충돌,신호위반,건조,맑음,교차로 - 교차로안,승용,남,68세,상해없음,승용,남,36세,경상
2023100300100161,2023년 10월 3일 14시,화요일,광주광역시 서구 치평동,경상사고,0,0,1,0,차대차 - 기타,안전운전불이행,건조,맑음,단일로 - 기타,승용,여,40세,기타불명,이륜,남,41세,경상
2023100300100162,2023년 10월 3일 14시,화요일,광주광역시 북구 우산동,중상사고,0,1,0,0,차대사람 - 차도통행중,안전운전불이행,건조,맑음,단일로 - 기타,이륜,남,22세,상해없음,보행자,여,80세,중상
2023100300100195,2023년 10월 3일 15시,화요일,광주광역시 동구 충장로2가,경상사고,0,0,1,0,차대사람 - 기타,안전운전불이행,건조,맑음,단일로 - 기타,승용,남,26세,상해없음,보행자,여,14세,경상
2023100300100196,2023년 10월 3일 15시,화요일,광주광역시 북구 우산동,경상사고,0,0,1,0,차대차 - 추돌,안전운전불이행,젖음/습기,비,단일로 - 기타,승용,남,50세,상해없음,화물,여,49세,경상
2023100300100197,2023년 10월 3일 15시,화요일,광주광역시 북구 일곡동,경상사고,0,0,1,0,차대차 - 기타,안전거리미확보,젖음/습기,비,단일로 - 기타,승용,여,72세,기타불명,승용,남,40세,상해없음
2023100300100249,2023년 10월 3일 17시,화요일,광주광역시 북구 오치동,경상사고,0,0,1,0,차대차 - 기타,교차로운행방법위반,젖음/습기,맑음,교차로 - 교차로안,이륜,남,45세,경상,승용,남,48세,상해없음
2023100300100293,2023년 10월 3일 19시,화요일,광주광역시 서구 쌍촌동,경상사고,0,0,1,0,차대차 - 기타,불법유턴,건조,맑음,단일로 - 기타,승용,남,42세,상해없음,이륜,남,17세,경상
2023100300100294,2023년 10월 3일 19시,화요일,광주광역시 광산구 월계동,경상사고,0,0,1,1,차대차 - 측면충돌,안전운전불이행,건조,맑음,교차로 - 교차로안,승용,남,52세,부상신고,이륜,남,47세,경상
2023100300100335,2023년 10월 3일 21시,화요일,광주광역시 북구 문흥동,경상사고,0,0,3,0,차대차 - 기타,안전거리미확보,건조,맑음,기타 - 기타,승용,여,59세,경상,이륜,남,32세,경상
2023100400100046,2023년 10월 4일 06시,수요일,광주광역시 광산구 월계동,중상사고,0,1,0,0,차대사람 - 횡단중,보행자보호의무위반,건조,맑음,교차로 - 교차로횡단보도내,승용,여,58세,상해없음,보행자,여,55세,중상
2023100400100047,2023년 10월 4일 06시,수요일,광주광역시 광산구 소촌동,경상사고,0,0,1,0,차대차 - 측면충돌,안전거리미확보,건조,맑음,단일로 - 기타,승용,여,27세,기타불명,승용,남,41세,경상
2023100400100107,2023년 10월 4일 08시,수요일,광주광역시 북구 운암동,경상사고,0,0,1,0,차대차 - 추돌,신호위반,건조,맑음,교차로 - 교차로안,승용,남,60세,상해없음,승용,남,33세,경상
2023100400100108,2023년 10월 4일 08시,수요일,광주광역시 광산구 소촌동,경상사고,0,0,1,0,차대차 - 기타,안전운전불이행,건조,맑음,교차로 - 교차로부근,승용,여,31세,상해없음,승용,여,54세,경상
2023100400100236,2023년 10월 4일 12시,수요일,광주광역시 북구 문흥동,경상사고,0,0,1,0,차대차 - 기타,안전운전불이행,건조,맑음,단일로 - 기타,화물,남,57세,상해없음,승용,남,68세,경상
2023100400100275,2023년 10월 4일 13시,수요일,광주광역시 서구 화정동,중상사고,0,1,0,0,차대차 - 측면충돌,안전운전불이행,건조,맑음,교차로 - 교차로부근,승용,남,18세,상해없음,자전거,남,81세,중상
2023100400100347,2023년 10월 4일 15시,수요일,광주광역시 광산구 하남동,경상사고,0,0,2,0,차대차 - 추돌,안전운전불이행,건조,맑음,교차로 - 교차로안,승용,남,67세,상해없음,승용,여,42세,경상
2023100400100389,2023년 10월 4일 16시,수요일,광주광역시 북구 각화동,경상사고,0,0,1,0,차대차 - 추돌,안전운전불이행,건조,맑음,교차로 - 교차로부근,승용,여,55세,상해없음,승용,여,68세,경상
2023100400100422,2023년 10월 4일 17시,수요일,광주광역시 남구 주월동,경상사고,0,0,1,0,차대차 - 측면충돌,안전거리미확보,건조,맑음,교차로 - 교차로부근,승용,여,67세,기타불명,승용,남,40세,경상
2023100400100423,2023년 10월 4일 17시,수요일,광주광역시 북구 동림동,부상신고사고,0,0,0,1,차대차 - 추돌,안전운전불이행,건조,맑음,단일로 - 기타,승용,남,60세,기타불명,승합,남,55세,부상신고
2023100400100424,2023년 10월 4일 17시,수요일,광주광역시 광산구 우산동,경상사고,0,0,1,0,차대차 - 측면충돌,안전거리미확보,건조,맑음,단일로 - 기타,화물,남,64세,상해없음,승용,여,53세,경상
2023100400100476,2023년 10월 4일 18시,수요일,광주광역시 남구 주월동,경상사고,0,0,1,0,차대사람 - 차도통행중,안전운전불이행,건조,맑음,교차로 - 교차로안,승용,여,51세,상해없음,보행자,여,56세,경상
2023100400100562,2023년 10월 4일 21시,수요일,광주광역시 북구 오치동,경상사고,0,0,3,0,차대차 - 측면충돌,교차로운행방법위반,건조,맑음,교차로 - 교차로안,승용,여,40세,경상,승용,남,51세,경상
2023100400100563,2023년 10월 4일 21시,수요일,광주광역시 광산구 신창동,중상사고,0,1,0,0,차대차 - 측면충돌,신호위반,건조,맑음,교차로 - 교차로안,이륜,남,30세,상해없음,자전거,남,13세,중상
2023100400100576,2023년 10월 4일 22시,수요일,광주광역시 서구 금호동,경상사고,0,0,1,0,차대사람 - 기타,안전운전불이행,건조,맑음,단일로 - 기타,화물,남,44세,상해없음,보행자,남,32세,경상
2023100400100585,2023년 10월 4일 23시,수요일,광주광역시 서구 쌍촌동,경상사고,0,0,1,0,차대사람 - 기타,안전거리미확보,젖음/습기,비,단일로 - 기타,이륜,남,39세,상해없음,보행자,여,33세,경상
2023100400100586,2023년 10월 4일 23시,수요일,광주광역시 북구 풍향동,부상신고사고,0,0,0,3,차대차 - 추돌,직진우회전진행방해,건조,맑음,교차로 - 교차로안,이륜,남,39세,부상신고,승용,남,40세,부상신고
2023100500100007,2023년 10월 5일 00시,목요일,광주광역시 동구 동명동,경상사고,0,0,1,0,차대차 - 기타,기타,건조,맑음,단일로 - 기타,승용,남,48세,상해없음,개인형이동수단(PM),남,19세,경상
2023100500100011,2023년 10월 5일 01시,목요일,광주광역시 북구 용봉동,경상사고,0,0,2,0,차대차 - 정면충돌,중앙선침범,건조,맑음,교차로 - 교차로부근,승용,남,29세,상해없음,승용,남,63세,경상
2023100500100043,2023년 10월 5일 06시,목요일,광주광역시 서구 쌍촌동,중상사고,0,1,3,0,차대차 - 기타,교차로운행방법위반,건조,맑음,교차로 - 교차로안,승용,남,22세,경상,이륜,남,18세,중상
2023100500100071,2023년 10월 5일 07시,목요일,광주광역시 북구 용봉동,중상사고,0,1,0,0,차대차 - 정면충돌,안전운전불이행,건조,맑음,단일로 - 기타,자전거,남,72세,중상,승용,남,53세,상해없음
2023100500100118,2023년 10월 5일 08시,목요일,광주광역시 서구 광천동,경상사고,0,0,3,0,차대차 - 기타,안전거리미확보,건조,맑음,단일로 - 기타,승용,남,56세,상해없음,승합,남,45세,상해없음
2023100500100157,2023년 10월 5일 09시,목요일,광주광역시 동구 지산동,경상사고,0,0,1,0,차대차 - 추돌,안전운전불이행,건조,맑음,단일로 - 터널,승용,남,65세,상해없음,승용,여,44세,경상
2023100500100158,2023년 10월 5일 09시,목요일,광주광역시 북구 용봉동,경상사고,0,0,1,0,차대차 - 측면충돌,교차로운행방법위반,건조,맑음,교차로 - 교차로안,화물,남,56세,상해없음,승용,남,55세,경상
2023100500100188,2023년 10월 5일 10시,목요일,광주광역시 북구 동림동,중상사고,0,1,3,0,차대차 - 측면충돌,안전거리미확보,건조,맑음,단일로 - 기타,승용,여,29세,경상,승용,남,40세,중상
2023100500100189,2023년 10월 5일 10시,목요일,광주광역시 북구 각화동,중상사고,0,1,0,0,차대차 - 기타,안전운전불이행,건조,맑음,단일로 - 기타,화물,남,55세,상해없음,자전거,남,88세,중상
2023100500100221,2023년 10월 5일 11시,목요일,광주광역시 광산구 본덕동,경상사고,0,0,2,0,차대차 - 기타,안전거리미확보,건조,맑음,단일로 - 기타,승용,남,48세,경상,승용,남,42세,경상
2023100500100282,2023년 10월 5일 13시,목요일,광주광역시 북구 문흥동,경상사고,0,0,1,0,차대사람 - 횡단중,안전운전불이행,건조,맑음,단일로 - 기타,승용,여,31세,상해없음,보행자,남,22세,경상
2023100500100308,2023년 10월 5일 14시,목요일,광주광역시 북구 용두동,경상사고,0,0,1,0,차대차 - 기타,안전운전불이행,건조,맑음,교차로 - 교차로안,화물,남,49세,기타불명,승용,여,55세,경상
2023100500100338,2023년 10월 5일 15시,목요일,광주광역시 북구 오룡동,경상사고,0,0,1,0,차대차 - 기타,안전거리미확보,건조,맑음,단일로 - 기타,승용,남,57세,상해없음,개인형이동수단(PM),남,24세,경상
2023100500100375,2023년 10월 5일 16시,목요일,광주광역시 서구 마륵동,경상사고,0,0,3,0,차대차 - 측면충돌,교차로운행방법위반,건조,맑음,교차로 - 교차로안,승용,남,61세,경상,승용,남,65세,경상
2023100500100417,2023년 10월 5일 17시,목요일,광주광역시 광산구 월곡동,경상사고,0,0,2,0,차대차 - 기타,안전운전불이행,건조,맑음,교차로 - 교차로안,승용,남,25세,경상,승용,남,29세,경상
2023100500100474,2023년 10월 5일 18시,목요일,광주광역시 북구 일곡동,경상사고,0,0,2,0,차대차 - 기타,차로위반,건조,맑음,단일로 - 기타,승용,남,69세,상해없음,승용,여,40세,경상
2023100500100507,2023년 10월 5일 19시,목요일,광주광역시 북구 오치동,경상사고,0,0,1,0,차대차 - 기타,안전운전불이행,건조,맑음,기타 - 기타,승용,여,49세,기타불명,승용,여,34세,경상
2023100500100529,2023년 10월 5일 20시,목요일,광주광역시 광산구 쌍암동,중상사고,0,1,0,0,차대차 - 측면충돌,안전운전불이행,건조,맑음,교차로 - 교차로안,이륜,남,43세,중상,승용,여,45세,상해없음
2023100500100565,2023년 10월 5일 22시,목요일,광주광역시 서구 쌍촌동,경상사고,0,0,2,0,차량단독 - 기타,안전운전불이행,건조,맑음,교차로 - 교차로부근,승용,남,25세,상해없음,,,,
2023100500100566,2023년 10월 5일 22시,목요일,광주광역시 남구 주월동,경상사고,0,0,1,0,차대차 - 측면충돌,안전거리미확보,건조,기타,교차로 - 교차로안,승용,남,26세,경상,승용,여,28세,기타불명
2023100600100008,2023년 10월 6일 00시,금요일,광주광역시 남구 주월동,경상사고,0,0,1,0,차대차 - 측면충돌,안전운전불이행,건조,맑음,교차로 - 교차로안,승용,남,70세,상해없음,승용,남,53세,상해없음
2023100600100077,2023년 10월 6일 07시,금요일,광주광역시 서구 매월동,경상사고,0,0,1,0,차대차 - 기타,신호위반,건조,맑음,교차로 - 교차로안,승합,남,51세,상해없음,승용,남,28세,경상
2023100600100078,2023년 10월 6일 07시,금요일,광주광역시 서구 마륵동,경상사고,0,0,2,0,차대차 - 측면충돌,안전운전불이행,건조,맑음,교차로 - 교차로부근,승용,남,50세,상해없음,승용,여,55세,경상
2023100600100118,2023년 10월 6일 08시,금요일,광주광역시 서구 쌍촌동,경상사고,0,0,1,0,차대차 - 기타,안전운전불이행,건조,맑음,단일로 - 기타,승용,남,54세,상해없음,이륜,남,42세,경상
2023100600100119,2023년 10월 6일 08시,금요일,광주광역시 서구 치평동,경상사고,0,0,1,0,차대사람 - 횡단중,보행자보호의무위반,건조,맑음,교차로 - 교차로부근,승용,남,41세,상해없음,보행자,남,33세,경상
2023100600100120,2023년 10월 6일 08시,금요일,광주광역시 서구 화정동,경상사고,0,0,1,0,차대차 - 기타,안전거리미확보,건조,맑음,교차로 - 교차로부근,승용,남,68세,상해없음,승합,남,50세,경상
2023100600100249,2023년 10월 6일 12시,금요일,광주광역시 동구 대인동,중상사고,0,2,1,0,차대차 - 기타,신호위반,건조,맑음,교차로 - 교차로안,승용,남,74세,중상,승용,남,42세,중상
2023100600100323,2023년 10월 6일 14시,금요일,광주광역시 동구 계림동,경상사고,0,0,1,0,차대차 - 기타,안전운전불이행,건조,맑음,기타 - 기타,승용,남,59세,상해없음,승합,남,66세,경상
2023100600100324,2023년 10월 6일 14시,금요일,광주광역시 광산구 운남동,경상사고,0,0,2,0,차대차 - 측면충돌,안전거리미확보,건조,맑음,단일로 - 기타,승용,남,83세,상해없음,승용,남,70세,경상
2023100600100356,2023년 10월 6일 15시,금요일,광주광역시 북구 본촌동,경상사고,0,0,3,0,차대차 - 추돌,안전운전불이행,건조,맑음,교차로 - 교차로부근,승용,남,60세,상해없음,화물,남,51세,기타불명
2023100600100391,2023년 10월 6일 16시,금요일,광주광역시 남구 진월동,경상사고,0,0,1,0,차대차 - 추돌,안전운전불이행,젖음/습기,비,단일로 - 기타,이륜,남,26세,상해없음,승용,여,64세,경상
2023100600100392,2023년 10월 6일 16시,금요일,광주광역시 북구 문흥동,경상사고,0,0,2,0,차대차 - 추돌,안전운전불이행,건조,맑음,교차로 - 교차로안,승용,남,50세,상해없음,승용,여,59세,경상
2023100600100393,2023년 10월 6일 16시,금요일,광주광역시 광산구 소촌동,사망사고,1,0,2,0,차대차 - 측면충돌,안전거리미확보,건조,맑음,단일로 - 기타,자전거,남,65세,사망,승용,남,73세,경상
2023100600100394,2023년 10월 6일 16시,금요일,광주광역시 광산구 우산동,경상사고,0,0,1,0,차대차 - 측면충돌,신호위반,건조,맑음,교차로 - 교차로안,승용,남,74세,상해없음,승용,여,57세,경상
2023100600100395,2023년 10월 6일 16시,금요일,광주광역시 광산구 산정동,경상사고,0,0,1,0,차대차 - 추돌,안전운전불이행,건조,맑음,기타 - 기타,승용,여,37세,기타불명,승용,여,40세,경상