사고번호,사고일시,요일,시군구,사고내용,사망자수,중상자수,경상자수,부상신고자수,사고유형,법규위반,노면상태,기상상태,도로형태,가해운전자 차종,가해운전자 성별,가해운전자 연령,가해운전자 상해정도,피해운전자 차종,피해운전자 성별,피해운전자 연령,피해운전자 상해정도
2023100600100428,2023년 10월 6일 17시,금요일,광주광역시 서구 풍암동,경상사고,0,0,1,1,차대차 - 추돌,안전운전불이행,건조,맑음,단일로 - 터널,승용,남,52세,부상신고,화물,남,51세,경상
2023100600100429,2023년 10월 6일 17시,금요일,광주광역시 서구 서창동,중상사고,0,1,2,0,차대차 - 측면충돌,안전운전불이행,건조,맑음,교차로 - 교차로안,승용,여,25세,경상,승용,남,53세,경상
2023100600100430,2023년 10월 6일 17시,금요일,광주광역시 북구 오치동,경상사고,0,0,3,0,차대차 - 기타,안전운전불이행,건조,맑음,교차로 - 교차로부근,승용,여,43세,경상,승용,남,33세,경상
2023100600100431,2023년 10월 6일 17시,금요일,광주광역시 광산구 신창동,경상사고,0,0,2,0,차대차 - 정면충돌,신호위반,건조,맑음,교차로 - 교차로안,승용,남,40세,경상,화물,남,51세,경상
2023100600100482,2023년 10월 6일 18시,금요일,광주광역시 서구 화정동,중상사고,0,1,0,0,차대차 - 기타,안전운전불이행,건조,맑음,교차로 - 교차로부근,승용,여,31세,상해없음,사륜오토바이(ATV),남,44세,중상
2023100600100483,2023년 10월 6일 18시,금요일,광주광역시 북구 임동,경상사고,0,0,1,0,차대차 - 측면충돌,안전거리미확보,건조,맑음,단일로 - 기타,승용,남,52세,경상,승용,여,47세,기타불명
2023100600100484,2023년 10월 6일 18시,금요일,광주광역시 광산구 신가동,경상사고,0,0,1,0,차대차 - 측면충돌,안전운전불이행,건조,맑음,교차로 - 교차로부근,이륜,남,23세,상해없음,승용,여,43세,경상
2023100600100559,2023년 10월 6일 20시,금요일,광주광역시 북구 운암동,중상사고,0,2,0,0,차대차 - 기타,신호위반,건조,맑음,교차로 - 교차로안,이륜,남,45세,중상,이륜,남,48세,중상
2023100600100616,2023년 10월 6일 22시,금요일,광주광역시 광산구 장덕동,경상사고,0,0,1,0,차대차 - 측면충돌,차로위반,건조,맑음,교차로 - 교차로부근,승용,남,63세,상해없음,이륜,남,20세,경상
2023100700100009,2023년 10월 7일 00시,토요일,광주광역시 광산구 수완동,경상사고,0,0,1,0,차대차 - 측면충돌,교차로운행방법위반,건조,맑음,교차로 - 교차로부근,승용,남,26세,상해없음,승용,남,50세,경상
2023100700100028,2023년 10월 7일 02시,토요일,광주광역시 광산구 쌍암동,경상사고,0,0,2,0,차대차 - 정면충돌,신호위반,건조,맑음,교차로 - 교차로안,승용,남,22세,상해없음,승용,여,23세,경상
2023100700100042,2023년 10월 7일 04시,토요일,광주광역시 북구 운암동,경상사고,0,0,1,0,차대차 - 측면충돌,안전운전불이행,건조,맑음,단일로 - 기타,승용,남,23세,상해없음,화물,남,47세,상해없음
2023100700100051,2023년 10월 7일 05시,토요일,광주광역시 광산구 선암동,경상사고,0,0,1,0,차대차 - 추돌,안전운전불이행,건조,맑음,교차로 - 교차로부근,승용,남,30세,상해없음,승합,남,52세,경상
2023100700100069,2023년 10월 7일 07시,토요일,광주광역시 남구 진월동,경상사고,0,0,2,0,차대차 - 측면충돌,안전운전불이행,건조,맑음,단일로 - 기타,승용,남,74세,경상,승합,남,48세,경상
2023100700100159,2023년 10월 7일 11시,토요일,광주광역시 서구 쌍촌동,경상사고,0,0,1,0,차대사람 - 기타,안전운전불이행,건조,맑음,단일로 - 기타,승용,여,29세,상해없음,보행자,여,19세,경상
2023100700100160,2023년 10월 7일 11시,토요일,광주광역시 북구 양산동,중상사고,0,1,0,0,차대차 - 측면충돌,안전운전불이행,건조,맑음,교차로 - 교차로안,화물,남,27세,상해없음,이륜,남,25세,중상
2023100700100195,2023년 10월 7일 12시,토요일,광주광역시 남구 월산동,중상사고,0,1,0,0,차대차 - 측면충돌,교차로운행방법위반,건조,맑음,교차로 - 교차로안,승용,여,55세,상해없음,이륜,남,63세,중상
2023100700100196,2023년 10월 7일 12시,토요일,광주광역시 남구 봉선동,중상사고,0,1,0,0,차대차 - 기타,안전거리미확보,건조,맑음,단일로 - 기타,승용,여,57세,상해없음,이륜,남,43세,중상
2023100700100230,2023년 10월 7일 13시,토요일,광주광역시 북구 매곡동,경상사고,0,0,1,0,차대차 - 측면충돌,안전거리미확보,건조,맑음,단일로 - 기타,특수,남,56세,상해없음,승용,남,59세,상해없음
2023100700100263,2023년 10월 7일 14시,토요일,광주광역시 서구 치평동,경상사고,0,0,1,0,차대차 - 측면충돌,안전거리미확보,건조,맑음,단일로 - 기타,자전거,여,50세,경상,승용,남,25세,상해없음
2023100700100264,2023년 10월 7일 14시,토요일,광주광역시 광산구 수완동,경상사고,0,0,2,0,차대차 - 측면충돌,안전운전불이행,건조,맑음,교차로 - 교차로안,승용,여,54세,상해없음,승용,남,24세,경상
2023100700100301,2023년 10월 7일 15시,토요일,광주광역시 광산구 오산동,사망사고,1,1,1,0,차량단독 - 기타,안전운전불이행,건조,흐림,단일로 - 기타,승용,여,58세,사망,,,,
2023100700100335,2023년 10월 7일 16시,토요일,광주광역시 광산구 운수동,경상사고,0,0,1,0,차대차 - 기타,안전거리미확보,건조,맑음,단일로 - 기타,승용,남,56세,상해없음,승용,남,35세,상해없음
2023100700100395,2023년 10월 7일 18시,토요일,광주광역시 북구 우산동,경상사고,0,0,2,0,차대차 - 측면충돌,안전거리미확보,건조,맑음,교차로 - 교차로안,승용,남,73세,상해없음,승용,남,22세,경상
2023100700100396,2023년 10월 7일 18시,토요일,광주광역시 광산구 수완동,경상사고,0,0,1,0,차량단독 - 기타,안전운전불이행,건조,맑음,단일로 - 기타,개인형이동수단(PM),남,13세,경상,,,,
2023100700100529,2023년 10월 7일 23시,토요일,광주광역시 서구 쌍촌동,중상사고,0,1,0,0,차대사람 - 기타,안전운전불이행,건조,맑음,단일로 - 기타,승용,남,24세,상해없음,보행자,남,43세,중상
2023100800100046,2023년 10월 8일 06시,일요일,광주광역시 북구 운암동,경상사고,0,0,2,0,차대차 - 추돌,안전운전불이행,건조,맑음,교차로 - 교차로부근,승용,남,53세,상해없음,승용,남,24세,경상
2023100800100077,2023년 10월 8일 09시,일요일,광주광역시 남구 봉선동,경상사고,0,0,1,0,차대사람 - 길가장자리구역통행중,안전운전불이행,건조,맑음,단일로 - 기타,승용,여,48세,상해없음,보행자,여,24세,경상
2023100800100098,2023년 10월 8일 10시,일요일,광주광역시 북구 용전동,경상사고,0,0,1,0,차대차 - 기타,안전거리미확보,건조,맑음,교차로 - 교차로부근,승용,남,60세,기타불명,승용,여,27세,경상
2023100800100109,2023년 10월 8일 11시,일요일,광주광역시 북구 매곡동,경상사고,0,0,5,0,차대차 - 추돌,안전운전불이행,건조,맑음,단일로 - 기타,승용,남,48세,상해없음,승용,남,46세,경상
2023100800100112,2023년 10월 8일 11시,일요일,광주광역시 광산구 운남동,경상사고,0,0,1,0,차대사람 - 기타,안전운전불이행,건조,흐림,교차로 - 교차로부근,승용,여,34세,상해없음,보행자,여,67세,경상
2023100800100133,2023년 10월 8일 12시,일요일,광주광역시 광산구 우산동,경상사고,0,0,1,0,차대차 - 추돌,안전운전불이행,건조,맑음,단일로 - 기타,승용,남,19세,상해없음,승용,여,22세,경상
2023100800100152,2023년 10월 8일 13시,일요일,광주광역시 광산구 송정동,사망사고,3,1,3,0,차대차 - 측면충돌,신호위반,건조,맑음,교차로 - 교차로횡단보도내,승용,남,67세,상해없음,승용,여,53세,경상
2023100800100177,2023년 10월 8일 14시,일요일,광주광역시 동구 장동,경상사고,0,0,1,0,차대차 - 측면충돌,안전운전불이행,건조,맑음,단일로 - 기타,승용,남,62세,상해없음,승용,남,38세,경상
2023100800100197,2023년 10월 8일 15시,일요일,광주광역시 광산구 쌍암동,경상사고,0,0,1,0,차대차 - 추돌,안전운전불이행,건조,맑음,교차로 - 교차로부근,승용,남,61세,상해없음,승용,여,43세,경상
2023100800100276,2023년 10월 8일 18시,일요일,광주광역시 동구 산수동,경상사고,0,0,5,0,차대차 - 추돌,안전운전불이행,건조,맑음,단일로 - 기타,승용,남,62세,상해없음,승용,남,47세,경상
2023100800100277,2023년 10월 8일 18시,일요일,광주광역시 서구 농성동,경상사고,0,0,1,0,차대차 - 기타,안전운전불이행,건조,맑음,교차로 - 교차로부근,승용,여,24세,상해없음,승용,남,50세,경상
2023100800100278,2023년 10월 8일 18시,일요일,광주광역시 광산구 월계동,경상사고,0,0,3,0,차대차 - 추돌,안전운전불이행,건조,맑음,교차로 - 교차로부근,이륜,남,26세,상해없음,승용,여,22세,경상
2023100800100319,2023년 10월 8일 20시,일요일,광주광역시 남구 월산동,경상사고,0,0,1,0,차대사람 - 횡단중,안전운전불이행,건조,맑음,교차로 - 교차로안,승용,남,65세,상해없음,보행자,남,65세,경상
2023100800100367,2023년 10월 8일 23시,일요일,광주광역시 북구 용봉동,경상사고,0,0,1,0,차대차 - 측면충돌,신호위반,건조,맑음,교차로 - 교차로안,승용,남,20세,상해없음,승용,여,52세,경상
2023100900100010,2023년 10월 9일 00시,월요일,광주광역시 동구 호남동,경상사고,0,0,1,0,차대사람 - 횡단중,안전운전불이행,건조,맑음,교차로 - 교차로부근,승용,남,42세,상해없음,보행자,남,60세,경상
2023100900100034,2023년 10월 9일 03시,월요일,광주광역시 광산구 수완동,중상사고,0,1,1,1,차대차 - 측면충돌,신호위반,건조,맑음,교차로 - 교차로안,이륜,남,19세,상해없음,승용,남,19세,경상
2023100900100052,2023년 10월 9일 05시,월요일,광주광역시 서구 치평동,중상사고,0,1,0,0,차대사람 - 기타,안전운전불이행,건조,맑음,교차로 - 교차로안,승용,남,29세,상해없음,보행자,여,25세,중상
2023100900100062,2023년 10월 9일 06시,월요일,광주광역시 서구 농성동,경상사고,0,0,2,0,차대차 - 정면충돌,중앙선침범,건조,맑음,교차로 - 교차로부근,승용,남,29세,상해없음,화물,남,30세,경상
2023100900100068,2023년 10월 9일 07시,월요일,광주광역시 동구 금남로4가,경상사고,0,0,1,0,차대차 - 측면충돌,신호위반,건조,맑음,단일로 - 기타,승용,여,56세,상해없음,이륜,남,79세,경상
2023100900100090,2023년 10월 9일 09시,월요일,광주광역시 광산구 비아동,중상사고,0,1,2,0,차대차 - 기타,신호위반,건조,맑음,단일로 - 기타,승용,남,69세,기타불명,화물,남,38세,경상
2023100900100096,2023년 10월 9일 09시,월요일,광주광역시 북구 각화동,부상신고사고,0,0,0,1,차대차 - 측면충돌,안전운전불이행,건조,맑음,단일로 - 기타,승용,남,21세,기타불명,승용,남,43세,부상신고
2023100900100173,2023년 10월 9일 12시,월요일,광주광역시 동구 금동,경상사고,0,0,4,0,차대차 - 기타,안전운전불이행,건조,맑음,교차로 - 교차로안,승용,여,56세,경상,승용,남,52세,경상
2023100900100174,2023년 10월 9일 12시,월요일,광주광역시 광산구 월계동,중상사고,0,1,0,0,차대차 - 기타,안전운전불이행,건조,맑음,단일로 - 기타,승용,여,45세,상해없음,자전거,남,46세,중상
2023100900100198,2023년 10월 9일 13시,월요일,광주광역시 동구 충장로1가,경상사고,0,0,1,0,차대사람 - 길가장자리구역통행중,안전운전불이행,건조,맑음,단일로 - 기타,승용,남,39세,상해없음,보행자,남,19세,경상
2023100900100199,2023년 10월 9일 13시,월요일,광주광역시 남구 서동,중상사고,0,1,0,0,차대사람 - 횡단중,안전운전불이행,건조,맑음,단일로 - 기타,승용,여,57세,상해없음,보행자,여,71세,중상
2023100900100298,2023년 10월 9일 17시,월요일,광주광역시 서구 풍암동,경상사고,0,0,1,0,차대차 - 기타,안전운전불이행,건조,맑음,단일로 - 기타,승용,남,31세,경상,승합,남,60세,상해없음
2023100900100299,2023년 10월 9일 17시,월요일,광주광역시 북구 임동,중상사고,0,1,1,0,차대차 - 추돌,신호위반,건조,맑음,교차로 - 교차로부근,이륜,남,59세,중상,승용,남,23세,경상
2023100900100336,2023년 10월 9일 18시,월요일,광주광역시 서구 화정동,중상사고,0,1,0,0,차대사람 - 차도통행중,안전운전불이행,건조,맑음,교차로 - 교차로안,승용,남,67세,상해없음,보행자,남,77세,중상
2023100900100358,2023년 10월 9일 19시,월요일,광주광역시 남구 주월동,경상사고,0,0,1,0,차대차 - 측면충돌,안전운전불이행,건조,기타,단일로 - 기타,자전거,남,15세,기타불명,자전거,남,27세,경상
2023100900100359,2023년 10월 9일 19시,월요일,광주광역시 북구 용봉동,경상사고,0,0,1,0,차대차 - 기타,교차로운행방법위반,건조,맑음,교차로 - 교차로안,승용,여,53세,상해없음,이륜,남,27세,경상
2023100900100385,2023년 10월 9일 20시,월요일,광주광역시 서구 치평동,경상사고,0,0,4,0,차대차 - 기타,교차로운행방법위반,건조,맑음,교차로 - 교차로안,승용,남,57세,상해없음,승용,남,27세,경상
2023100900100422,2023년 10월 9일 22시,월요일,광주광역시 동구 궁동,경상사고,0,0,1,0,차대사람 - 길가장자리구역통행중,안전운전불이행,건조,맑음,교차로 - 교차로안,개인형이동수단(PM),남,15세,상해없음,보행자,여,76세,경상
2023100900100423,2023년 10월 9일 22시,월요일,광주광역시 광산구 본덕동,경상사고,0,0,2,0,차대차 - 추돌,안전운전불이행,건조,맑음,단일로 - 기타,이륜,남,19세,상해없음,승용,남,52세,경상
2023100900100429,2023년 10월 9일 23시,월요일,광주광역시 남구 주월동,중상사고,0,1,0,0,차대차 - 기타,안전운전불이행,건조,맑음,단일로 - 기타,승용,남,58세,상해없음,이륜,남,18세,중상
2023101000100010,2023년 10월 10일 02시,화요일,광주광역시 광산구 하남동,경상사고,0,0,1,0,차대차 - 측면충돌,안전운전불이행,건조,맑음,단일로 - 기타,승용,남,53세,상해없음,승용,남,60세,경상
2023101000100045,2023년 10월 10일 06시,화요일,광주광역시 북구 중흥동,중상사고,0,1,0,0,차대사람 - 횡단중,안전운전불이행,건조,맑음,단일로 - 기타,승용,남,61세,상해없음,보행자,남,68세,중상
2023101000100075,2023년 10월 10일 07시,화요일,광주광역시 광산구 도천동,중상사고,0,1,0,0,차대차 - 측면충돌,중앙선침범,건조,맑음,교차로 - 교차로안,승용,여,56세,상해없음,자전거,남,56세,중상
2023101000100124,2023년 10월 10일 08시,화요일,광주광역시 서구 풍암동,경상사고,0,0,1,0,차대차 - 추돌,안전운전불이행,건조,맑음,교차로 - 교차로안,승용,여,54세,상해없음,승용,남,35세,경상
2023101000100125,2023년 10월 10일 08시,화요일,광주광역시 북구 용봉동,경상사고,0,0,1,0,차대차 - 측면충돌,안전거리미확보,건조,맑음,단일로 - 기타,승용,여,59세,상해없음,승용,남,50세,경상
2023101000100126,2023년 10월 10일 08시,화요일,광주광역시 북구 오룡동,경상사고,0,0,3,1,차대차 - 측면충돌,교차로운행방법위반,건조,맑음,교차로 - 교차로안,승용,여,38세,경상,승합,남,73세,경상
2023101000100206,2023년 10월 10일 10시,화요일,광주광역시 남구 봉선동,경상사고,0,0,1,0,차대차 - 추돌,안전운전불이행,건조,맑음,단일로 - 기타,승용,남,69세,상해없음,승용,여,66세,경상
2023101000100207,2023년 10월 10일 10시,화요일,광주광역시 북구 용봉동,경상사고,0,0,1,0,차대차 - 기타,중앙선침범,건조,맑음,단일로 - 기타,자전거,남,73세,경상,승용,남,71세,상해없음
2023101000100248,2023년 10월 10일 11시,화요일,광주광역시 광산구 쌍암동,경상사고,0,0,1,0,차대차 - 측면충돌,안전운전불이행,건조,맑음,교차로 - 교차로안,건설기계,남,60세,상해없음,승용,남,48세,경상
2023101000100285,2023년 10월 10일 12시,화요일,광주광역시 북구 유동,경상사고,0,0,1,0,차대사람 - 횡단중,보행자보호의무위반,건조,맑음,교차로 - 교차로안,승용,여,63세,상해없음,보행자,여,55세,경상
2023101000100318,2023년 10월 10일 13시,화요일,광주광역시 서구 농성동,경상사고,0,0,1,0,차대차 - 측면충돌,안전운전불이행,건조,맑음,교차로 - 교차로부근,승용,여,41세,상해없음,승용,여,59세,경상
2023101000100319,2023년 10월 10일 13시,화요일,광주광역시 남구 월산동,경상사고,0,0,5,0,차대차 - 추돌,기타,건조,맑음,교차로 - 교차로부근,승용,남,45세,경상,승용,여,50세,경상
2023101000100360,2023년 10월 10일 14시,화요일,광주광역시 남구 주월동,중상사고,0,1,0,0,차대사람 - 기타,안전운전불이행,건조,맑음,단일로 - 기타,승용,남,25세,상해없음,보행자,남,69세,중상
2023101000100361,2023년 10월 10일 14시,화요일,광주광역시 광산구 수완동,사망사고,1,0,0,0,차대차 - 기타,기타,건조,맑음,단일로 - 기타,승용,남,23세,상해없음,이륜,여,28세,사망
2023101000100409,2023년 10월 10일 15시,화요일,광주광역시 광산구 월계동,경상사고,0,0,1,0,차대사람 - 보도통행중,기타,건조,맑음,기타 - 기타,개인형이동수단(PM),남,12세,상해없음,보행자,여,53세,경상
2023101000100528,2023년 10월 10일 18시,화요일,광주광역시 광산구 신창동,경상사고,0,0,1,0,차대차 - 기타,신호위반,건조,맑음,교차로 - 교차로안,승용,남,38세,상해없음,승용,여,28세,경상
2023101000100574,2023년 10월 10일 19시,화요일,광주광역시 북구 운암동,경상사고,0,0,1,0,차대차 - 기타,안전운전불이행,건조,맑음,단일로 - 기타,승용,남,29세,상해없음,이륜,남,40세,경상
2023101000100575,2023년 10월 10일 19시,화요일,광주광역시 북구 오치동,경상사고,0,0,1,0,차대사람 - 횡단중,보행자보호의무위반,건조,맑음,교차로 - 교차로횡단보도내,승용,여,66세,상해없음,보행자,남,80세,경상
2023101000100576,2023년 10월 10일 19시,화요일,광주광역시 북구 오치동,중상사고,0,1,0,0,차대사람 - 횡단중,보행자보호의무위반,건조,맑음,단일로 - 기타,승용,남,59세,상해없음,보행자,남,13세,중상
2023101000100602,2023년 10월 10일 20시,화요일,광주광역시 남구 봉선동,경상사고,0,0,1,0,차대차 - 측면충돌,안전운전불이행,건조,맑음,교차로 - 교차로부근,승용,여,37세,기타불명,승합,남,59세,상해없음
2023101000100624,2023년 10월 10일 21시,화요일,광주광역시 북구 신안동,경상사고,0,0,1,0,차대차 - 측면충돌,신호위반,건조,맑음,교차로 - 교차로안,이륜,남,28세,상해없음,승용,여,51세,경상
2023101000100625,2023년 10월 10일 21시,화요일,광주광역시 북구 동림동,경상사고,0,0,1,0,차대차 - 추돌,안전운전불이행,건조,맑음,단일로 - 기타,승용,남,66세,상해없음,이륜,남,33세,경상
2023101000100647,2023년 10월 10일 22시,화요일,광주광역시 동구 장동,경상사고,0,0,1,0,차대사람 - 횡단중,신호위반,건조,맑음,교차로 - 교차로안,승합,남,62세,상해없음,보행자,여,19세,경상
2023101100100005,2023년 10월 11일 00시,수요일,광주광역시 동구 남동,경상사고,0,0,1,0,차대차 - 기타,안전운전불이행,건조,맑음,단일로 - 기타,승용,남,36세,상해없음,승용,남,44세,경상
2023101100100006,2023년 10월 11일 00시,수요일,광주광역시 북구 매곡동,경상사고,0,0,1,0,차대차 - 측면충돌,안전운전불이행,건조,맑음,단일로 - 기타,승용,남,42세,상해없음,승용,남,28세,경상
2023101100100061,2023년 10월 11일 07시,수요일,광주광역시 서구 농성동,경상사고,0,0,2,0,차대차 - 추돌,안전운전불이행,건조,맑음,단일로 - 기타,승용,여,52세,상해없음,화물,남,56세,경상
2023101100100108,2023년 10월 11일 08시,수요일,광주광역시 동구 산수동,경상사고,0,0,1,0,차대사람 - 횡단중,보행자보호의무위반,건조,맑음,교차로 - 교차로부근,승용,남,33세,상해없음,보행자,여,24세,경상
2023101100100109,2023년 10월 11일 08시,수요일,광주광역시 동구 지산동,중상사고,0,1,4,0,차대차 - 추돌,안전거리미확보,건조,맑음,단일로 - 기타,승용,여,38세,경상,승용,남,49세,경상
2023101100100110,2023년 10월 11일 08시,수요일,광주광역시 북구 매곡동,경상사고,0,0,1,0,차대차 - 추돌,안전운전불이행,건조,맑음,교차로 - 교차로부근,승용,남,65세,상해없음,승용,여,30세,경상
2023101100100111,2023년 10월 11일 08시,수요일,광주광역시 광산구 우산동,중상사고,0,1,0,0,차대차 - 기타,안전운전불이행,건조,맑음,단일로 - 기타,화물,남,28세,상해없음,자전거,여,53세,중상
2023101100100144,2023년 10월 11일 09시,수요일,광주광역시 동구 계림동,경상사고,0,0,1,0,차량단독 - 기타,안전운전불이행,건조,맑음,교차로 - 교차로안,승합,남,52세,상해없음,,,,
2023101100100145,2023년 10월 11일 09시,수요일,광주광역시 광산구 용곡동,중상사고,0,1,0,0,차대차 - 기타,안전운전불이행,건조,맑음,단일로 - 기타,화물,남,36세,상해없음,승용,남,56세,중상
2023101100100210,2023년 10월 11일 11시,수요일,광주광역시 남구 봉선동,경상사고,0,0,1,0,차대차 - 측면충돌,교차로운행방법위반,건조,맑음,교차로 - 교차로안,승용,남,33세,상해없음,승합,남,59세,경상
2023101100100211,2023년 10월 11일 11시,수요일,광주광역시 광산구 도천동,경상사고,0,0,1,0,차대차 - 기타,교차로운행방법위반,건조,맑음,교차로 - 교차로안,승용,여,50세,상해없음,승용,여,32세,경상
2023101100100250,2023년 10월 11일 12시,수요일,광주광역시 북구 운암동,경상사고,0,0,1,0,차대차 - 측면충돌,안전운전불이행,건조,맑음,단일로 - 기타,승용,여,66세,경상,승용,남,77세,상해없음
2023101100100287,2023년 10월 11일 13시,수요일,광주광역시 서구 화정동,경상사고,0,0,1,0,차대차 - 추돌,중앙선침범,건조,맑음,단일로 - 기타,승용,남,54세,상해없음,이륜,남,34세,경상
2023101100100317,2023년 10월 11일 14시,수요일,광주광역시 광산구 우산동,경상사고,0,0,1,0,차대차 - 기타,안전거리미확보,건조,맑음,단일로 - 기타,화물,남,58세,상해없음,승용,남,61세,경상
2023101100100359,2023년 10월 11일 15시,수요일,광주광역시 서구 유촌동,경상사고,0,0,1,0,차대차 - 기타,안전운전불이행,건조,맑음,교차로 - 교차로안,화물,남,57세,상해없음,승용,남,33세,경상
2023101100100392,2023년 10월 11일 16시,수요일,광주광역시 서구 화정동,경상사고,0,0,1,0,차대차 - 추돌,안전운전불이행,건조,맑음,교차로 - 교차로부근,승용,남,32세,상해없음,승용,남,78세,경상
2023101100100393,2023년 10월 11일 16시,수요일,광주광역시 광산구 수완동,경상사고,0,0,1,0,차대차 - 기타,신호위반,건조,맑음,교차로 - 교차로안,승용,여,68세,경상,승합,남,59세,상해없음
2023101100100439,2023년 10월 11일 17시,수요일,광주광역시 광산구 우산동,경상사고,0,0,3,0,차대차 - 측면충돌,교차로운행방법위반,건조,맑음,교차로 - 교차로안,승용,여,29세,경상,승용,남,39세,경상
2023101100100521,2023년 10월 11일 18시,수요일,광주광역시 서구 유촌동,경상사고,0,0,1,0,차대차 - 측면충돌,신호위반,건조,맑음,교차로 - 교차로부근,승용,남,26세,상해없음,승용,여,72세,경상
2023101100100522,2023년 10월 11일 18시,수요일,광주광역시 북구 중흥동,경상사고,0,0,1,0,차대사람 - 기타,안전운전불이행,건조,맑음,단일로 - 기타,승용,여,23세,상해없음,보행자,여,39세,경상
2023101100100523,2023년 10월 11일 18시,수요일,광주광역시 광산구 월계동,중상사고,0,1,0,0,차대사람 - 기타,신호위반,건조,맑음,교차로 - 교차로부근,승용,남,25세,상해없음,보행자,남,10세,중상
2023101100100566,2023년 10월 11일 19시,수요일,광주광역시 서구 화정동,중상사고,0,1,0,0,차대차 - 기타,직진우회전진행방해,건조,맑음,교차로 - 교차로부근,이륜,남,39세,중상,승용,여,52세,상해없음
2023101200100017,2023년 10월 12일 01시,목요일,광주광역시 광산구 월곡동,중상사고,0,1,0,0,차대차 - 기타,교차로운행방법위반,건조,맑음,교차로 - 교차로안,승용,남,42세,상해없음,이륜,남,20세,중상
2023101200100119,2023년 10월 12일 08시,목요일,광주광역시 동구 계림동,중상사고,0,1,0,0,차대차 - 기타,안전운전불이행,건조,맑음,교차로 - 교차로안,승용,남,28세,상해없음,이륜,남,31세,중상
2023101200100120,2023년 10월 12일 08시,목요일,광주광역시 서구 치평동,경상사고,0,0,3,0,차대차 - 측면충돌,안전운전불이행,건조,맑음,단일로 - 교량,화물,남,32세,상해없음,승용,남,51세,경상
2023101200100121,2023년 10월 12일 08시,목요일,광주광역시 남구 진월동,경상사고,0,0,1,0,차량단독 - 기타,안전운전불이행,건조,맑음,단일로 - 기타,승합,남,53세,상해없음,,,,
2023101200100162,2023년 10월 12일 09시,목요일,광주광역시 북구 중흥동,경상사고,0,0,3,0,차대사람 - 기타,안전운전불이행,건조,맑음,단일로 - 기타,승합,남,64세,상해없음,보행자,남,66세,경상
2023101200100262,2023년 10월 12일 12시,목요일,광주광역시 서구 광천동,경상사고,0,0,1,0,차대차 - 추돌,안전운전불이행,건조,맑음,교차로 - 교차로부근,승용,남,62세,상해없음,승용,여,42세,경상
2023101200100299,2023년 10월 12일 13시,목요일,광주광역시 서구 치평동,경상사고,0,0,2,0,차대차 - 기타,안전운전불이행,건조,맑음,교차로 - 교차로안,승용,여,66세,상해없음,승용,남,45세,상해없음
2023101200100417,2023년 10월 12일 16시,목요일,광주광역시 서구 쌍촌동,부상신고사고,0,0,0,1,차대차 - 기타,교차로운행방법위반,건조,맑음,교차로 - 교차로부근,승용,남,56세,상해없음,이륜,남,66세,부상신고
2023101200100496,2023년 10월 12일 18시,목요일,광주광역시 동구 궁동,경상사고,0,0,2,0,차대차 - 기타,차로위반,건조,맑음,단일로 - 기타,승합,남,63세,상해없음,승용,남,32세,경상
2023101200100497,2023년 10월 12일 18시,목요일,광주광역시 광산구 비아동,경상사고,0,0,3,0,차대차 - 기타,안전운전불이행,건조,맑음,교차로 - 교차로안,승용,남,63세,상해없음,승용,남,77세,경상
2023101200100589,2023년 10월 12일 20시,목요일,광주광역시 북구 신안동,경상사고,0,0,1,0,차대차 - 기타,교차로운행방법위반,건조,맑음,교차로 - 교차로안,이륜,남,21세,상해없음,승용,여,28세,경상
2023101200100590,2023년 10월 12일 20시,목요일,광주광역시 광산구 월곡동,경상사고,0,0,7,0,차대차 - 측면충돌,신호위반,건조,맑음,단일로 - 기타,승용,남,47세,경상,승용,남,47세,경상
2023101200100625,2023년 10월 12일 22시,목요일,광주광역시 광산구 동림동,경상사고,0,0,1,0,차대차 - 기타,안전거리미확보,건조,맑음,단일로 - 기타,승용,남,72세,상해없음,승용,여,44세,경상
2023101300100007,2023년 10월 13일 00시,금요일,광주광역시 동구 학동,경상사고,0,0,2,0,차대차 - 기타,안전운전불이행,건조,맑음,단일로 - 기타,승용,남,41세,경상,승용,남,50세,경상
2023101300100008,2023년 10월 13일 00시,금요일,광주광역시 북구 신용동,경상사고,0,0,2,0,차대차 - 추돌,안전운전불이행,건조,맑음,교차로 - 교차로부근,승용,남,50세,상해없음,승용,남,18세,경상
2023101300100016,2023년 10월 13일 01시,금요일,광주광역시 북구 두암동,경상사고,0,0,1,0,차대차 - 기타,신호위반,건조,맑음,교차로 - 교차로안,승용,남,68세,상해없음,승용,남,42세,경상
2023101300100023,2023년 10월 13일 02시,금요일,광주광역시 서구 치평동,경상사고,0,0,2,0,차대차 - 추돌,안전운전불이행,젖음/습기,맑음,단일로 - 지하차도(도로)내,화물,남,49세,경상,승용,남,41세,경상
2023101300100056,2023년 10월 13일 06시,금요일,광주광역시 광산구 장덕동,경상사고,0,0,1,1,차대차 - 기타,교차로운행방법위반,건조,맑음,교차로 - 교차로안,승용,남,55세,부상신고,승용,남,39세,경상
2023101300100077,2023년 10월 13일 07시,금요일,광주광역시 광산구 산월동,경상사고,0,0,2,0,차대차 - 측면충돌,안전거리미확보,건조,맑음,교차로 - 교차로안,승용,남,38세,상해없음,승용,여,49세,경상