사고번호,사고일시,요일,시군구,사고내용,사망자수,중상자수,경상자수,부상신고자수,사고유형,법규위반,노면상태,기상상태,도로형태,가해운전자 차종,가해운전자 성별,가해운전자 연령,가해운전자 상해정도,피해운전자 차종,피해운전자 성별,피해운전자 연령,피해운전자 상해정도
2023101300100120,2023년 10월 13일 08시,금요일,광주광역시 남구 행암동,경상사고,0,0,2,0,차대차 - 추돌,교차로운행방법위반,건조,맑음,단일로 - 기타,승합,남,72세,상해없음,승용,여,37세,경상
2023101300100121,2023년 10월 13일 08시,금요일,광주광역시 북구 매곡동,경상사고,0,0,1,0,차대차 - 추돌,안전운전불이행,건조,맑음,단일로 - 기타,승용,남,64세,상해없음,승용,남,25세,경상
2023101300100122,2023년 10월 13일 08시,금요일,광주광역시 북구 운암동,경상사고,0,0,1,0,차대차 - 측면충돌,중앙선침범,건조,맑음,단일로 - 교량,승용,여,52세,상해없음,승용,남,23세,경상
2023101300100157,2023년 10월 13일 09시,금요일,광주광역시 서구 쌍촌동,경상사고,0,0,1,0,차대사람 - 기타,안전운전불이행,건조,맑음,교차로 - 교차로안,승합,남,70세,상해없음,보행자,남,59세,경상
2023101300100158,2023년 10월 13일 09시,금요일,광주광역시 광산구 도천동,경상사고,0,0,1,0,차량단독 - 기타,안전운전불이행,건조,맑음,단일로 - 기타,승용,여,68세,경상,,,,
2023101300100205,2023년 10월 13일 10시,금요일,광주광역시 남구 양림동,경상사고,0,0,1,0,차대사람 - 기타,교차로운행방법위반,건조,맑음,기타 - 기타,화물,남,41세,상해없음,보행자,여,79세,경상
2023101300100245,2023년 10월 13일 11시,금요일,광주광역시 동구 산수동,중상사고,0,1,0,0,차대사람 - 기타,안전운전불이행,건조,맑음,기타 - 기타,승합,남,50세,상해없음,보행자,여,81세,중상
2023101300100246,2023년 10월 13일 11시,금요일,광주광역시 서구 쌍촌동,경상사고,0,0,1,0,차대차 - 기타,불법유턴,건조,맑음,교차로 - 교차로안,승용,남,66세,상해없음,승용,여,27세,경상
2023101300100247,2023년 10월 13일 11시,금요일,광주광역시 남구 진월동,경상사고,0,0,1,0,차대차 - 측면충돌,안전운전불이행,건조,맑음,교차로 - 교차로부근,화물,남,44세,상해없음,화물,남,62세,경상
2023101300100248,2023년 10월 13일 11시,금요일,광주광역시 북구 운암동,경상사고,0,0,1,0,차대사람 - 기타,안전운전불이행,건조,맑음,교차로 - 교차로부근,화물,남,45세,상해없음,보행자,남,76세,경상
2023101300100249,2023년 10월 13일 11시,금요일,광주광역시 광산구 소촌동,경상사고,0,0,2,0,차대차 - 추돌,안전운전불이행,건조,맑음,교차로 - 교차로부근,건설기계,남,52세,상해없음,승용,여,43세,경상
2023101300100283,2023년 10월 13일 12시,금요일,광주광역시 북구 중흥동,부상신고사고,0,0,0,1,차대차 - 후진중충돌,안전운전불이행,건조,맑음,단일로 - 기타,승용,남,23세,상해없음,승용,남,32세,부상신고
2023101300100284,2023년 10월 13일 12시,금요일,광주광역시 북구 임동,경상사고,0,0,3,0,차대차 - 측면충돌,안전거리미확보,건조,맑음,단일로 - 기타,승용,남,79세,경상,승용,남,42세,경상
2023101300100318,2023년 10월 13일 13시,금요일,광주광역시 북구 임동,경상사고,0,0,2,0,차대차 - 측면충돌,안전거리미확보,기타,기타,단일로 - 기타,화물,남,59세,상해없음,승용,남,26세,경상
2023101300100319,2023년 10월 13일 13시,금요일,광주광역시 광산구 도천동,경상사고,0,0,1,0,차대차 - 기타,안전운전불이행,건조,맑음,교차로 - 교차로부근,승용,남,27세,상해없음,승용,여,70세,경상
2023101300100338,2023년 10월 13일 14시,금요일,광주광역시 동구 불로동,경상사고,0,0,1,0,차대차 - 측면충돌,중앙선침범,건조,맑음,단일로 - 기타,승용,여,25세,상해없음,이륜,남,44세,경상
2023101300100339,2023년 10월 13일 14시,금요일,광주광역시 북구 각화동,경상사고,0,0,1,0,차대차 - 기타,안전운전불이행,건조,맑음,단일로 - 기타,승용,남,70세,상해없음,승용,남,21세,경상
2023101300100464,2023년 10월 13일 17시,금요일,광주광역시 광산구 월계동,경상사고,0,0,1,0,차대차 - 측면충돌,차로위반,건조,맑음,단일로 - 기타,특수,남,61세,상해없음,건설기계,남,41세,경상
2023101300100546,2023년 10월 13일 18시,금요일,광주광역시 남구 노대동,경상사고,0,0,1,0,차대차 - 추돌,안전운전불이행,건조,맑음,교차로 - 교차로부근,승용,남,36세,상해없음,이륜,남,60세,경상
2023101300100547,2023년 10월 13일 18시,금요일,광주광역시 북구 운암동,경상사고,0,0,1,0,차대사람 - 길가장자리구역통행중,안전운전불이행,건조,맑음,단일로 - 기타,승용,여,25세,상해없음,보행자,여,63세,경상
2023101300100638,2023년 10월 13일 20시,금요일,광주광역시 서구 쌍촌동,경상사고,0,0,2,0,차대차 - 측면충돌,차로위반,건조,맑음,단일로 - 기타,승용,남,55세,기타불명,승용,남,26세,경상
2023101300100639,2023년 10월 13일 20시,금요일,광주광역시 광산구 월계동,경상사고,0,0,1,0,차대차 - 측면충돌,안전운전불이행,건조,맑음,교차로 - 교차로부근,승용,남,26세,상해없음,승합,남,63세,상해없음
2023101400100118,2023년 10월 14일 09시,토요일,광주광역시 서구 금호동,경상사고,0,0,3,0,차대차 - 기타,안전운전불이행,건조,맑음,교차로 - 교차로부근,승용,여,72세,상해없음,승용,남,53세,경상
2023101400100152,2023년 10월 14일 10시,토요일,광주광역시 서구 세하동,경상사고,0,0,1,0,차대차 - 추돌,안전운전불이행,건조,맑음,단일로 - 기타,자전거,남,48세,경상,승용,남,73세,상해없음
2023101400100186,2023년 10월 14일 11시,토요일,광주광역시 북구 두암동,경상사고,0,0,1,0,차대사람 - 횡단중,신호위반,건조,맑음,단일로 - 기타,승용,남,29세,상해없음,보행자,여,25세,경상
2023101400100187,2023년 10월 14일 11시,토요일,광주광역시 광산구 월계동,경상사고,0,0,1,0,차대차 - 추돌,안전운전불이행,건조,맑음,교차로 - 교차로부근,화물,남,54세,상해없음,승용,여,33세,상해없음
2023101400100260,2023년 10월 14일 13시,토요일,광주광역시 동구 학동,경상사고,0,0,2,0,차대차 - 측면충돌,안전거리미확보,건조,맑음,단일로 - 기타,승용,남,74세,상해없음,승용,남,38세,경상
2023101400100261,2023년 10월 14일 13시,토요일,광주광역시 서구 금호동,경상사고,0,0,1,0,차대차 - 기타,안전운전불이행,건조,맑음,교차로 - 교차로안,승용,남,68세,상해없음,승용,남,36세,경상
2023101400100329,2023년 10월 14일 15시,토요일,광주광역시 북구 오치동,경상사고,0,0,1,0,차대차 - 측면충돌,신호위반,건조,맑음,교차로 - 교차로안,승용,남,39세,상해없음,승용,남,39세,경상
2023101400100407,2023년 10월 14일 17시,토요일,광주광역시 북구 신용동,경상사고,0,0,1,0,차대사람 - 기타,안전운전불이행,건조,맑음,주차장 - 주차장,승용,남,44세,상해없음,보행자,여,42세,경상
2023101400100474,2023년 10월 14일 19시,토요일,광주광역시 남구 진월동,경상사고,0,0,1,0,차대차 - 기타,안전운전불이행,건조,맑음,교차로 - 교차로안,자전거,남,13세,상해없음,승용,여,36세,경상
2023101400100475,2023년 10월 14일 19시,토요일,광주광역시 북구 삼각동,경상사고,0,0,1,0,차대사람 - 차도통행중,안전운전불이행,건조,맑음,교차로 - 교차로안,승용,남,73세,상해없음,보행자,남,51세,경상
2023101400100501,2023년 10월 14일 20시,토요일,광주광역시 북구 문흥동,경상사고,0,0,1,0,차대차 - 측면충돌,차로위반,건조,맑음,단일로 - 기타,승용,남,38세,상해없음,승용,여,27세,경상
2023101400100510,2023년 10월 14일 20시,토요일,광주광역시 북구 중흥동,경상사고,0,0,1,0,차대차 - 측면충돌,안전운전불이행,건조,맑음,단일로 - 기타,승용,남,42세,상해없음,승용,남,32세,경상
2023101400100511,2023년 10월 14일 20시,토요일,광주광역시 광산구 지죽동,경상사고,0,0,3,0,차대차 - 측면충돌,안전운전불이행,건조,맑음,단일로 - 기타,승용,남,47세,상해없음,승용,남,40세,경상
2023101400100576,2023년 10월 14일 23시,토요일,광주광역시 서구 치평동,경상사고,0,0,2,0,차대사람 - 기타,안전운전불이행,건조,맑음,단일로 - 기타,승용,남,25세,상해없음,보행자,여,49세,경상
2023101500100013,2023년 10월 15일 00시,일요일,광주광역시 광산구 신창동,경상사고,0,0,1,0,차대차 - 기타,안전운전불이행,건조,맑음,단일로 - 기타,개인형이동수단(PM),남,15세,경상,원동기,남,19세,상해없음
2023101500100026,2023년 10월 15일 01시,일요일,광주광역시 광산구 월계동,경상사고,0,0,1,0,차대사람 - 기타,안전운전불이행,건조,맑음,교차로 - 교차로부근,승용,여,31세,상해없음,보행자,남,25세,경상
2023101500100048,2023년 10월 15일 04시,일요일,광주광역시 북구 용봉동,경상사고,0,0,1,0,차대차 - 측면충돌,안전운전불이행,건조,맑음,단일로 - 기타,승용,남,24세,상해없음,화물,기타불명,미분류,기타불명
2023101500100232,2023년 10월 15일 14시,일요일,광주광역시 남구 월산동,중상사고,0,1,1,0,차대차 - 측면충돌,신호위반,건조,맑음,교차로 - 교차로부근,승용,남,73세,중상,승용,남,63세,경상
2023101500100297,2023년 10월 15일 16시,일요일,광주광역시 동구 계림동,경상사고,0,0,1,0,차대사람 - 기타,신호위반,건조,맑음,기타 - 기타,승용,남,65세,상해없음,보행자,남,64세,경상
2023101500100298,2023년 10월 15일 16시,일요일,광주광역시 서구 화정동,경상사고,0,0,4,0,차대차 - 기타,교차로운행방법위반,건조,맑음,교차로 - 교차로부근,승용,여,63세,상해없음,승용,남,39세,경상
2023101500100299,2023년 10월 15일 16시,일요일,광주광역시 북구 문흥동,경상사고,0,0,6,0,차대차 - 기타,안전운전불이행,건조,맑음,단일로 - 기타,화물,남,58세,상해없음,승용,남,58세,경상
2023101500100357,2023년 10월 15일 18시,일요일,광주광역시 남구 진월동,경상사고,0,0,1,0,차대차 - 후진중충돌,불법유턴,건조,맑음,교차로 - 교차로부근,승용,남,58세,상해없음,승용,여,45세,경상
2023101500100359,2023년 10월 15일 18시,일요일,광주광역시 광산구 월계동,경상사고,0,0,1,0,차대차 - 측면충돌,안전운전불이행,건조,맑음,단일로 - 기타,승용,남,27세,상해없음,승용,남,42세,경상
2023101500100391,2023년 10월 15일 19시,일요일,광주광역시 광산구 송정동,중상사고,0,1,0,0,차대사람 - 횡단중,안전운전불이행,건조,맑음,단일로 - 기타,이륜,남,21세,상해없음,보행자,남,69세,중상
2023101500100407,2023년 10월 15일 20시,일요일,광주광역시 북구 용봉동,경상사고,0,0,3,0,차대차 - 기타,안전거리미확보,건조,맑음,단일로 - 기타,승용,여,59세,경상,승용,남,22세,경상
2023101500100408,2023년 10월 15일 20시,일요일,광주광역시 광산구 신가동,경상사고,0,0,1,0,차대사람 - 횡단중,신호위반,건조,맑음,교차로 - 교차로안,이륜,남,47세,상해없음,보행자,남,22세,경상
2023101500100426,2023년 10월 15일 21시,일요일,광주광역시 서구 풍암동,중상사고,0,1,0,0,차대사람 - 차도통행중,기타,건조,맑음,단일로 - 기타,개인형이동수단(PM),남,40세,상해없음,보행자,남,14세,중상
2023101500100427,2023년 10월 15일 21시,일요일,광주광역시 남구 봉선동,경상사고,0,0,2,0,차대차 - 측면충돌,교차로운행방법위반,건조,맑음,교차로 - 교차로안,승용,여,23세,기타불명,승용,남,78세,경상
2023101500100436,2023년 10월 15일 22시,일요일,광주광역시 서구 광천동,경상사고,0,0,1,0,차대차 - 기타,안전운전불이행,건조,맑음,단일로 - 기타,승용,남,44세,상해없음,이륜,남,63세,경상
2023101500100441,2023년 10월 15일 23시,일요일,광주광역시 북구 신안동,경상사고,0,0,2,0,차대차 - 정면충돌,신호위반,건조,맑음,교차로 - 교차로안,승용,남,57세,상해없음,이륜,남,40세,경상
2023101600100121,2023년 10월 16일 08시,월요일,광주광역시 서구 쌍촌동,중상사고,0,1,0,0,차대사람 - 횡단중,보행자보호의무위반,건조,맑음,교차로 - 교차로부근,화물,남,52세,상해없음,보행자,남,65세,중상
2023101600100122,2023년 10월 16일 08시,월요일,광주광역시 남구 진월동,경상사고,0,0,2,0,차대차 - 추돌,안전운전불이행,건조,맑음,단일로 - 기타,승용,여,41세,기타불명,승용,여,52세,경상
2023101600100163,2023년 10월 16일 09시,월요일,광주광역시 서구 치평동,경상사고,0,0,1,0,차량단독 - 기타,기타,건조,맑음,단일로 - 기타,승용,남,63세,상해없음,,,,
2023101600100192,2023년 10월 16일 10시,월요일,광주광역시 동구 학동,경상사고,0,0,1,0,차대차 - 측면충돌,안전운전불이행,건조,맑음,단일로 - 기타,이륜,남,22세,경상,승용,여,72세,상해없음
2023101600100234,2023년 10월 16일 11시,월요일,광주광역시 남구 월산동,경상사고,0,0,1,0,차대차 - 측면충돌,안전운전불이행,건조,맑음,교차로 - 교차로부근,화물,남,34세,상해없음,개인형이동수단(PM),남,23세,경상
2023101600100267,2023년 10월 16일 12시,월요일,광주광역시 북구 동림동,경상사고,0,0,1,0,차대차 - 기타,안전거리미확보,건조,맑음,단일로 - 기타,승용,여,70세,상해없음,승용,남,67세,경상
2023101600100383,2023년 10월 16일 15시,월요일,광주광역시 서구 쌍촌동,경상사고,0,0,2,0,차대차 - 기타,교차로운행방법위반,건조,맑음,교차로 - 교차로부근,사륜오토바이(ATV),남,44세,경상,원동기,남,24세,경상
2023101600100384,2023년 10월 16일 15시,월요일,광주광역시 북구 오치동,경상사고,0,0,1,0,차대차 - 기타,안전운전불이행,건조,맑음,단일로 - 기타,이륜,남,28세,상해없음,승용,남,30세,경상
2023101600100385,2023년 10월 16일 15시,월요일,광주광역시 북구 유동,경상사고,0,0,1,0,차대차 - 측면충돌,안전운전불이행,건조,맑음,교차로 - 교차로안,승용,남,48세,기타불명,승용,여,31세,경상
2023101600100437,2023년 10월 16일 16시,월요일,광주광역시 서구 마륵동,경상사고,0,0,2,0,차대차 - 기타,안전운전불이행,건조,맑음,단일로 - 기타,승용,남,75세,상해없음,승용,남,47세,경상
2023101600100438,2023년 10월 16일 16시,월요일,광주광역시 광산구 운수동,경상사고,0,0,1,0,차대차 - 측면충돌,교차로운행방법위반,건조,맑음,교차로 - 교차로안,승용,남,62세,상해없음,화물,남,22세,경상
2023101600100439,2023년 10월 16일 16시,월요일,광주광역시 광산구 오운동,경상사고,0,0,4,0,차대차 - 추돌,안전운전불이행,건조,맑음,단일로 - 기타,승용,남,56세,경상,승용,남,29세,상해없음
2023101600100481,2023년 10월 16일 17시,월요일,광주광역시 남구 월산동,경상사고,0,0,1,0,차대사람 - 기타,안전운전불이행,건조,맑음,단일로 - 기타,승용,남,67세,상해없음,보행자,남,44세,경상
2023101600100482,2023년 10월 16일 17시,월요일,광주광역시 북구 우산동,경상사고,0,0,2,0,차대차 - 기타,안전운전불이행,건조,맑음,단일로 - 기타,승용,남,64세,상해없음,원동기,남,23세,경상
2023101600100483,2023년 10월 16일 17시,월요일,광주광역시 광산구 하남동,경상사고,0,0,2,0,차대차 - 측면충돌,교차로운행방법위반,건조,맑음,단일로 - 기타,승용,여,54세,경상,화물,남,60세,경상
2023101600100578,2023년 10월 16일 19시,월요일,광주광역시 남구 월산동,경상사고,0,0,1,0,차대차 - 추돌,안전거리미확보,건조,맑음,교차로 - 교차로안,기타불명,기타불명,미분류,기타불명,승용,남,30세,경상
2023101600100579,2023년 10월 16일 19시,월요일,광주광역시 북구 각화동,경상사고,0,0,1,0,차대차 - 기타,중앙선침범,건조,맑음,단일로 - 기타,이륜,남,68세,상해없음,이륜,남,21세,경상
2023101600100621,2023년 10월 16일 21시,월요일,광주광역시 서구 치평동,경상사고,0,0,1,0,차대차 - 기타,안전운전불이행,건조,맑음,단일로 - 지하차도(도로)내,승용,남,52세,기타불명,승합,남,49세,상해없음
2023101700100028,2023년 10월 17일 04시,화요일,광주광역시 북구 매곡동,경상사고,0,0,1,0,차량단독 - 공작물충돌,안전운전불이행,건조,맑음,단일로 - 기타,승용,여,46세,경상,,,,
2023101700100083,2023년 10월 17일 07시,화요일,광주광역시 북구 운암동,경상사고,0,0,1,0,차대차 - 측면충돌,안전거리미확보,건조,맑음,단일로 - 기타,승용,여,50세,상해없음,승용,남,31세,경상
2023101700100084,2023년 10월 17일 07시,화요일,광주광역시 광산구 신창동,경상사고,0,0,1,0,차대차 - 측면충돌,신호위반,건조,맑음,교차로 - 교차로안,승용,여,35세,상해없음,승용,여,57세,경상
2023101700100133,2023년 10월 17일 08시,화요일,광주광역시 북구 두암동,중상사고,0,1,0,0,차대차 - 측면충돌,안전운전불이행,건조,맑음,단일로 - 기타,승용,남,50세,상해없음,자전거,남,13세,중상
2023101700100134,2023년 10월 17일 08시,화요일,광주광역시 북구 임동,경상사고,0,0,1,0,차대차 - 추돌,안전운전불이행,건조,맑음,교차로 - 교차로부근,승용,여,56세,상해없음,승용,남,40세,경상
2023101700100214,2023년 10월 17일 10시,화요일,광주광역시 동구 대인동,경상사고,0,0,1,0,차대차 - 기타,안전거리미확보,건조,맑음,교차로 - 교차로부근,승용,여,58세,상해없음,승합,남,57세,경상
2023101700100215,2023년 10월 17일 10시,화요일,광주광역시 서구 농성동,경상사고,0,0,1,0,차대차 - 기타,안전운전불이행,건조,맑음,교차로 - 교차로부근,승용,여,48세,상해없음,이륜,남,54세,경상
2023101700100216,2023년 10월 17일 10시,화요일,광주광역시 북구 오치동,경상사고,0,0,2,0,차대차 - 측면충돌,직진우회전진행방해,건조,맑음,교차로 - 교차로안,승용,남,30세,경상,승용,남,71세,경상
2023101700100296,2023년 10월 17일 12시,화요일,광주광역시 광산구 장덕동,경상사고,0,0,1,0,차대차 - 측면충돌,교차로운행방법위반,건조,맑음,교차로 - 교차로안,화물,남,58세,상해없음,승용,여,54세,경상
2023101700100327,2023년 10월 17일 13시,화요일,광주광역시 서구 금호동,경상사고,0,0,2,0,차대차 - 기타,교차로운행방법위반,건조,맑음,교차로 - 교차로안,승용,남,83세,상해없음,승용,남,53세,경상
2023101700100408,2023년 10월 17일 15시,화요일,광주광역시 남구 봉선동,부상신고사고,0,0,0,1,차대차 - 추돌,안전운전불이행,건조,맑음,단일로 - 기타,승용,남,75세,상해없음,승용,여,49세,부상신고
2023101700100409,2023년 10월 17일 15시,화요일,광주광역시 북구 동림동,경상사고,0,0,1,0,차대차 - 측면충돌,신호위반,건조,맑음,교차로 - 교차로안,승용,남,70세,상해없음,승용,남,60세,경상
2023101700100410,2023년 10월 17일 15시,화요일,광주광역시 광산구 우산동,중상사고,0,1,5,1,차대차 - 추돌,안전거리미확보,건조,맑음,단일로 - 기타,화물,남,40세,중상,승합,남,70세,상해없음
2023101700100460,2023년 10월 17일 16시,화요일,광주광역시 서구 화정동,경상사고,0,0,1,0,차대사람 - 기타,안전운전불이행,건조,맑음,단일로 - 기타,승용,남,65세,상해없음,보행자,남,5세,경상
2023101700100461,2023년 10월 17일 16시,화요일,광주광역시 북구 신안동,경상사고,0,0,1,0,차대차 - 추돌,안전운전불이행,건조,맑음,주차장 - 주차장,승용,남,83세,상해없음,승용,여,57세,경상
2023101700100561,2023년 10월 17일 18시,화요일,광주광역시 북구 운암동,중상사고,0,1,1,0,차대사람 - 기타,안전운전불이행,건조,맑음,단일로 - 기타,이륜,남,57세,중상,보행자,남,67세,경상
2023101700100562,2023년 10월 17일 18시,화요일,광주광역시 북구 두암동,경상사고,0,0,1,0,차대차 - 후진중충돌,안전운전불이행,건조,맑음,기타 - 기타,승용,여,50세,상해없음,자전거,남,71세,경상
2023101700100563,2023년 10월 17일 18시,화요일,광주광역시 광산구 수완동,경상사고,0,0,1,0,차대차 - 기타,안전운전불이행,건조,맑음,단일로 - 기타,승용,남,45세,상해없음,승합,남,26세,경상
2023101700100609,2023년 10월 17일 19시,화요일,광주광역시 동구 학동,경상사고,0,0,1,0,차대사람 - 기타,안전운전불이행,건조,맑음,교차로 - 교차로안,승용,여,57세,상해없음,보행자,남,52세,경상
2023101700100660,2023년 10월 17일 21시,화요일,광주광역시 남구 임암동,경상사고,0,0,1,0,차대차 - 측면충돌,교차로운행방법위반,건조,맑음,교차로 - 교차로안,승합,남,52세,상해없음,승용,여,63세,경상
2023101700100678,2023년 10월 17일 22시,화요일,광주광역시 광산구 산월동,경상사고,0,0,2,0,차대차 - 기타,안전운전불이행,건조,맑음,단일로 - 기타,승용,남,18세,상해없음,승용,남,40세,상해없음
2023101800100012,2023년 10월 18일 00시,수요일,광주광역시 서구 서창동,경상사고,0,0,1,0,차량단독 - 공작물충돌,안전운전불이행,건조,맑음,단일로 - 기타,승용,남,21세,경상,,,,
2023101800100013,2023년 10월 18일 00시,수요일,광주광역시 북구 동림동,경상사고,0,0,1,0,차대차 - 측면충돌,안전거리미확보,건조,맑음,단일로 - 교량,승용,남,28세,상해없음,승용,여,23세,경상
2023101800100086,2023년 10월 18일 07시,수요일,광주광역시 북구 신안동,경상사고,0,0,1,0,차대차 - 추돌,안전운전불이행,건조,맑음,교차로 - 교차로안,개인형이동수단(PM),남,29세,경상,화물,남,62세,상해없음
2023101800100132,2023년 10월 18일 08시,수요일,광주광역시 북구 문흥동,경상사고,0,0,1,0,차대차 - 추돌,안전운전불이행,건조,맑음,단일로 - 고가도로위,승용,남,64세,상해없음,승용,여,42세,경상
2023101800100166,2023년 10월 18일 09시,수요일,광주광역시 서구 동천동,경상사고,0,0,3,0,차대차 - 정면충돌,안전운전불이행,건조,맑음,교차로 - 교차로안,승용,여,55세,경상,승용,여,52세,경상
2023101800100167,2023년 10월 18일 09시,수요일,광주광역시 광산구 송정동,경상사고,0,0,2,0,차대차 - 기타,안전운전불이행,건조,맑음,단일로 - 기타,승용,여,63세,상해없음,승용,여,49세,경상
2023101800100168,2023년 10월 18일 09시,수요일,광주광역시 광산구 월계동,경상사고,0,0,1,0,차대차 - 측면충돌,교차로운행방법위반,건조,맑음,교차로 - 교차로안,승용,남,37세,상해없음,화물,남,41세,경상
2023101800100198,2023년 10월 18일 10시,수요일,광주광역시 북구 삼각동,경상사고,0,0,2,0,차대차 - 기타,교차로운행방법위반,건조,맑음,교차로 - 교차로안,승용,여,48세,상해없음,화물,남,66세,경상
2023101800100199,2023년 10월 18일 10시,수요일,광주광역시 광산구 우산동,중상사고,0,1,0,0,차대차 - 측면충돌,안전운전불이행,건조,맑음,교차로 - 교차로안,승용,여,29세,상해없음,자전거,여,58세,중상
2023101800100234,2023년 10월 18일 11시,수요일,광주광역시 북구 양산동,경상사고,0,0,1,1,차대차 - 측면충돌,신호위반,건조,맑음,교차로 - 교차로안,이륜,남,20세,부상신고,승용,남,54세,경상
2023101800100268,2023년 10월 18일 12시,수요일,광주광역시 서구 쌍촌동,경상사고,0,0,1,0,차대차 - 추돌,신호위반,건조,맑음,교차로 - 교차로안,승용,여,49세,상해없음,승용,남,36세,경상
2023101800100269,2023년 10월 18일 12시,수요일,광주광역시 서구 양동,경상사고,0,0,1,0,차대사람 - 차도통행중,안전운전불이행,건조,맑음,단일로 - 기타,승용,남,69세,상해없음,보행자,남,30세,경상
2023101800100312,2023년 10월 18일 13시,수요일,광주광역시 광산구 신창동,중상사고,0,1,0,0,차대사람 - 횡단중,안전운전불이행,건조,맑음,교차로 - 교차로부근,승용,여,74세,상해없음,보행자,남,10세,중상
2023101800100355,2023년 10월 18일 14시,수요일,광주광역시 남구 구동,경상사고,0,0,1,0,차량단독 - 기타,안전운전불이행,건조,맑음,단일로 - 기타,승합,남,60세,상해없음,,,,
2023101800100356,2023년 10월 18일 14시,수요일,광주광역시 광산구 도산동,경상사고,0,0,1,0,차대차 - 측면충돌,중앙선침범,건조,맑음,교차로 - 교차로안,승용,여,67세,상해없음,화물,남,39세,경상
2023101800100391,2023년 10월 18일 15시,수요일,광주광역시 서구 풍암동,경상사고,0,0,2,0,차대차 - 측면충돌,직진우회전진행방해,건조,맑음,교차로 - 교차로안,승용,여,46세,경상,승합,남,64세,경상
2023101800100433,2023년 10월 18일 16시,수요일,광주광역시 광산구 신창동,경상사고,0,0,1,0,차대사람 - 보도통행중,기타,건조,맑음,기타 - 기타,개인형이동수단(PM),남,16세,상해없음,보행자,여,50세,경상
2023101800100479,2023년 10월 18일 17시,수요일,광주광역시 광산구 옥동,경상사고,0,0,4,0,차대차 - 기타,안전운전불이행,건조,맑음,단일로 - 기타,승용,남,26세,상해없음,승용,남,66세,상해없음
2023101800100533,2023년 10월 18일 18시,수요일,광주광역시 광산구 우산동,경상사고,0,0,2,0,차대차 - 측면충돌,차로위반,건조,맑음,단일로 - 기타,승용,여,48세,상해없음,승용,남,24세,경상
2023101800100606,2023년 10월 18일 20시,수요일,광주광역시 북구 오치동,경상사고,0,0,1,0,차대차 - 측면충돌,불법유턴,건조,맑음,교차로 - 교차로부근,자전거,남,64세,경상,화물,남,64세,상해없음
2023101800100661,2023년 10월 18일 23시,수요일,광주광역시 북구 신안동,경상사고,0,0,2,0,차대차 - 측면충돌,안전운전불이행,건조,맑음,단일로 - 기타,승용,남,71세,상해없음,승용,남,32세,경상
2023101900100013,2023년 10월 19일 01시,목요일,광주광역시 동구 산수동,경상사고,0,0,2,0,차대차 - 추돌,안전운전불이행,건조,맑음,단일로 - 기타,승용,남,41세,상해없음,승용,남,52세,경상
2023101900100019,2023년 10월 19일 02시,목요일,광주광역시 북구 임동,경상사고,0,0,1,0,차대차 - 측면충돌,안전운전불이행,건조,맑음,단일로 - 기타,승용,남,25세,상해없음,승용,남,22세,경상
2023101900100039,2023년 10월 19일 05시,목요일,광주광역시 광산구 운남동,경상사고,0,0,1,0,차대차 - 기타,교차로운행방법위반,건조,맑음,교차로 - 교차로안,승용,여,46세,상해없음,자전거,남,67세,경상
2023101900100118,2023년 10월 19일 08시,목요일,광주광역시 광산구 신가동,경상사고,0,0,3,0,차대차 - 기타,중앙선침범,건조,맑음,단일로 - 기타,승용,남,50세,상해없음,승합,남,40세,경상
2023101900100217,2023년 10월 19일 11시,목요일,광주광역시 북구 연제동,경상사고,0,0,2,0,차대차 - 측면충돌,중앙선침범,건조,맑음,단일로 - 기타,승용,남,76세,상해없음,승용,남,48세,경상
2023101900100218,2023년 10월 19일 11시,목요일,광주광역시 광산구 월계동,경상사고,0,0,1,0,차대차 - 측면충돌,차로위반,건조,맑음,교차로 - 교차로부근,승용,남,77세,상해없음,화물,남,52세,경상
2023101900100219,2023년 10월 19일 11시,목요일,광주광역시 광산구 안청동,경상사고,0,0,1,0,차대차 - 측면충돌,교차로운행방법위반,건조,맑음,교차로 - 교차로안,화물,남,67세,기타불명,화물,남,39세,경상
2023101900100271,2023년 10월 19일 13시,목요일,광주광역시 남구 주월동,경상사고,0,0,1,0,차대사람 - 기타,안전운전불이행,건조,맑음,주차장 - 주차장,승용,여,40세,상해없음,보행자,남,81세,경상
2023101900100299,2023년 10월 19일 14시,목요일,광주광역시 북구 동림동,경상사고,0,0,1,0,차대차 - 기타,안전운전불이행,건조,맑음,교차로 - 교차로안,이륜,남,44세,기타불명,승용,남,23세,경상
2023101900100374,2023년 10월 19일 16시,목요일,광주광역시 서구 치평동,경상사고,0,0,1,0,차대차 - 기타,안전운전불이행,건조,맑음,단일로 - 기타,승용,여,49세,기타불명,승용,남,41세,경상
2023101900100419,2023년 10월 19일 17시,목요일,광주광역시 서구 풍암동,경상사고,0,0,1,0,차대사람 - 기타,불법유턴,건조,맑음,교차로 - 교차로안,승용,남,35세,상해없음,보행자,남,60세,경상
2023101900100420,2023년 10월 19일 17시,목요일,광주광역시 서구 농성동,경상사고,0,0,1,0,차대차 - 추돌,안전운전불이행,건조,맑음,단일로 - 기타,승용,여,47세,상해없음,승합,남,64세,경상