사고번호,사고일시,요일,시군구,사고내용,사망자수,중상자수,경상자수,부상신고자수,사고유형,법규위반,노면상태,기상상태,도로형태,가해운전자 차종,가해운전자 성별,가해운전자 연령,가해운전자 상해정도,피해운전자 차종,피해운전자 성별,피해운전자 연령,피해운전자 상해정도
2023101900100421,2023년 10월 19일 17시,목요일,광주광역시 남구 진월동,경상사고,0,0,1,0,차대차 - 측면충돌,신호위반,건조,맑음,단일로 - 지하차도(도로)내,승용,여,60세,상해없음,승용,남,22세,경상
2023101900100422,2023년 10월 19일 17시,목요일,광주광역시 광산구 운남동,경상사고,0,0,1,0,차대차 - 추돌,안전운전불이행,건조,맑음,교차로 - 교차로부근,승용,남,64세,상해없음,승용,남,59세,경상
2023101900100460,2023년 10월 19일 18시,목요일,광주광역시 광산구 수완동,경상사고,0,0,1,0,차대차 - 측면충돌,안전운전불이행,건조,맑음,교차로 - 교차로부근,기타불명,기타불명,미분류,기타불명,승용,남,50세,경상
2023101900100461,2023년 10월 19일 18시,목요일,광주광역시 광산구 수완동,경상사고,0,0,3,0,차량단독 - 기타,안전운전불이행,젖음/습기,비,단일로 - 기타,승용,남,65세,상해없음,,,,
2023101900100540,2023년 10월 19일 20시,목요일,광주광역시 서구 화정동,경상사고,0,0,1,0,차대차 - 기타,안전운전불이행,젖음/습기,비,교차로 - 교차로부근,승용,남,55세,상해없음,이륜,남,36세,경상
2023101900100541,2023년 10월 19일 20시,목요일,광주광역시 서구 농성동,경상사고,0,0,3,0,차대차 - 기타,안전거리미확보,젖음/습기,비,단일로 - 기타,승용,남,74세,경상,승용,남,43세,경상
2023101900100570,2023년 10월 19일 21시,목요일,광주광역시 서구 금호동,중상사고,0,1,0,0,차대사람 - 횡단중,보행자보호의무위반,젖음/습기,비,교차로 - 교차로부근,승용,남,50세,상해없음,보행자,여,20세,중상
2023101900100571,2023년 10월 19일 21시,목요일,광주광역시 남구 월산동,경상사고,0,0,2,0,차대차 - 추돌,안전운전불이행,젖음/습기,비,단일로 - 기타,승용,남,61세,상해없음,승합,남,60세,경상
2023101900100595,2023년 10월 19일 22시,목요일,광주광역시 북구 두암동,중상사고,0,1,0,0,차대사람 - 기타,안전운전불이행,젖음/습기,비,교차로 - 교차로부근,승용,남,22세,상해없음,보행자,남,66세,중상
2023102000100003,2023년 10월 20일 00시,금요일,광주광역시 북구 연제동,경상사고,0,0,1,0,차대차 - 추돌,안전운전불이행,젖음/습기,맑음,단일로 - 기타,승용,남,43세,상해없음,승용,남,32세,경상
2023102000100031,2023년 10월 20일 03시,금요일,광주광역시 광산구 신가동,중상사고,0,1,2,0,차대차 - 기타,신호위반,젖음/습기,비,교차로 - 교차로안,승용,남,38세,상해없음,승용,남,58세,경상
2023102000100034,2023년 10월 20일 04시,금요일,광주광역시 동구 학동,경상사고,0,0,2,0,차대차 - 기타,신호위반,젖음/습기,비,교차로 - 교차로안,승용,여,65세,상해없음,승용,남,21세,경상
2023102000100138,2023년 10월 20일 08시,금요일,광주광역시 광산구 우산동,경상사고,0,0,1,0,차대사람 - 횡단중,보행자보호의무위반,건조,맑음,기타 - 기타,승용,남,25세,상해없음,보행자,남,59세,경상
2023102000100238,2023년 10월 20일 11시,금요일,광주광역시 광산구 신가동,경상사고,0,0,2,0,차대차 - 추돌,안전운전불이행,건조,맑음,교차로 - 교차로부근,승용,여,59세,상해없음,승용,여,41세,경상
2023102000100287,2023년 10월 20일 12시,금요일,광주광역시 광산구 쌍암동,경상사고,0,0,1,0,차대차 - 측면충돌,안전운전불이행,건조,맑음,단일로 - 기타,승용,여,57세,상해없음,승용,여,51세,경상
2023102000100328,2023년 10월 20일 13시,금요일,광주광역시 동구 선교동,경상사고,0,0,3,0,차대차 - 추돌,안전운전불이행,건조,맑음,단일로 - 기타,화물,남,50세,상해없음,승용,남,70세,경상
2023102000100329,2023년 10월 20일 13시,금요일,광주광역시 남구 월산동,경상사고,0,0,1,0,차대차 - 측면충돌,직진우회전진행방해,건조,맑음,교차로 - 교차로안,이륜,남,63세,기타불명,승용,남,67세,경상
2023102000100330,2023년 10월 20일 13시,금요일,광주광역시 광산구 우산동,경상사고,0,0,1,0,차대차 - 추돌,안전거리미확보,건조,맑음,교차로 - 교차로안,승용,남,43세,상해없음,승용,남,30세,경상
2023102000100363,2023년 10월 20일 14시,금요일,광주광역시 남구 봉선동,경상사고,0,0,1,0,차대차 - 측면충돌,안전운전불이행,건조,맑음,교차로 - 교차로안,화물,남,58세,상해없음,승용,여,50세,경상
2023102000100483,2023년 10월 20일 16시,금요일,광주광역시 남구 봉선동,경상사고,0,0,1,0,차대차 - 후진중충돌,안전운전불이행,건조,맑음,교차로 - 교차로부근,승용,남,70세,상해없음,승용,여,39세,경상
2023102000100484,2023년 10월 20일 16시,금요일,광주광역시 광산구 월계동,중상사고,0,1,0,0,차량단독 - 기타,안전운전불이행,건조,맑음,교차로 - 교차로안,승합,남,42세,상해없음,,,,
2023102000100486,2023년 10월 20일 16시,금요일,광주광역시 광산구 수완동,경상사고,0,0,1,0,차대차 - 측면충돌,안전운전불이행,건조,맑음,단일로 - 기타,승용,여,53세,상해없음,승용,남,48세,경상
2023102000100543,2023년 10월 20일 17시,금요일,광주광역시 서구 치평동,중상사고,0,1,0,0,차대차 - 측면충돌,안전운전불이행,건조,맑음,교차로 - 교차로부근,승용,여,55세,상해없음,승용,남,38세,중상
2023102000100544,2023년 10월 20일 17시,금요일,광주광역시 광산구 쌍암동,경상사고,0,0,1,0,차대사람 - 기타,기타,건조,맑음,단일로 - 기타,개인형이동수단(PM),여,14세,기타불명,보행자,남,30세,경상
2023102000100613,2023년 10월 20일 18시,금요일,광주광역시 서구 화정동,중상사고,0,1,0,0,차대사람 - 보도통행중,보행자보호의무위반,건조,맑음,교차로 - 교차로안,승용,남,65세,상해없음,보행자,여,61세,중상
2023102000100614,2023년 10월 20일 18시,금요일,광주광역시 남구 진월동,경상사고,0,0,2,0,차대차 - 측면충돌,중앙선침범,건조,맑음,단일로 - 기타,이륜,남,43세,경상,승합,남,67세,경상
2023102000100615,2023년 10월 20일 18시,금요일,광주광역시 북구 우산동,부상신고사고,0,0,0,1,차대차 - 추돌,안전운전불이행,건조,맑음,단일로 - 기타,승용,남,63세,상해없음,승용,여,33세,부상신고
2023102000100616,2023년 10월 20일 18시,금요일,광주광역시 북구 두암동,사망사고,1,0,0,0,차량단독 - 기타,안전운전불이행,건조,맑음,단일로 - 기타,이륜,남,59세,사망,,,,
2023102000100691,2023년 10월 20일 20시,금요일,광주광역시 북구 운암동,중상사고,0,1,0,0,차대사람 - 기타,안전운전불이행,건조,맑음,기타 - 기타,화물,남,56세,상해없음,보행자,남,59세,중상
2023102000100717,2023년 10월 20일 21시,금요일,광주광역시 광산구 소촌동,경상사고,0,0,1,0,차대차 - 추돌,안전거리미확보,건조,맑음,교차로 - 교차로부근,승용,남,58세,상해없음,승용,남,29세,경상
2023102000100756,2023년 10월 20일 23시,금요일,광주광역시 북구 오치동,경상사고,0,0,2,0,차대차 - 측면충돌,안전운전불이행,건조,맑음,단일로 - 기타,승용,남,47세,상해없음,승용,남,63세,경상
2023102100100011,2023년 10월 21일 00시,토요일,광주광역시 서구 화정동,경상사고,0,0,4,0,차대차 - 추돌,안전운전불이행,건조,맑음,교차로 - 교차로부근,승용,남,36세,상해없음,승용,남,59세,경상
2023102100100098,2023년 10월 21일 08시,토요일,광주광역시 서구 쌍촌동,중상사고,0,1,2,0,차대차 - 후진중충돌,안전운전불이행,건조,맑음,단일로 - 기타,특수,남,55세,기타불명,승용,남,66세,경상
2023102100100099,2023년 10월 21일 08시,토요일,광주광역시 광산구 송정동,경상사고,0,0,1,0,차대차 - 추돌,안전운전불이행,건조,맑음,단일로 - 기타,승용,남,59세,상해없음,승용,여,50세,경상
2023102100100133,2023년 10월 21일 09시,토요일,광주광역시 서구 치평동,경상사고,0,0,1,0,차대차 - 측면충돌,안전거리미확보,건조,맑음,단일로 - 기타,승용,여,43세,상해없음,승용,남,34세,경상
2023102100100174,2023년 10월 21일 10시,토요일,광주광역시 서구 화정동,중상사고,0,1,2,0,차대차 - 추돌,안전운전불이행,건조,맑음,단일로 - 기타,승용,여,45세,중상,승용,남,29세,경상
2023102100100175,2023년 10월 21일 10시,토요일,광주광역시 서구 치평동,경상사고,0,0,1,0,차대차 - 측면충돌,신호위반,건조,맑음,교차로 - 교차로안,승용,남,64세,상해없음,승용,남,48세,경상
2023102100100176,2023년 10월 21일 10시,토요일,광주광역시 남구 임암동,경상사고,0,0,1,0,차대차 - 추돌,안전운전불이행,건조,맑음,단일로 - 기타,건설기계,남,54세,상해없음,승용,여,57세,경상
2023102100100300,2023년 10월 21일 13시,토요일,광주광역시 서구 쌍촌동,경상사고,0,0,3,0,차대차 - 측면충돌,중앙선침범,건조,맑음,단일로 - 기타,승합,남,57세,경상,승용,남,35세,경상
2023102100100301,2023년 10월 21일 13시,토요일,광주광역시 서구 금호동,경상사고,0,0,2,0,차대차 - 추돌,안전운전불이행,건조,맑음,교차로 - 교차로부근,승용,여,72세,경상,건설기계,남,50세,경상
2023102100100371,2023년 10월 21일 15시,토요일,광주광역시 북구 문흥동,경상사고,0,0,1,0,차대차 - 추돌,안전운전불이행,건조,맑음,단일로 - 기타,승용,남,47세,상해없음,승용,남,30세,경상
2023102100100423,2023년 10월 21일 16시,토요일,광주광역시 북구 우산동,경상사고,0,0,1,0,차대사람 - 횡단중,안전운전불이행,건조,맑음,기타 - 기타,승용,남,64세,기타불명,보행자,여,21세,경상
2023102100100463,2023년 10월 21일 17시,토요일,광주광역시 동구 호남동,경상사고,0,0,3,4,차대차 - 추돌,안전운전불이행,건조,맑음,단일로 - 기타,승용,남,69세,상해없음,승용,남,54세,부상신고
2023102100100464,2023년 10월 21일 17시,토요일,광주광역시 동구 용산동,경상사고,0,0,2,0,차대차 - 추돌,안전운전불이행,건조,맑음,단일로 - 기타,화물,남,65세,상해없음,승용,남,65세,경상
2023102100100465,2023년 10월 21일 17시,토요일,광주광역시 남구 화장동,중상사고,0,1,0,0,차대차 - 기타,안전운전불이행,건조,맑음,단일로 - 기타,자전거,남,15세,상해없음,자전거,남,61세,중상
2023102100100466,2023년 10월 21일 17시,토요일,광주광역시 광산구 월계동,경상사고,0,0,2,0,차대차 - 측면충돌,안전운전불이행,건조,맑음,교차로 - 교차로안,승용,남,51세,상해없음,화물,남,54세,경상
2023102100100508,2023년 10월 21일 18시,토요일,광주광역시 광산구 우산동,중상사고,0,1,0,0,차대차 - 기타,안전운전불이행,건조,맑음,교차로 - 교차로안,승용,남,38세,기타불명,승용,남,22세,중상
2023102100100547,2023년 10월 21일 19시,토요일,광주광역시 남구 봉선동,경상사고,0,0,1,0,차대차 - 기타,교차로운행방법위반,건조,맑음,교차로 - 교차로안,승용,여,24세,상해없음,승용,남,64세,경상
2023102100100548,2023년 10월 21일 19시,토요일,광주광역시 광산구 우산동,중상사고,0,1,0,0,차대사람 - 횡단중,안전운전불이행,건조,맑음,단일로 - 기타,승용,여,43세,상해없음,보행자,남,69세,중상
2023102100100634,2023년 10월 21일 22시,토요일,광주광역시 북구 용봉동,경상사고,0,0,2,0,차대차 - 측면충돌,안전운전불이행,건조,맑음,교차로 - 교차로안,승용,남,60세,상해없음,승용,남,23세,경상
2023102100100635,2023년 10월 21일 22시,토요일,광주광역시 광산구 수완동,경상사고,0,0,1,0,차대차 - 측면충돌,안전운전불이행,건조,맑음,단일로 - 기타,화물,남,51세,기타불명,이륜,남,29세,경상
2023102200100056,2023년 10월 22일 06시,일요일,광주광역시 남구 양림동,경상사고,0,0,2,0,차대차 - 기타,신호위반,건조,맑음,교차로 - 교차로안,승용,남,80세,상해없음,승용,남,67세,경상
2023102200100126,2023년 10월 22일 10시,일요일,광주광역시 북구 용봉동,중상사고,0,1,3,0,차대차 - 추돌,안전운전불이행,건조,맑음,단일로 - 기타,승용,남,29세,상해없음,승용,여,44세,경상
2023102200100127,2023년 10월 22일 10시,일요일,광주광역시 북구 용봉동,경상사고,0,0,1,0,차대차 - 추돌,안전운전불이행,건조,맑음,단일로 - 기타,승용,남,56세,상해없음,승용,남,24세,경상
2023102200100132,2023년 10월 22일 10시,일요일,광주광역시 북구 각화동,부상신고사고,0,0,0,1,차대차 - 측면충돌,교차로운행방법위반,건조,맑음,교차로 - 교차로안,승용,남,56세,상해없음,이륜,남,40세,부상신고
2023102200100280,2023년 10월 22일 15시,일요일,광주광역시 광산구 신창동,경상사고,0,0,1,0,차대차 - 측면충돌,안전운전불이행,건조,맑음,단일로 - 기타,이륜,남,48세,경상,승용,남,47세,상해없음
2023102200100341,2023년 10월 22일 17시,일요일,광주광역시 북구 일곡동,중상사고,0,1,0,0,차대사람 - 횡단중,보행자보호의무위반,건조,맑음,교차로 - 교차로횡단보도내,승용,남,33세,상해없음,보행자,남,55세,중상
2023102200100375,2023년 10월 22일 18시,일요일,광주광역시 서구 농성동,경상사고,0,0,1,0,차대차 - 기타,불법유턴,건조,맑음,교차로 - 교차로안,자전거,남,59세,경상,승용,남,29세,상해없음
2023102200100376,2023년 10월 22일 18시,일요일,광주광역시 서구 광천동,경상사고,0,0,4,0,차대차 - 추돌,안전운전불이행,건조,맑음,기타 - 기타,승용,여,53세,기타불명,승용,남,36세,경상
2023102200100377,2023년 10월 22일 18시,일요일,광주광역시 북구 운암동,중상사고,0,1,0,0,차대차 - 기타,안전거리미확보,건조,맑음,단일로 - 고가도로위,승용,남,64세,상해없음,화물,남,53세,상해없음
2023102200100404,2023년 10월 22일 19시,일요일,광주광역시 북구 중흥동,경상사고,0,0,1,0,차대사람 - 기타,안전운전불이행,건조,맑음,단일로 - 기타,승용,남,38세,상해없음,보행자,남,47세,경상
2023102200100459,2023년 10월 22일 23시,일요일,광주광역시 광산구 산정동,경상사고,0,0,1,0,차대차 - 추돌,안전운전불이행,건조,맑음,교차로 - 교차로부근,승용,남,28세,상해없음,승용,남,57세,경상
2023102300100008,2023년 10월 23일 01시,월요일,광주광역시 광산구 월계동,중상사고,0,1,2,0,차대차 - 기타,직진우회전진행방해,건조,맑음,교차로 - 교차로안,승용,남,34세,상해없음,이륜,남,37세,중상
2023102300100011,2023년 10월 23일 02시,월요일,광주광역시 광산구 월계동,경상사고,0,0,1,0,차대사람 - 횡단중,보행자보호의무위반,건조,맑음,교차로 - 교차로횡단보도내,승용,남,64세,상해없음,보행자,남,37세,경상
2023102300100025,2023년 10월 23일 05시,월요일,광주광역시 서구 매월동,경상사고,0,0,2,0,차대차 - 기타,안전운전불이행,건조,맑음,교차로 - 교차로안,승용,남,29세,상해없음,화물,남,77세,경상
2023102300100117,2023년 10월 23일 08시,월요일,광주광역시 서구 화정동,경상사고,0,0,1,0,차대사람 - 기타,안전운전불이행,건조,흐림,기타 - 기타,승용,여,67세,상해없음,보행자,남,18세,경상
2023102300100118,2023년 10월 23일 08시,월요일,광주광역시 남구 주월동,부상신고사고,0,0,0,1,차대차 - 기타,교차로운행방법위반,건조,맑음,교차로 - 교차로안,승용,여,33세,상해없음,개인형이동수단(PM),남,19세,부상신고
2023102300100187,2023년 10월 23일 10시,월요일,광주광역시 서구 치평동,경상사고,0,0,2,0,차대차 - 추돌,안전운전불이행,건조,맑음,단일로 - 기타,승용,남,40세,상해없음,승용,여,49세,경상
2023102300100188,2023년 10월 23일 10시,월요일,광주광역시 북구 풍향동,부상신고사고,0,0,0,1,차대차 - 측면충돌,안전운전불이행,건조,맑음,교차로 - 교차로안,자전거,남,59세,부상신고,화물,남,33세,상해없음
2023102300100213,2023년 10월 23일 11시,월요일,광주광역시 서구 풍암동,경상사고,0,0,2,0,차대사람 - 횡단중,안전운전불이행,건조,맑음,교차로 - 교차로안,승용,남,52세,상해없음,보행자,여,59세,경상
2023102300100279,2023년 10월 23일 13시,월요일,광주광역시 북구 운암동,경상사고,0,0,1,0,차량단독 - 전도전복 - 전도,안전운전불이행,기타,맑음,교차로 - 교차로안,이륜,남,30세,경상,,,,
2023102300100391,2023년 10월 23일 16시,월요일,광주광역시 서구 쌍촌동,경상사고,0,0,1,0,차대차 - 기타,안전운전불이행,건조,맑음,단일로 - 기타,승용,남,68세,상해없음,자전거,여,52세,경상
2023102300100435,2023년 10월 23일 17시,월요일,광주광역시 북구 용봉동,경상사고,0,0,4,0,차대차 - 측면충돌,신호위반,건조,맑음,교차로 - 교차로안,승용,남,44세,상해없음,승용,남,22세,경상
2023102300100494,2023년 10월 23일 18시,월요일,광주광역시 서구 쌍촌동,부상신고사고,0,0,0,1,차대사람 - 횡단중,보행자보호의무위반,건조,맑음,단일로 - 기타,승용,남,62세,상해없음,보행자,남,15세,부상신고
2023102300100495,2023년 10월 23일 18시,월요일,광주광역시 광산구 흑석동,경상사고,0,0,1,0,차대차 - 측면충돌,신호위반,건조,맑음,교차로 - 교차로부근,승용,여,48세,상해없음,승용,여,54세,경상
2023102300100538,2023년 10월 23일 19시,월요일,광주광역시 서구 쌍촌동,중상사고,0,1,0,0,차대차 - 기타,신호위반,건조,맑음,교차로 - 교차로안,승용,여,43세,상해없음,이륜,남,49세,중상
2023102300100539,2023년 10월 23일 19시,월요일,광주광역시 남구 진월동,경상사고,0,0,3,0,차대차 - 추돌,안전운전불이행,건조,맑음,단일로 - 기타,승용,남,61세,상해없음,승용,여,36세,경상
2023102300100603,2023년 10월 23일 23시,월요일,광주광역시 남구 사동,중상사고,0,1,1,0,차대차 - 측면충돌,안전운전불이행,건조,맑음,교차로 - 교차로부근,승용,여,31세,경상,이륜,남,24세,중상
2023102400100026,2023년 10월 24일 02시,화요일,광주광역시 광산구 송정동,경상사고,0,0,1,0,차대사람 - 차도통행중,안전운전불이행,건조,맑음,교차로 - 교차로부근,승용,남,31세,상해없음,보행자,남,24세,경상
2023102400100110,2023년 10월 24일 08시,화요일,광주광역시 동구 학동,부상신고사고,0,0,0,1,차대차 - 측면충돌,안전운전불이행,건조,맑음,단일로 - 교량,승용,여,60세,상해없음,자전거,남,54세,부상신고
2023102400100111,2023년 10월 24일 08시,화요일,광주광역시 남구 구동,중상사고,0,1,0,0,차대사람 - 횡단중,안전운전불이행,건조,맑음,교차로 - 교차로횡단보도내,승용,여,57세,기타불명,보행자,여,31세,중상
2023102400100112,2023년 10월 24일 08시,화요일,광주광역시 북구 중흥동,경상사고,0,0,2,0,차대차 - 측면충돌,안전운전불이행,건조,맑음,교차로 - 교차로횡단보도내,승용,남,76세,경상,승용,여,42세,경상
2023102400100113,2023년 10월 24일 08시,화요일,광주광역시 북구 신안동,경상사고,0,0,2,0,차대차 - 측면충돌,안전거리미확보,건조,맑음,교차로 - 교차로안,승용,남,50세,경상,승용,여,53세,경상
2023102400100168,2023년 10월 24일 09시,화요일,광주광역시 동구 충장로2가,경상사고,0,0,1,0,차대사람 - 기타,안전운전불이행,건조,맑음,교차로 - 교차로부근,승용,여,76세,상해없음,보행자,남,35세,경상
2023102400100271,2023년 10월 24일 12시,화요일,광주광역시 광산구 운남동,경상사고,0,0,2,0,차대차 - 기타,불법유턴,건조,맑음,교차로 - 교차로안,승용,남,62세,상해없음,승용,여,66세,경상
2023102400100296,2023년 10월 24일 13시,화요일,광주광역시 광산구 산월동,중상사고,0,1,0,0,차대차 - 기타,안전운전불이행,건조,맑음,단일로 - 기타,자전거,남,79세,중상,자전거,남,25세,상해없음
2023102400100363,2023년 10월 24일 15시,화요일,광주광역시 광산구 도천동,경상사고,0,0,1,0,차대차 - 기타,안전거리미확보,건조,맑음,교차로 - 교차로부근,승용,남,65세,기타불명,승용,남,29세,경상
2023102400100414,2023년 10월 24일 16시,화요일,광주광역시 광산구 신촌동,경상사고,0,0,1,0,차대차 - 측면충돌,안전운전불이행,건조,맑음,단일로 - 기타,이륜,남,28세,경상,승용,남,65세,상해없음
2023102400100506,2023년 10월 24일 18시,화요일,광주광역시 서구 매월동,경상사고,0,0,1,0,차대차 - 기타,안전거리미확보,건조,맑음,기타 - 기타,승용,남,68세,상해없음,승용,남,57세,경상
2023102400100507,2023년 10월 24일 18시,화요일,광주광역시 서구 벽진동,경상사고,0,0,1,0,차대차 - 추돌,안전운전불이행,건조,맑음,단일로 - 기타,승용,남,36세,상해없음,화물,남,33세,경상
2023102400100508,2023년 10월 24일 18시,화요일,광주광역시 서구 치평동,경상사고,0,0,1,0,차대차 - 측면충돌,안전거리미확보,건조,맑음,단일로 - 기타,승용,남,36세,경상,화물,남,54세,상해없음
2023102400100550,2023년 10월 24일 19시,화요일,광주광역시 북구 매곡동,부상신고사고,0,0,0,1,차대차 - 측면충돌,신호위반,건조,맑음,교차로 - 교차로부근,기타불명,기타불명,미분류,기타불명,승용,남,66세,상해없음
2023102400100551,2023년 10월 24일 19시,화요일,광주광역시 광산구 산월동,경상사고,0,0,1,0,차대차 - 측면충돌,중앙선침범,건조,맑음,단일로 - 기타,승용,여,48세,상해없음,승용,남,25세,경상
2023102400100578,2023년 10월 24일 20시,화요일,광주광역시 북구 일곡동,부상신고사고,0,0,0,1,차대차 - 측면충돌,안전운전불이행,건조,맑음,교차로 - 교차로안,승용,남,65세,부상신고,승용,여,49세,상해없음
2023102400100579,2023년 10월 24일 20시,화요일,광주광역시 광산구 월곡동,경상사고,0,0,2,0,차대차 - 측면충돌,불법유턴,건조,맑음,교차로 - 교차로부근,승용,여,43세,상해없음,승용,남,24세,경상
2023102400100581,2023년 10월 24일 20시,화요일,광주광역시 광산구 신가동,경상사고,0,0,1,0,차대차 - 기타,안전운전불이행,건조,흐림,교차로 - 교차로부근,기타불명,기타불명,미분류,기타불명,승용,여,29세,경상
2023102400100605,2023년 10월 24일 21시,화요일,광주광역시 서구 풍암동,경상사고,0,0,1,0,차대차 - 측면충돌,신호위반,건조,맑음,교차로 - 교차로안,승용,남,30세,상해없음,승용,여,31세,경상
2023102400100606,2023년 10월 24일 21시,화요일,광주광역시 북구 신용동,경상사고,0,0,3,0,차대차 - 측면충돌,안전거리미확보,건조,맑음,단일로 - 기타,승용,남,68세,경상,승용,여,50세,경상
2023102400100607,2023년 10월 24일 21시,화요일,광주광역시 광산구 송정동,중상사고,0,1,1,0,차대차 - 측면충돌,교차로운행방법위반,건조,맑음,교차로 - 교차로안,개인형이동수단(PM),남,17세,중상,승용,여,30세,상해없음
2023102400100632,2023년 10월 24일 23시,화요일,광주광역시 광산구 월계동,경상사고,0,0,1,0,차대차 - 추돌,안전운전불이행,건조,맑음,교차로 - 교차로부근,승용,남,63세,기타불명,승용,남,46세,경상
2023102500100013,2023년 10월 25일 01시,수요일,광주광역시 북구 오치동,경상사고,0,0,1,0,차대차 - 측면충돌,안전운전불이행,건조,맑음,단일로 - 기타,승용,남,54세,상해없음,개인형이동수단(PM),남,22세,경상
2023102500100017,2023년 10월 25일 03시,수요일,광주광역시 광산구 신가동,경상사고,0,0,3,0,차대차 - 측면충돌,신호위반,건조,맑음,교차로 - 교차로안,이륜,남,39세,경상,승용,남,71세,경상
2023102500100023,2023년 10월 25일 05시,수요일,광주광역시 서구 광천동,경상사고,0,0,1,0,차량단독 - 기타,안전운전불이행,건조,맑음,단일로 - 기타,승용,남,61세,상해없음,,,,
2023102500100049,2023년 10월 25일 07시,수요일,광주광역시 북구 용봉동,중상사고,0,1,0,0,차대사람 - 길가장자리구역통행중,안전운전불이행,건조,맑음,교차로 - 교차로부근,자전거,남,21세,상해없음,보행자,여,80세,중상
2023102500100050,2023년 10월 25일 07시,수요일,광주광역시 광산구 송정동,중상사고,0,1,5,0,차대차 - 추돌,안전거리미확보,건조,맑음,교차로 - 교차로부근,승합,남,47세,경상,승용,남,54세,경상
2023102500100192,2023년 10월 25일 11시,수요일,광주광역시 광산구 신창동,경상사고,0,0,1,0,차대차 - 후진중충돌,불법유턴,건조,맑음,교차로 - 교차로부근,승용,남,72세,상해없음,승용,남,48세,경상
2023102500100225,2023년 10월 25일 12시,수요일,광주광역시 북구 두암동,경상사고,0,0,1,0,차대차 - 기타,안전운전불이행,건조,맑음,단일로 - 기타,승용,남,56세,상해없음,이륜,남,43세,상해없음
2023102500100226,2023년 10월 25일 12시,수요일,광주광역시 북구 운암동,경상사고,0,0,2,0,차대차 - 측면충돌,안전거리미확보,건조,맑음,교차로 - 교차로안,승용,남,58세,상해없음,승용,남,25세,경상
2023102500100325,2023년 10월 25일 15시,수요일,광주광역시 남구 월산동,중상사고,0,2,0,0,차대사람 - 기타,안전운전불이행,건조,맑음,교차로 - 교차로안,승용,남,73세,상해없음,보행자,여,14세,중상
2023102500100326,2023년 10월 25일 15시,수요일,광주광역시 광산구 선암동,경상사고,0,0,2,0,차대차 - 추돌,차로위반,건조,맑음,단일로 - 기타,승용,남,56세,상해없음,승용,남,63세,상해없음
2023102500100359,2023년 10월 25일 16시,수요일,광주광역시 서구 광천동,경상사고,0,0,2,0,차대차 - 측면충돌,안전거리미확보,건조,맑음,단일로 - 기타,승합,남,62세,상해없음,승용,남,25세,경상
2023102500100360,2023년 10월 25일 16시,수요일,광주광역시 북구 문흥동,중상사고,0,1,0,0,차대사람 - 기타,보행자보호의무위반,건조,맑음,교차로 - 교차로횡단보도내,화물,남,46세,상해없음,보행자,여,23세,중상
2023102500100361,2023년 10월 25일 16시,수요일,광주광역시 북구 중흥동,경상사고,0,0,1,0,차대차 - 기타,안전운전불이행,기타,기타,단일로 - 기타,승용,남,65세,상해없음,승용,남,29세,경상
2023102500100362,2023년 10월 25일 16시,수요일,광주광역시 광산구 월계동,경상사고,0,0,1,0,차대사람 - 기타,기타,건조,맑음,기타 - 기타,승용,여,60세,상해없음,보행자,여,53세,경상
2023102500100411,2023년 10월 25일 17시,수요일,광주광역시 북구 오치동,경상사고,0,0,1,0,차대사람 - 횡단중,안전운전불이행,건조,맑음,단일로 - 기타,승용,여,46세,상해없음,보행자,여,64세,경상
2023102500100412,2023년 10월 25일 17시,수요일,광주광역시 북구 오치동,경상사고,0,0,1,0,차대사람 - 기타,안전운전불이행,건조,맑음,교차로 - 교차로부근,승용,여,31세,상해없음,보행자,남,61세,경상
2023102500100413,2023년 10월 25일 17시,수요일,광주광역시 광산구 월계동,경상사고,0,0,1,0,차대차 - 측면충돌,교차로운행방법위반,건조,맑음,교차로 - 교차로안,승용,여,52세,상해없음,이륜,남,43세,경상
2023102500100471,2023년 10월 25일 18시,수요일,광주광역시 서구 치평동,경상사고,0,0,2,0,차대차 - 기타,안전운전불이행,건조,맑음,단일로 - 기타,승용,여,35세,상해없음,승용,남,62세,경상
2023102500100472,2023년 10월 25일 18시,수요일,광주광역시 남구 송하동,경상사고,0,0,2,0,차대차 - 추돌,안전거리미확보,건조,맑음,단일로 - 기타,승용,여,32세,상해없음,승용,남,37세,경상
2023102500100518,2023년 10월 25일 19시,수요일,광주광역시 동구 금남로3가,중상사고,0,1,1,1,차대차 - 측면충돌,신호위반,건조,맑음,교차로 - 교차로안,이륜,남,22세,중상,승합,남,51세,상해없음
2023102500100565,2023년 10월 25일 21시,수요일,광주광역시 광산구 도천동,경상사고,0,0,1,0,차대사람 - 길가장자리구역통행중,안전운전불이행,건조,맑음,단일로 - 기타,승용,여,32세,기타불명,보행자,남,29세,경상
2023102500100579,2023년 10월 25일 22시,수요일,광주광역시 서구 금호동,경상사고,0,0,2,0,차대차 - 기타,신호위반,건조,맑음,교차로 - 교차로안,승용,남,32세,상해없음,승용,남,28세,경상
2023102600100037,2023년 10월 26일 05시,목요일,광주광역시 광산구 운수동,경상사고,0,0,1,0,차대차 - 측면충돌,차로위반,건조,맑음,교차로 - 교차로부근,화물,남,46세,상해없음,승용,남,33세,경상