사고번호,사고일시,요일,시군구,사고내용,사망자수,중상자수,경상자수,부상신고자수,사고유형,법규위반,노면상태,기상상태,도로형태,가해운전자 차종,가해운전자 성별,가해운전자 연령,가해운전자 상해정도,피해운전자 차종,피해운전자 성별,피해운전자 연령,피해운전자 상해정도
2023111300100262,2023년 11월 13일 11시,월요일,광주광역시 동구 동명동,경상사고,0,0,1,0,차대차 - 기타,안전운전불이행,건조,맑음,기타 - 기타,승용,남,76세,상해없음,승용,여,24세,경상
2023111300100263,2023년 11월 13일 11시,월요일,광주광역시 서구 쌍촌동,경상사고,0,0,1,0,차대차 - 기타,안전운전불이행,건조,맑음,교차로 - 교차로안,화물,남,60세,상해없음,이륜,남,29세,경상
2023111300100264,2023년 11월 13일 11시,월요일,광주광역시 남구 송하동,경상사고,0,0,1,0,차대차 - 측면충돌,교차로운행방법위반,건조,맑음,교차로 - 교차로안,승용,남,75세,상해없음,승용,여,61세,경상
2023111300100329,2023년 11월 13일 13시,월요일,광주광역시 남구 백운동,경상사고,0,0,1,0,차대사람 - 차도통행중,안전운전불이행,건조,맑음,기타 - 기타,승용,남,78세,상해없음,보행자,남,66세,경상
2023111300100330,2023년 11월 13일 13시,월요일,광주광역시 북구 운암동,경상사고,0,0,1,0,차대차 - 후진중충돌,안전운전불이행,건조,맑음,단일로 - 고가도로위,화물,남,45세,상해없음,승용,남,29세,경상
2023111300100331,2023년 11월 13일 13시,월요일,광주광역시 광산구 월계동,경상사고,0,0,1,0,차대차 - 측면충돌,교차로운행방법위반,건조,맑음,교차로 - 교차로안,승용,남,22세,상해없음,이륜,남,45세,경상
2023111300100372,2023년 11월 13일 14시,월요일,광주광역시 서구 화정동,경상사고,0,0,2,0,차대차 - 측면충돌,신호위반,건조,맑음,단일로 - 기타,승용,남,60세,상해없음,승용,남,24세,경상
2023111300100373,2023년 11월 13일 14시,월요일,광주광역시 북구 매곡동,경상사고,0,0,1,0,차대사람 - 횡단중,보행자보호의무위반,건조,맑음,교차로 - 교차로횡단보도내,화물,남,53세,상해없음,보행자,여,25세,경상
2023111300100374,2023년 11월 13일 14시,월요일,광주광역시 광산구 월전동,중상사고,0,3,2,0,차대차 - 기타,신호위반,건조,맑음,교차로 - 교차로안,화물,남,60세,중상,화물,여,43세,경상
2023111300100417,2023년 11월 13일 15시,월요일,광주광역시 북구 용봉동,경상사고,0,0,1,0,차대차 - 기타,교차로운행방법위반,건조,맑음,교차로 - 교차로안,승용,남,59세,상해없음,이륜,남,32세,경상
2023111300100418,2023년 11월 13일 15시,월요일,광주광역시 광산구 하남동,경상사고,0,0,1,0,차대차 - 측면충돌,신호위반,건조,맑음,교차로 - 교차로안,승용,남,62세,상해없음,승용,여,26세,경상
2023111300100458,2023년 11월 13일 16시,월요일,광주광역시 동구 광산동,중상사고,0,1,0,0,차대사람 - 차도통행중,안전운전불이행,건조,맑음,단일로 - 지하차도(도로)내,승용,여,48세,상해없음,보행자,남,76세,중상
2023111300100459,2023년 11월 13일 16시,월요일,광주광역시 북구 우산동,경상사고,0,0,1,0,차대차 - 기타,안전운전불이행,건조,맑음,단일로 - 기타,승합,여,47세,상해없음,승용,남,26세,경상
2023111300100501,2023년 11월 13일 17시,월요일,광주광역시 서구 치평동,경상사고,0,0,2,0,차대차 - 정면충돌,차로위반,건조,맑음,단일로 - 기타,승용,남,62세,상해없음,승용,여,63세,경상
2023111300100502,2023년 11월 13일 17시,월요일,광주광역시 북구 두암동,경상사고,0,0,1,0,차대사람 - 기타,안전운전불이행,건조,맑음,단일로 - 기타,화물,남,58세,상해없음,보행자,남,79세,경상
2023111300100579,2023년 11월 13일 18시,월요일,광주광역시 동구 학동,경상사고,0,0,2,0,차대차 - 추돌,안전거리미확보,건조,맑음,단일로 - 기타,승용,여,34세,상해없음,승용,남,68세,경상
2023111300100580,2023년 11월 13일 18시,월요일,광주광역시 서구 유촌동,경상사고,0,0,1,0,차대차 - 측면충돌,신호위반,건조,맑음,교차로 - 교차로안,승용,남,39세,상해없음,화물,남,35세,경상
2023111300100581,2023년 11월 13일 18시,월요일,광주광역시 광산구 우산동,경상사고,0,0,1,0,차대차 - 기타,안전운전불이행,건조,맑음,단일로 - 기타,승용,남,38세,상해없음,승용,남,57세,경상
2023111300100582,2023년 11월 13일 18시,월요일,광주광역시 광산구 수완동,경상사고,0,0,1,0,차대차 - 측면충돌,신호위반,건조,맑음,교차로 - 교차로안,승용,여,52세,상해없음,승용,남,46세,경상
2023111300100625,2023년 11월 13일 19시,월요일,광주광역시 북구 동림동,경상사고,0,0,1,0,차대차 - 기타,안전거리미확보,건조,맑음,교차로 - 교차로안,승용,남,19세,상해없음,승용,남,68세,경상
2023111400100019,2023년 11월 14일 03시,화요일,광주광역시 광산구 쌍암동,경상사고,0,0,1,0,차대차 - 측면충돌,교차로운행방법위반,건조,맑음,교차로 - 교차로안,승용,남,28세,상해없음,원동기,남,29세,경상
2023111400100052,2023년 11월 14일 06시,화요일,광주광역시 서구 치평동,경상사고,0,0,1,0,차대차 - 측면충돌,교차로운행방법위반,건조,맑음,교차로 - 교차로안,승용,남,55세,상해없음,승용,남,41세,경상
2023111400100053,2023년 11월 14일 06시,화요일,광주광역시 북구 우산동,경상사고,0,0,1,0,차대사람 - 기타,안전운전불이행,건조,맑음,교차로 - 교차로안,승합,남,30세,상해없음,보행자,남,73세,경상
2023111400100229,2023년 11월 14일 11시,화요일,광주광역시 서구 금호동,경상사고,0,0,2,0,차대차 - 기타,안전거리미확보,건조,맑음,교차로 - 교차로부근,승용,남,68세,상해없음,승용,여,43세,경상
2023111400100259,2023년 11월 14일 12시,화요일,광주광역시 북구 양산동,부상신고사고,0,0,0,1,차대차 - 측면충돌,안전거리미확보,건조,맑음,단일로 - 기타,승용,남,66세,상해없음,승용,남,38세,부상신고
2023111400100343,2023년 11월 14일 14시,화요일,광주광역시 광산구 신가동,경상사고,0,0,1,0,차대차 - 측면충돌,안전운전불이행,건조,맑음,교차로 - 교차로안,승용,여,58세,상해없음,승합,남,54세,상해없음
2023111400100447,2023년 11월 14일 17시,화요일,광주광역시 광산구 복룡동,중상사고,0,1,0,0,차대차 - 측면충돌,불법유턴,건조,맑음,단일로 - 기타,승용,여,34세,상해없음,이륜,남,38세,중상
2023111400100448,2023년 11월 14일 17시,화요일,광주광역시 광산구 송정동,경상사고,0,0,1,0,차대차 - 추돌,안전거리미확보,건조,맑음,교차로 - 교차로부근,화물,남,39세,상해없음,승용,여,45세,경상
2023111400100514,2023년 11월 14일 18시,화요일,광주광역시 동구 대인동,경상사고,0,0,1,0,차대사람 - 기타,보행자보호의무위반,건조,맑음,교차로 - 교차로횡단보도내,승용,남,48세,상해없음,보행자,남,72세,경상
2023111400100515,2023년 11월 14일 18시,화요일,광주광역시 광산구 산월동,경상사고,0,0,1,0,차대차 - 측면충돌,교차로운행방법위반,건조,맑음,교차로 - 교차로안,승용,여,48세,상해없음,이륜,남,44세,경상
2023111400100516,2023년 11월 14일 18시,화요일,광주광역시 광산구 우산동,경상사고,0,0,1,0,차대차 - 추돌,안전운전불이행,건조,맑음,단일로 - 기타,승용,남,23세,기타불명,승용,남,25세,경상
2023111400100552,2023년 11월 14일 19시,화요일,광주광역시 광산구 장덕동,경상사고,0,0,2,0,차대차 - 측면충돌,직진우회전진행방해,건조,맑음,교차로 - 교차로안,화물,남,35세,기타불명,승용,남,48세,경상
2023111400100582,2023년 11월 14일 20시,화요일,광주광역시 서구 화정동,중상사고,0,1,0,0,차대차 - 기타,안전운전불이행,건조,맑음,단일로 - 기타,승용,남,28세,상해없음,이륜,남,38세,중상
2023111400100583,2023년 11월 14일 20시,화요일,광주광역시 광산구 운남동,중상사고,0,1,0,0,차대차 - 측면충돌,안전운전불이행,건조,맑음,단일로 - 기타,개인형이동수단(PM),여,19세,중상,승용,여,54세,상해없음
2023111400100603,2023년 11월 14일 21시,화요일,광주광역시 남구 봉선동,경상사고,0,0,1,0,차대사람 - 횡단중,보행자보호의무위반,건조,맑음,교차로 - 교차로안,승용,남,39세,상해없음,보행자,여,41세,경상
2023111400100615,2023년 11월 14일 22시,화요일,광주광역시 광산구 하남동,경상사고,0,0,1,0,차대사람 - 횡단중,안전운전불이행,건조,맑음,단일로 - 기타,승용,여,29세,상해없음,보행자,남,31세,경상
2023111500100049,2023년 11월 15일 06시,수요일,광주광역시 광산구 하남동,경상사고,0,0,1,0,차대차 - 측면충돌,신호위반,건조,맑음,교차로 - 교차로안,승합,남,62세,상해없음,승용,여,38세,경상
2023111500100083,2023년 11월 15일 07시,수요일,광주광역시 서구 매월동,경상사고,0,0,1,0,차대차 - 추돌,안전거리미확보,건조,맑음,단일로 - 기타,승용,여,36세,상해없음,승용,남,44세,경상
2023111500100084,2023년 11월 15일 07시,수요일,광주광역시 북구 두암동,중상사고,0,1,0,0,차량단독 - 공작물충돌,안전운전불이행,건조,맑음,단일로 - 기타,승합,남,67세,중상,,,,
2023111500100156,2023년 11월 15일 09시,수요일,광주광역시 광산구 임곡동,경상사고,0,0,2,0,차대차 - 측면충돌,안전운전불이행,건조,맑음,교차로 - 교차로부근,화물,남,63세,경상,승용,여,55세,경상
2023111500100196,2023년 11월 15일 10시,수요일,광주광역시 서구 매월동,경상사고,0,0,1,0,차대차 - 기타,안전운전불이행,건조,맑음,교차로 - 교차로안,화물,남,52세,상해없음,승용,남,45세,경상
2023111500100197,2023년 11월 15일 10시,수요일,광주광역시 북구 각화동,경상사고,0,0,2,0,차대차 - 측면충돌,교차로운행방법위반,건조,맑음,교차로 - 교차로안,화물,남,63세,경상,승용,남,30세,경상
2023111500100198,2023년 11월 15일 10시,수요일,광주광역시 광산구 수완동,경상사고,0,0,1,0,차대차 - 기타,교차로운행방법위반,건조,맑음,교차로 - 교차로부근,승용,여,40세,상해없음,승용,여,40세,경상
2023111500100230,2023년 11월 15일 11시,수요일,광주광역시 북구 매곡동,경상사고,0,0,1,0,차대차 - 추돌,안전운전불이행,건조,맑음,단일로 - 기타,승용,여,53세,상해없음,승용,남,68세,경상
2023111500100231,2023년 11월 15일 11시,수요일,광주광역시 북구 두암동,경상사고,0,0,2,0,차대차 - 기타,안전운전불이행,건조,맑음,교차로 - 교차로부근,승용,남,74세,경상,건설기계,남,35세,경상
2023111500100327,2023년 11월 15일 14시,수요일,광주광역시 서구 화정동,경상사고,0,0,2,1,차대차 - 기타,교차로운행방법위반,건조,맑음,교차로 - 교차로안,승용,여,44세,부상신고,승용,남,71세,경상
2023111500100328,2023년 11월 15일 14시,수요일,광주광역시 북구 오치동,중상사고,0,1,0,1,차대차 - 정면충돌,교차로운행방법위반,건조,맑음,교차로 - 교차로안,이륜,남,64세,중상,승용,남,27세,상해없음
2023111500100448,2023년 11월 15일 17시,수요일,광주광역시 서구 풍암동,경상사고,0,0,2,0,차대차 - 측면충돌,안전운전불이행,건조,맑음,단일로 - 기타,승용,남,23세,상해없음,승용,여,44세,경상
2023111500100449,2023년 11월 15일 17시,수요일,광주광역시 광산구 쌍암동,중상사고,0,1,0,0,차대차 - 측면충돌,신호위반,건조,맑음,교차로 - 교차로안,승용,여,28세,상해없음,자전거,남,24세,중상
2023111500100500,2023년 11월 15일 18시,수요일,광주광역시 동구 충장로3가,중상사고,0,1,0,0,차대차 - 측면충돌,중앙선침범,건조,맑음,단일로 - 기타,승용,남,49세,상해없음,이륜,남,60세,중상
2023111500100501,2023년 11월 15일 18시,수요일,광주광역시 서구 풍암동,경상사고,0,0,2,0,차대차 - 측면충돌,안전거리미확보,건조,맑음,단일로 - 기타,승용,여,76세,상해없음,승용,여,21세,경상
2023111500100502,2023년 11월 15일 18시,수요일,광주광역시 남구 송하동,경상사고,0,0,1,0,차대차 - 추돌,안전운전불이행,건조,맑음,기타 - 기타,승용,여,35세,상해없음,화물,여,55세,경상
2023111500100503,2023년 11월 15일 18시,수요일,광주광역시 북구 운암동,중상사고,0,1,0,0,차대사람 - 기타,안전운전불이행,건조,맑음,기타 - 기타,승용,남,31세,상해없음,보행자,남,64세,중상
2023111500100504,2023년 11월 15일 18시,수요일,광주광역시 광산구 산정동,경상사고,0,0,1,0,차대차 - 측면충돌,교차로운행방법위반,건조,맑음,교차로 - 교차로안,승용,남,27세,상해없음,이륜,남,33세,경상
2023111500100594,2023년 11월 15일 21시,수요일,광주광역시 서구 화정동,중상사고,0,1,1,0,차대차 - 측면충돌,직진우회전진행방해,건조,맑음,교차로 - 교차로안,승용,여,45세,경상,이륜,남,40세,중상
2023111500100616,2023년 11월 15일 22시,수요일,광주광역시 북구 운암동,경상사고,0,0,1,0,차대차 - 기타,안전운전불이행,건조,맑음,단일로 - 기타,승용,남,68세,상해없음,이륜,남,50세,경상
2023111500100617,2023년 11월 15일 22시,수요일,광주광역시 북구 중흥동,경상사고,0,0,4,0,차대차 - 측면충돌,직진우회전진행방해,건조,맑음,교차로 - 교차로안,이륜,남,51세,경상,승합,여,57세,경상
2023111500100633,2023년 11월 15일 23시,수요일,광주광역시 북구 두암동,중상사고,0,1,0,0,차대차 - 기타,신호위반,건조,맑음,단일로 - 기타,이륜,남,21세,상해없음,개인형이동수단(PM),남,17세,중상
2023111600100007,2023년 11월 16일 00시,목요일,광주광역시 북구 동림동,중상사고,0,1,0,0,차량단독 - 전도전복 - 전도,안전운전불이행,건조,맑음,기타 - 기타,개인형이동수단(PM),남,55세,중상,,,,
2023111600100055,2023년 11월 16일 07시,목요일,광주광역시 북구 문흥동,경상사고,0,0,1,0,차대차 - 측면충돌,안전운전불이행,건조,맑음,단일로 - 기타,승용,여,27세,상해없음,화물,남,52세,경상
2023111600100078,2023년 11월 16일 08시,목요일,광주광역시 광산구 쌍암동,경상사고,0,0,1,0,차대차 - 측면충돌,차로위반,건조,맑음,단일로 - 기타,이륜,남,80세,경상,승용,남,78세,상해없음
2023111600100107,2023년 11월 16일 09시,목요일,광주광역시 북구 오치동,경상사고,0,0,1,0,차대차 - 측면충돌,교차로운행방법위반,건조,맑음,교차로 - 교차로안,화물,남,73세,기타불명,승용,여,66세,경상
2023111600100145,2023년 11월 16일 10시,목요일,광주광역시 남구 월산동,경상사고,0,0,1,0,차대사람 - 기타,안전운전불이행,젖음/습기,비,단일로 - 기타,승용,여,65세,상해없음,보행자,남,53세,경상
2023111600100204,2023년 11월 16일 12시,목요일,광주광역시 광산구 수완동,경상사고,0,0,1,0,차대차 - 측면충돌,안전운전불이행,젖음/습기,비,단일로 - 기타,승합,남,49세,상해없음,승용,남,40세,경상
2023111600100232,2023년 11월 16일 13시,목요일,광주광역시 서구 쌍촌동,경상사고,0,0,2,0,차대차 - 측면충돌,안전거리미확보,젖음/습기,비,단일로 - 기타,승용,여,53세,경상,승용,남,67세,경상
2023111600100483,2023년 11월 16일 18시,목요일,광주광역시 동구 학동,경상사고,0,0,1,0,차대사람 - 횡단중,안전운전불이행,건조,맑음,교차로 - 교차로안,승용,남,74세,상해없음,보행자,여,25세,경상
2023111600100538,2023년 11월 16일 19시,목요일,광주광역시 광산구 산정동,중상사고,0,1,0,0,차대차 - 기타,교차로운행방법위반,젖음/습기,비,교차로 - 교차로부근,승용,여,52세,상해없음,승용,여,63세,중상
2023111600100616,2023년 11월 16일 22시,목요일,광주광역시 북구 동림동,경상사고,0,0,2,0,차대차 - 기타,안전운전불이행,젖음/습기,흐림,단일로 - 기타,승용,여,55세,상해없음,승용,남,28세,경상
2023111600100621,2023년 11월 16일 22시,목요일,광주광역시 서구 쌍촌동,경상사고,0,0,2,0,차대차 - 기타,안전운전불이행,건조,맑음,단일로 - 기타,이륜,남,19세,경상,승용,여,26세,경상
2023111600100622,2023년 11월 16일 22시,목요일,광주광역시 광산구 쌍암동,경상사고,0,0,2,0,차대차 - 기타,신호위반,건조,맑음,교차로 - 교차로안,승용,남,45세,상해없음,승용,여,58세,경상
2023111600100644,2023년 11월 16일 23시,목요일,광주광역시 북구 동림동,경상사고,0,0,3,0,차대차 - 기타,안전운전불이행,젖음/습기,흐림,단일로 - 기타,승용,여,58세,경상,승용,남,57세,경상
2023111700100009,2023년 11월 17일 00시,금요일,광주광역시 남구 봉선동,경상사고,0,0,1,0,차대차 - 측면충돌,안전거리미확보,젖음/습기,비,단일로 - 기타,승용,남,53세,상해없음,승용,남,64세,경상
2023111700100010,2023년 11월 17일 00시,금요일,광주광역시 북구 삼각동,경상사고,0,0,1,0,차대차 - 측면충돌,교차로운행방법위반,건조,맑음,교차로 - 교차로안,승용,남,59세,상해없음,승용,여,49세,경상
2023111700100142,2023년 11월 17일 08시,금요일,광주광역시 동구 대의동,중상사고,0,1,0,0,차대사람 - 기타,안전운전불이행,건조,맑음,기타 - 기타,승합,여,48세,상해없음,보행자,여,36세,중상
2023111700100143,2023년 11월 17일 08시,금요일,광주광역시 북구 각화동,경상사고,0,0,1,0,차대사람 - 횡단중,신호위반,건조,맑음,교차로 - 교차로횡단보도내,화물,남,26세,상해없음,보행자,여,71세,경상
2023111700100181,2023년 11월 17일 09시,금요일,광주광역시 남구 봉선동,경상사고,0,0,2,0,차대차 - 측면충돌,신호위반,건조,맑음,교차로 - 교차로안,승용,여,46세,상해없음,승용,남,37세,경상
2023111700100182,2023년 11월 17일 09시,금요일,광주광역시 북구 운암동,경상사고,0,0,2,0,차대차 - 기타,안전운전불이행,건조,맑음,단일로 - 기타,승용,남,62세,상해없음,승합,남,59세,상해없음
2023111700100299,2023년 11월 17일 12시,금요일,광주광역시 서구 쌍촌동,경상사고,0,0,1,0,차대차 - 추돌,안전운전불이행,젖음/습기,비,단일로 - 기타,화물,남,36세,상해없음,승용,남,30세,경상
2023111700100300,2023년 11월 17일 12시,금요일,광주광역시 광산구 우산동,경상사고,0,0,1,0,차대차 - 추돌,안전거리미확보,젖음/습기,비,단일로 - 기타,화물,남,55세,상해없음,승용,남,55세,경상
2023111700100329,2023년 11월 17일 13시,금요일,광주광역시 남구 이장동,경상사고,0,0,1,0,차대차 - 정면충돌,중앙선침범,젖음/습기,비,교차로 - 교차로부근,화물,남,67세,상해없음,승용,남,27세,경상
2023111700100330,2023년 11월 17일 13시,금요일,광주광역시 북구 두암동,경상사고,0,0,2,0,차대차 - 추돌,안전운전불이행,건조,맑음,단일로 - 기타,승용,여,43세,기타불명,승용,여,63세,경상
2023111700100400,2023년 11월 17일 15시,금요일,광주광역시 서구 치평동,경상사고,0,0,4,0,차대차 - 측면충돌,신호위반,건조,맑음,교차로 - 교차로안,승용,남,71세,상해없음,승용,남,30세,경상
2023111700100401,2023년 11월 17일 15시,금요일,광주광역시 광산구 오선동,중상사고,0,1,3,0,차대차 - 기타,안전운전불이행,젖음/습기,비,교차로 - 교차로안,화물,남,66세,상해없음,화물,남,26세,경상
2023111700100446,2023년 11월 17일 16시,금요일,광주광역시 동구 학동,경상사고,0,0,1,0,차대사람 - 길가장자리구역통행중,안전운전불이행,건조,맑음,단일로 - 기타,승용,여,53세,기타불명,보행자,남,17세,경상
2023111700100447,2023년 11월 17일 16시,금요일,광주광역시 광산구 오선동,경상사고,0,0,1,0,차대차 - 측면충돌,교차로운행방법위반,건조,맑음,교차로 - 교차로안,화물,남,49세,상해없음,승용,남,51세,경상
2023111700100491,2023년 11월 17일 17시,금요일,광주광역시 북구 풍향동,경상사고,0,0,3,0,차대차 - 측면충돌,안전운전불이행,건조,맑음,교차로 - 교차로안,승용,남,68세,경상,승용,남,50세,경상
2023111700100492,2023년 11월 17일 17시,금요일,광주광역시 북구 중흥동,경상사고,0,0,1,0,차대차 - 기타,교차로운행방법위반,건조,맑음,교차로 - 교차로안,승용,여,47세,기타불명,승용,여,51세,경상
2023111700100565,2023년 11월 17일 18시,금요일,광주광역시 서구 치평동,경상사고,0,0,1,0,차대차 - 기타,안전운전불이행,건조,맑음,교차로 - 교차로안,승용,여,53세,상해없음,승용,남,41세,경상
2023111700100566,2023년 11월 17일 18시,금요일,광주광역시 광산구 도천동,경상사고,0,0,1,0,차대차 - 측면충돌,안전거리미확보,건조,맑음,단일로 - 기타,승용,여,33세,상해없음,승용,남,26세,경상
2023111700100618,2023년 11월 17일 19시,금요일,광주광역시 북구 문흥동,중상사고,0,1,0,0,차대사람 - 횡단중,안전운전불이행,젖음/습기,눈,단일로 - 기타,승용,남,43세,상해없음,보행자,남,59세,중상
2023111700100651,2023년 11월 17일 20시,금요일,광주광역시 서구 풍암동,중상사고,0,1,0,0,차대사람 - 횡단중,신호위반,젖음/습기,비,교차로 - 교차로부근,이륜,남,33세,상해없음,보행자,여,13세,중상
2023111700100677,2023년 11월 17일 21시,금요일,광주광역시 남구 행암동,경상사고,0,0,2,0,차대사람 - 횡단중,신호위반,적설,눈,교차로 - 교차로횡단보도내,이륜,남,25세,상해없음,보행자,남,43세,경상
2023111700100678,2023년 11월 17일 21시,금요일,광주광역시 광산구 신가동,경상사고,0,0,6,0,차대차 - 추돌,안전거리미확보,젖음/습기,비,교차로 - 교차로부근,승용,남,50세,상해없음,승용,남,32세,경상
2023111700100705,2023년 11월 17일 22시,금요일,광주광역시 서구 금호동,경상사고,0,0,2,0,차대차 - 기타,교차로운행방법위반,젖음/습기,눈,교차로 - 교차로안,승용,남,65세,상해없음,이륜,남,33세,경상
2023111700100706,2023년 11월 17일 22시,금요일,광주광역시 서구 농성동,경상사고,0,0,1,0,차대차 - 측면충돌,안전거리미확보,젖음/습기,비,교차로 - 교차로부근,승용,남,67세,상해없음,화물,남,46세,경상
2023111700100707,2023년 11월 17일 22시,금요일,광주광역시 남구 봉선동,경상사고,0,0,2,0,차대사람 - 횡단중,보행자보호의무위반,젖음/습기,눈,교차로 - 교차로횡단보도내,승용,남,43세,상해없음,보행자,남,13세,경상
2023111700100708,2023년 11월 17일 22시,금요일,광주광역시 북구 두암동,경상사고,0,0,2,0,차대차 - 추돌,안전운전불이행,젖음/습기,눈,교차로 - 교차로안,승용,여,74세,기타불명,승용,남,56세,경상
2023111700100709,2023년 11월 17일 22시,금요일,광주광역시 북구 본촌동,경상사고,0,0,1,0,차대사람 - 기타,보행자보호의무위반,젖음/습기,눈,교차로 - 교차로안,승용,여,37세,기타불명,보행자,남,44세,경상
2023111700100710,2023년 11월 17일 22시,금요일,광주광역시 광산구 하남동,경상사고,0,0,1,0,차대차 - 후진중충돌,불법유턴,젖음/습기,비,주차장 - 주차장,승용,남,66세,상해없음,승용,남,59세,경상
2023111700100735,2023년 11월 17일 23시,금요일,광주광역시 남구 서동,중상사고,0,1,0,0,차대차 - 정면충돌,안전운전불이행,젖음/습기,맑음,교차로 - 교차로안,승용,남,65세,상해없음,이륜,남,44세,중상
2023111700100736,2023년 11월 17일 23시,금요일,광주광역시 북구 중흥동,경상사고,0,0,1,0,차대사람 - 기타,안전운전불이행,젖음/습기,비,단일로 - 기타,승용,남,58세,상해없음,보행자,남,62세,경상
2023111800100016,2023년 11월 18일 00시,토요일,광주광역시 광산구 수완동,경상사고,0,0,1,0,차대차 - 측면충돌,안전운전불이행,건조,맑음,교차로 - 교차로안,승용,여,49세,상해없음,승용,남,59세,경상
2023111800100035,2023년 11월 18일 02시,토요일,광주광역시 북구 동림동,경상사고,0,0,1,0,차대차 - 기타,안전운전불이행,젖음/습기,눈,단일로 - 기타,승용,남,61세,상해없음,화물,남,60세,상해없음
2023111800100085,2023년 11월 18일 06시,토요일,광주광역시 서구 광천동,중상사고,0,1,0,0,차대차 - 기타,교차로운행방법위반,젖음/습기,비,교차로 - 교차로횡단보도내,승용,남,27세,상해없음,자전거,남,28세,중상
2023111800100086,2023년 11월 18일 06시,토요일,광주광역시 북구 중흥동,중상사고,0,1,0,0,차대사람 - 기타,안전운전불이행,건조,맑음,단일로 - 기타,화물,남,53세,상해없음,보행자,남,67세,중상
2023111800100103,2023년 11월 18일 07시,토요일,광주광역시 북구 월출동,경상사고,0,0,1,0,차량단독 - 도로외이탈 - 추락,안전운전불이행,서리/결빙,눈,단일로 - 교량,승용,남,56세,경상,,,,
2023111800100157,2023년 11월 18일 09시,토요일,광주광역시 북구 운암동,경상사고,0,0,1,0,차대차 - 후진중충돌,안전운전불이행,건조,맑음,단일로 - 기타,승용,여,38세,상해없음,승용,남,43세,경상
2023111800100193,2023년 11월 18일 10시,토요일,광주광역시 북구 우산동,경상사고,0,0,1,0,차대차 - 측면충돌,기타,건조,맑음,교차로 - 교차로안,승용,남,68세,상해없음,화물,남,48세,경상
2023111800100234,2023년 11월 18일 11시,토요일,광주광역시 남구 임암동,중상사고,0,1,0,0,차대사람 - 횡단중,안전운전불이행,건조,맑음,교차로 - 교차로안,승용,남,51세,상해없음,보행자,남,57세,중상
2023111800100235,2023년 11월 18일 11시,토요일,광주광역시 북구 매곡동,중상사고,0,1,0,0,차대차 - 기타,안전운전불이행,건조,맑음,교차로 - 교차로안,승용,여,38세,상해없음,이륜,남,42세,중상
2023111800100311,2023년 11월 18일 13시,토요일,광주광역시 동구 계림동,경상사고,0,0,1,0,차대차 - 기타,안전거리미확보,건조,맑음,단일로 - 기타,승용,남,62세,상해없음,원동기,남,30세,경상
2023111800100346,2023년 11월 18일 14시,토요일,광주광역시 서구 풍암동,경상사고,0,0,3,0,차대차 - 기타,안전거리미확보,건조,맑음,단일로 - 기타,승용,여,54세,상해없음,승용,여,25세,경상
2023111800100406,2023년 11월 18일 16시,토요일,광주광역시 서구 풍암동,경상사고,0,0,1,0,차대차 - 기타,직진우회전진행방해,건조,맑음,교차로 - 교차로안,승용,남,54세,상해없음,화물,여,53세,경상
2023111800100494,2023년 11월 18일 18시,토요일,광주광역시 서구 치평동,중상사고,0,1,0,0,차대차 - 추돌,안전운전불이행,건조,맑음,교차로 - 교차로안,이륜,남,41세,중상,승용,여,51세,상해없음
2023111800100495,2023년 11월 18일 18시,토요일,광주광역시 남구 백운동,경상사고,0,0,1,0,차대차 - 측면충돌,불법유턴,건조,맑음,단일로 - 기타,승용,남,26세,상해없음,이륜,남,29세,경상
2023111800100523,2023년 11월 18일 19시,토요일,광주광역시 북구 임동,경상사고,0,0,1,0,차대차 - 측면충돌,안전운전불이행,건조,맑음,교차로 - 교차로부근,기타불명,기타불명,미분류,기타불명,승용,남,66세,경상
2023111800100543,2023년 11월 18일 20시,토요일,광주광역시 서구 금호동,경상사고,0,0,1,0,차대차 - 추돌,안전운전불이행,건조,맑음,교차로 - 교차로부근,승용,남,25세,상해없음,승용,남,38세,경상
2023111800100560,2023년 11월 18일 21시,토요일,광주광역시 광산구 신가동,경상사고,0,0,1,0,차대차 - 측면충돌,신호위반,건조,맑음,교차로 - 교차로안,승용,남,21세,기타불명,승용,남,42세,경상
2023111800100584,2023년 11월 18일 23시,토요일,광주광역시 북구 운암동,중상사고,0,1,1,0,차대차 - 정면충돌,신호위반,건조,맑음,교차로 - 교차로안,승용,남,34세,경상,승용,여,24세,중상
2023111900100009,2023년 11월 19일 00시,일요일,광주광역시 서구 쌍촌동,경상사고,0,0,4,0,차대차 - 측면충돌,안전거리미확보,건조,맑음,교차로 - 교차로부근,승용,남,65세,상해없음,승용,남,21세,경상
2023111900100032,2023년 11월 19일 03시,일요일,광주광역시 서구 화정동,경상사고,0,0,1,0,차대사람 - 횡단중,신호위반,건조,맑음,교차로 - 교차로횡단보도내,승용,남,30세,상해없음,보행자,여,66세,경상
2023111900100077,2023년 11월 19일 08시,일요일,광주광역시 광산구 진곡동,경상사고,0,0,1,0,차대차 - 기타,교차로운행방법위반,건조,맑음,교차로 - 교차로부근,승용,남,53세,상해없음,승용,여,45세,경상