사고번호,사고일시,요일,시군구,사고내용,사망자수,중상자수,경상자수,부상신고자수,사고유형,법규위반,노면상태,기상상태,도로형태,가해운전자 차종,가해운전자 성별,가해운전자 연령,가해운전자 상해정도,피해운전자 차종,피해운전자 성별,피해운전자 연령,피해운전자 상해정도
2023113000100243,2023년 11월 30일 12시,목요일,광주광역시 서구 유촌동,중상사고,0,1,2,0,차대차 - 추돌,안전운전불이행,건조,맑음,교차로 - 교차로부근,화물,남,43세,상해없음,승용,여,44세,경상
2023113000100387,2023년 11월 30일 16시,목요일,광주광역시 남구 주월동,경상사고,0,0,1,0,차대차 - 추돌,안전운전불이행,건조,맑음,기타 - 기타,승용,남,76세,상해없음,이륜,남,35세,경상
2023113000100388,2023년 11월 30일 16시,목요일,광주광역시 북구 일곡동,경상사고,0,0,1,0,차대사람 - 기타,안전운전불이행,건조,흐림,단일로 - 기타,승용,여,45세,상해없음,보행자,여,42세,경상
2023113000100430,2023년 11월 30일 17시,목요일,광주광역시 북구 각화동,경상사고,0,0,1,0,차대차 - 측면충돌,안전거리미확보,건조,맑음,단일로 - 기타,승용,여,57세,상해없음,승용,남,37세,경상
2023113000100440,2023년 11월 30일 17시,목요일,광주광역시 서구 내방동,부상신고사고,0,0,0,1,차량단독 - 공작물충돌,안전운전불이행,건조,맑음,단일로 - 기타,기타불명,기타불명,미분류,기타불명,,,,
2023113000100441,2023년 11월 30일 17시,목요일,광주광역시 북구 두암동,경상사고,0,0,2,0,차대차 - 추돌,안전운전불이행,건조,맑음,기타 - 기타,승용,여,39세,상해없음,이륜,남,37세,경상
2023113000100442,2023년 11월 30일 17시,목요일,광주광역시 광산구 월곡동,경상사고,0,0,1,0,차대차 - 추돌,안전거리미확보,건조,맑음,교차로 - 교차로안,승용,여,64세,상해없음,승용,남,43세,경상
2023113000100508,2023년 11월 30일 18시,목요일,광주광역시 동구 학동,경상사고,0,0,2,0,차대차 - 추돌,안전운전불이행,건조,맑음,단일로 - 터널,승용,남,31세,상해없음,화물,남,39세,경상
2023113000100574,2023년 11월 30일 20시,목요일,광주광역시 북구 오치동,중상사고,0,1,0,0,차대차 - 기타,차로위반,건조,맑음,단일로 - 기타,승용,남,46세,상해없음,이륜,남,19세,중상
2023113000100575,2023년 11월 30일 20시,목요일,광주광역시 북구 용두동,경상사고,0,0,1,0,차대사람 - 기타,안전운전불이행,건조,맑음,교차로 - 교차로부근,승용,남,55세,상해없음,보행자,남,10세,경상
2023113000100596,2023년 11월 30일 21시,목요일,광주광역시 북구 두암동,경상사고,0,0,1,0,차대차 - 측면충돌,안전운전불이행,건조,맑음,기타 - 기타,화물,남,61세,상해없음,승용,남,57세,경상
2023113000100628,2023년 11월 30일 23시,목요일,광주광역시 서구 화정동,경상사고,0,0,2,0,차대사람 - 기타,안전운전불이행,건조,맑음,기타 - 기타,승용,남,72세,상해없음,보행자,여,25세,경상
2023120100100008,2023년 12월 1일 00시,금요일,광주광역시 서구 풍암동,경상사고,0,0,2,1,차대차 - 기타,중앙선침범,건조,맑음,교차로 - 교차로부근,승용,여,54세,부상신고,승용,여,45세,경상
2023120100100038,2023년 12월 1일 05시,금요일,광주광역시 서구 치평동,경상사고,0,0,2,0,차대차 - 측면충돌,안전운전불이행,건조,맑음,기타 - 기타,승용,남,30세,경상,승용,남,45세,상해없음
2023120100100067,2023년 12월 1일 07시,금요일,광주광역시 북구 동림동,중상사고,0,1,0,0,차대사람 - 횡단중,보행자보호의무위반,건조,맑음,교차로 - 교차로횡단보도내,승용,여,25세,상해없음,보행자,남,36세,중상
2023120100100101,2023년 12월 1일 08시,금요일,광주광역시 남구 봉선동,경상사고,0,0,3,0,차대차 - 추돌,안전거리미확보,건조,흐림,단일로 - 기타,승용,남,67세,상해없음,승합,남,49세,경상
2023120100100102,2023년 12월 1일 08시,금요일,광주광역시 남구 방림동,경상사고,0,0,1,0,차대차 - 측면충돌,안전운전불이행,건조,맑음,교차로 - 교차로안,승용,남,60세,상해없음,승용,남,35세,경상
2023120100100103,2023년 12월 1일 08시,금요일,광주광역시 북구 삼각동,경상사고,0,0,1,0,차대차 - 기타,안전운전불이행,건조,맑음,교차로 - 교차로부근,화물,남,58세,상해없음,승합,남,48세,상해없음
2023120100100145,2023년 12월 1일 09시,금요일,광주광역시 북구 두암동,경상사고,0,0,2,0,차대차 - 기타,안전운전불이행,건조,맑음,교차로 - 교차로부근,승용,여,52세,상해없음,화물,남,66세,경상
2023120100100184,2023년 12월 1일 10시,금요일,광주광역시 북구 중흥동,경상사고,0,0,1,0,차대차 - 기타,안전운전불이행,건조,맑음,단일로 - 기타,승용,남,47세,상해없음,개인형이동수단(PM),남,83세,경상
2023120100100316,2023년 12월 1일 14시,금요일,광주광역시 서구 치평동,경상사고,0,0,2,0,차대차 - 측면충돌,교차로운행방법위반,건조,맑음,교차로 - 교차로안,승용,여,46세,상해없음,승용,남,23세,경상
2023120100100317,2023년 12월 1일 14시,금요일,광주광역시 광산구 선암동,경상사고,0,0,4,0,차대차 - 측면충돌,차로위반,건조,맑음,단일로 - 기타,화물,남,56세,상해없음,승용,여,50세,경상
2023120100100318,2023년 12월 1일 14시,금요일,광주광역시 광산구 우산동,경상사고,0,0,4,0,차대차 - 측면충돌,안전거리미확보,건조,맑음,단일로 - 기타,승용,여,64세,상해없음,승용,여,43세,경상
2023120100100349,2023년 12월 1일 15시,금요일,광주광역시 서구 농성동,중상사고,0,1,0,0,차대차 - 기타,안전운전불이행,건조,맑음,교차로 - 교차로부근,자전거,남,15세,중상,승용,남,53세,상해없음
2023120100100380,2023년 12월 1일 16시,금요일,광주광역시 서구 매월동,경상사고,0,0,1,0,차대차 - 기타,안전거리미확보,건조,맑음,단일로 - 기타,화물,남,60세,상해없음,승용,남,60세,경상
2023120100100429,2023년 12월 1일 17시,금요일,광주광역시 광산구 장덕동,경상사고,0,0,1,0,차대차 - 기타,안전거리미확보,건조,맑음,단일로 - 기타,승용,남,26세,상해없음,승용,여,41세,경상
2023120100100485,2023년 12월 1일 18시,금요일,광주광역시 서구 매월동,경상사고,0,0,3,0,차대차 - 추돌,안전운전불이행,건조,맑음,단일로 - 기타,승용,남,65세,상해없음,승용,남,58세,경상
2023120100100486,2023년 12월 1일 18시,금요일,광주광역시 광산구 운수동,경상사고,0,0,2,0,차대차 - 측면충돌,안전운전불이행,건조,맑음,교차로 - 교차로안,승합,남,71세,상해없음,승용,여,63세,경상
2023120100100535,2023년 12월 1일 19시,금요일,광주광역시 서구 풍암동,중상사고,0,1,0,0,차대사람 - 횡단중,안전운전불이행,건조,맑음,단일로 - 기타,승용,여,35세,상해없음,보행자,남,53세,중상
2023120100100536,2023년 12월 1일 19시,금요일,광주광역시 광산구 도천동,경상사고,0,0,1,0,차대차 - 측면충돌,안전운전불이행,건조,맑음,단일로 - 기타,화물,남,68세,기타불명,승용,남,32세,경상
2023120100100570,2023년 12월 1일 20시,금요일,광주광역시 서구 쌍촌동,경상사고,0,0,1,0,차대차 - 기타,안전운전불이행,건조,맑음,교차로 - 교차로부근,승용,남,62세,상해없음,승용,남,30세,경상
2023120100100571,2023년 12월 1일 20시,금요일,광주광역시 북구 문흥동,경상사고,0,0,1,0,차대차 - 기타,안전운전불이행,건조,맑음,단일로 - 기타,승용,남,54세,상해없음,이륜,남,30세,경상
2023120100100597,2023년 12월 1일 21시,금요일,광주광역시 서구 치평동,경상사고,0,0,1,0,차대사람 - 기타,중앙선침범,건조,맑음,단일로 - 기타,승용,남,64세,상해없음,보행자,남,65세,경상
2023120100100598,2023년 12월 1일 21시,금요일,광주광역시 남구 주월동,경상사고,0,0,1,0,차대차 - 추돌,안전운전불이행,건조,맑음,교차로 - 교차로부근,승용,남,32세,상해없음,승용,남,68세,경상
2023120200100031,2023년 12월 2일 02시,토요일,광주광역시 남구 봉선동,중상사고,0,1,0,0,차대차 - 정면충돌,중앙선침범,건조,맑음,단일로 - 기타,승용,남,21세,상해없음,승용,남,62세,중상
2023120200100052,2023년 12월 2일 06시,토요일,광주광역시 동구 월남동,경상사고,0,0,1,0,차대차 - 기타,안전운전불이행,건조,맑음,단일로 - 기타,화물,남,55세,상해없음,화물,남,23세,경상
2023120200100053,2023년 12월 2일 06시,토요일,광주광역시 서구 쌍촌동,경상사고,0,0,1,0,차대차 - 기타,안전운전불이행,건조,맑음,교차로 - 교차로안,승용,남,68세,상해없음,이륜,남,25세,경상
2023120200100054,2023년 12월 2일 06시,토요일,광주광역시 서구 치평동,경상사고,0,0,1,0,차대차 - 기타,안전운전불이행,건조,맑음,교차로 - 교차로안,화물,남,65세,상해없음,승용,남,44세,경상
2023120200100065,2023년 12월 2일 07시,토요일,광주광역시 동구 소태동,경상사고,0,0,1,0,차대차 - 기타,안전운전불이행,건조,맑음,단일로 - 터널,승용,여,56세,상해없음,특수,남,48세,경상
2023120200100085,2023년 12월 2일 08시,토요일,광주광역시 북구 양산동,경상사고,0,0,1,0,차대사람 - 기타,안전운전불이행,건조,맑음,단일로 - 기타,승용,남,60세,상해없음,보행자,여,53세,경상
2023120200100131,2023년 12월 2일 10시,토요일,광주광역시 서구 양동,경상사고,0,0,1,0,차대사람 - 횡단중,보행자보호의무위반,건조,흐림,기타 - 기타,승용,남,29세,상해없음,보행자,남,75세,경상
2023120200100132,2023년 12월 2일 10시,토요일,광주광역시 북구 월출동,중상사고,0,1,1,0,차대차 - 측면충돌,신호위반,건조,맑음,교차로 - 교차로안,승용,남,82세,상해없음,승용,남,81세,경상
2023120200100198,2023년 12월 2일 12시,토요일,광주광역시 서구 유촌동,경상사고,0,0,1,0,차대차 - 기타,안전운전불이행,건조,맑음,단일로 - 기타,승용,남,64세,상해없음,자전거,남,33세,경상
2023120200100199,2023년 12월 2일 12시,토요일,광주광역시 서구 광천동,경상사고,0,0,2,0,차대차 - 측면충돌,신호위반,건조,맑음,교차로 - 교차로안,화물,여,57세,상해없음,승용,남,49세,경상
2023120200100200,2023년 12월 2일 12시,토요일,광주광역시 북구 운암동,중상사고,0,1,0,0,차대차 - 추돌,안전운전불이행,건조,맑음,단일로 - 기타,승용,남,81세,상해없음,승용,남,55세,중상
2023120200100243,2023년 12월 2일 13시,토요일,광주광역시 서구 광천동,중상사고,0,1,0,0,차대차 - 기타,불법유턴,건조,맑음,교차로 - 교차로부근,승용,남,59세,기타불명,이륜,남,36세,중상
2023120200100286,2023년 12월 2일 14시,토요일,광주광역시 광산구 장덕동,중상사고,0,2,0,0,차대차 - 기타,기타,건조,맑음,교차로 - 교차로안,승용,남,24세,중상,승용,여,32세,중상
2023120200100324,2023년 12월 2일 15시,토요일,광주광역시 서구 치평동,경상사고,0,0,2,0,차대차 - 측면충돌,신호위반,건조,맑음,교차로 - 교차로안,승용,여,49세,상해없음,승용,남,37세,경상
2023120200100325,2023년 12월 2일 15시,토요일,광주광역시 서구 광천동,경상사고,0,0,1,0,차대차 - 기타,안전운전불이행,건조,맑음,교차로 - 교차로안,승용,여,31세,기타불명,승용,남,34세,경상
2023120200100326,2023년 12월 2일 15시,토요일,광주광역시 남구 봉선동,중상사고,0,1,0,0,차대차 - 기타,신호위반,건조,맑음,교차로 - 교차로안,승용,남,66세,상해없음,이륜,남,51세,중상
2023120200100327,2023년 12월 2일 15시,토요일,광주광역시 남구 월산동,경상사고,0,0,1,0,차대차 - 기타,안전운전불이행,건조,맑음,기타 - 기타,승용,여,53세,상해없음,승용,여,30세,경상
2023120200100442,2023년 12월 2일 18시,토요일,광주광역시 북구 중흥동,경상사고,0,0,3,0,차대차 - 기타,안전거리미확보,건조,맑음,단일로 - 기타,승용,남,60세,상해없음,승용,남,41세,경상
2023120200100443,2023년 12월 2일 18시,토요일,광주광역시 광산구 우산동,경상사고,0,0,2,0,차대차 - 측면충돌,안전운전불이행,건조,맑음,단일로 - 기타,승용,남,38세,상해없음,승용,여,40세,경상
2023120200100485,2023년 12월 2일 19시,토요일,광주광역시 북구 두암동,경상사고,0,0,1,1,차대차 - 추돌,안전운전불이행,건조,맑음,단일로 - 기타,승용,남,41세,부상신고,승용,여,60세,경상
2023120200100486,2023년 12월 2일 19시,토요일,광주광역시 광산구 우산동,부상신고사고,0,0,0,5,차대차 - 측면충돌,안전거리미확보,건조,맑음,단일로 - 기타,승용,남,25세,부상신고,승용,남,20세,부상신고
2023120200100521,2023년 12월 2일 20시,토요일,광주광역시 광산구 장덕동,중상사고,0,1,1,0,차대차 - 기타,불법유턴,건조,맑음,교차로 - 교차로부근,승용,남,27세,상해없음,이륜,남,34세,중상
2023120200100581,2023년 12월 2일 23시,토요일,광주광역시 광산구 신가동,중상사고,0,1,0,0,차대사람 - 기타,안전운전불이행,건조,맑음,단일로 - 교량,승용,여,43세,상해없음,보행자,남,53세,중상
2023120300100007,2023년 12월 3일 00시,일요일,광주광역시 남구 주월동,경상사고,0,0,3,0,차대차 - 기타,신호위반,젖음/습기,비,교차로 - 교차로안,승용,여,37세,상해없음,승용,남,64세,경상
2023120300100042,2023년 12월 3일 06시,일요일,광주광역시 북구 용봉동,경상사고,0,0,2,0,차대차 - 추돌,안전운전불이행,건조,맑음,단일로 - 기타,승용,여,48세,기타불명,승용,남,68세,경상
2023120300100059,2023년 12월 3일 08시,일요일,광주광역시 광산구 쌍암동,경상사고,0,0,1,0,차대차 - 기타,교차로운행방법위반,건조,맑음,교차로 - 교차로안,승용,남,54세,상해없음,승용,여,29세,경상
2023120300100067,2023년 12월 3일 09시,일요일,광주광역시 광산구 수완동,경상사고,0,0,1,0,차대차 - 추돌,안전운전불이행,건조,맑음,기타 - 기타,승합,남,70세,상해없음,승용,여,47세,경상
2023120300100088,2023년 12월 3일 10시,일요일,광주광역시 광산구 월곡동,경상사고,0,0,1,0,차대차 - 측면충돌,교차로운행방법위반,건조,맑음,교차로 - 교차로안,자전거,남,86세,경상,승용,남,79세,상해없음
2023120300100116,2023년 12월 3일 11시,일요일,광주광역시 서구 화정동,경상사고,0,0,1,0,차대사람 - 횡단중,보행자보호의무위반,건조,맑음,교차로 - 교차로횡단보도내,승용,여,49세,상해없음,보행자,남,52세,경상
2023120300100117,2023년 12월 3일 11시,일요일,광주광역시 북구 매곡동,경상사고,0,0,1,0,차대차 - 추돌,안전운전불이행,건조,맑음,교차로 - 교차로부근,승용,남,24세,상해없음,승용,남,60세,경상
2023120300100118,2023년 12월 3일 11시,일요일,광주광역시 북구 문흥동,경상사고,0,0,1,0,차대차 - 추돌,안전운전불이행,건조,맑음,기타 - 기타,승용,남,70세,상해없음,승용,남,54세,경상
2023120300100208,2023년 12월 3일 14시,일요일,광주광역시 서구 유촌동,경상사고,0,0,2,0,차대차 - 추돌,안전거리미확보,건조,맑음,교차로 - 교차로부근,승용,남,29세,상해없음,승용,여,41세,경상
2023120300100209,2023년 12월 3일 14시,일요일,광주광역시 남구 방림동,중상사고,0,1,0,0,차대사람 - 횡단중,안전운전불이행,건조,맑음,교차로 - 교차로안,승용,여,56세,상해없음,보행자,여,82세,중상
2023120300100210,2023년 12월 3일 14시,일요일,광주광역시 북구 신안동,경상사고,0,0,1,1,차대차 - 측면충돌,교차로운행방법위반,건조,맑음,교차로 - 교차로안,승용,여,34세,기타불명,승용,남,38세,경상
2023120300100234,2023년 12월 3일 15시,일요일,광주광역시 북구 운암동,경상사고,0,0,3,0,차대차 - 측면충돌,신호위반,건조,맑음,교차로 - 교차로안,승용,남,73세,상해없음,승용,여,41세,경상
2023120300100297,2023년 12월 3일 17시,일요일,광주광역시 북구 운암동,경상사고,0,0,1,0,차대사람 - 차도통행중,안전운전불이행,건조,맑음,교차로 - 교차로부근,승용,남,51세,상해없음,보행자,남,76세,경상
2023120300100335,2023년 12월 3일 18시,일요일,광주광역시 북구 운암동,경상사고,0,0,1,0,차대차 - 추돌,안전운전불이행,건조,맑음,주차장 - 주차장,승용,남,62세,상해없음,승용,남,68세,경상
2023120300100336,2023년 12월 3일 18시,일요일,광주광역시 광산구 하남동,중상사고,0,1,0,0,차대차 - 측면충돌,신호위반,건조,맑음,교차로 - 교차로안,승용,남,35세,상해없음,원동기,남,31세,중상
2023120300100355,2023년 12월 3일 19시,일요일,광주광역시 서구 풍암동,경상사고,0,0,1,0,차대사람 - 기타,안전운전불이행,건조,맑음,단일로 - 기타,승용,남,56세,상해없음,보행자,남,19세,경상
2023120300100373,2023년 12월 3일 20시,일요일,광주광역시 광산구 선암동,경상사고,0,0,1,0,차대차 - 기타,교차로운행방법위반,건조,맑음,교차로 - 교차로부근,승용,남,27세,상해없음,승합,남,55세,상해없음
2023120300100391,2023년 12월 3일 21시,일요일,광주광역시 동구 동명동,경상사고,0,0,1,0,차대차 - 측면충돌,안전운전불이행,건조,맑음,단일로 - 기타,승용,남,70세,상해없음,원동기,남,28세,경상
2023120300100417,2023년 12월 3일 23시,일요일,광주광역시 남구 행암동,중상사고,0,1,0,0,차대차 - 측면충돌,안전거리미확보,건조,맑음,단일로 - 기타,개인형이동수단(PM),남,26세,중상,승용,여,52세,상해없음
2023120400100037,2023년 12월 4일 05시,월요일,광주광역시 남구 방림동,경상사고,0,0,1,0,차량단독 - 기타,안전운전불이행,건조,맑음,교차로 - 교차로안,이륜,남,25세,경상,,,,
2023120400100074,2023년 12월 4일 07시,월요일,광주광역시 서구 쌍촌동,경상사고,0,0,1,0,차대차 - 추돌,안전거리미확보,건조,맑음,단일로 - 기타,승용,여,28세,상해없음,승용,여,50세,경상
2023120400100075,2023년 12월 4일 07시,월요일,광주광역시 남구 진월동,경상사고,0,0,1,1,차대차 - 추돌,안전거리미확보,건조,맑음,단일로 - 기타,화물,남,39세,상해없음,승용,남,70세,부상신고
2023120400100076,2023년 12월 4일 07시,월요일,광주광역시 북구 동림동,경상사고,0,0,1,0,차대차 - 추돌,안전운전불이행,건조,맑음,단일로 - 기타,승용,남,63세,상해없음,승용,여,64세,경상
2023120400100077,2023년 12월 4일 07시,월요일,광주광역시 광산구 송정동,경상사고,0,0,1,0,차대차 - 측면충돌,교차로운행방법위반,건조,맑음,교차로 - 교차로안,화물,남,66세,상해없음,승용,남,43세,경상
2023120400100128,2023년 12월 4일 08시,월요일,광주광역시 서구 금호동,경상사고,0,0,1,0,차대차 - 측면충돌,안전거리미확보,건조,맑음,교차로 - 교차로부근,승용,남,69세,상해없음,승용,남,51세,상해없음
2023120400100129,2023년 12월 4일 08시,월요일,광주광역시 남구 월산동,경상사고,0,0,1,0,차대차 - 추돌,안전운전불이행,건조,맑음,기타 - 기타,승용,여,48세,상해없음,승용,여,30세,경상
2023120400100130,2023년 12월 4일 08시,월요일,광주광역시 북구 두암동,부상신고사고,0,0,0,1,차대차 - 기타,차로위반,건조,맑음,단일로 - 기타,승용,여,54세,상해없음,승용,남,31세,부상신고
2023120400100174,2023년 12월 4일 09시,월요일,광주광역시 서구 화정동,경상사고,0,0,1,0,차대차 - 측면충돌,안전거리미확보,건조,맑음,단일로 - 기타,승용,남,82세,상해없음,승용,여,21세,경상
2023120400100175,2023년 12월 4일 09시,월요일,광주광역시 북구 본촌동,경상사고,0,0,1,0,차대차 - 기타,신호위반,건조,맑음,교차로 - 교차로안,화물,남,29세,상해없음,승용,남,69세,경상
2023120400100257,2023년 12월 4일 11시,월요일,광주광역시 동구 동명동,경상사고,0,0,1,0,차대차 - 추돌,안전거리미확보,건조,맑음,교차로 - 교차로부근,승용,남,25세,상해없음,승용,남,39세,경상
2023120400100294,2023년 12월 4일 12시,월요일,광주광역시 북구 운암동,경상사고,0,0,1,0,차대차 - 측면충돌,안전운전불이행,건조,맑음,단일로 - 기타,승용,남,52세,상해없음,승용,여,30세,경상
2023120400100339,2023년 12월 4일 13시,월요일,광주광역시 서구 양동,경상사고,0,0,3,0,차대차 - 기타,안전운전불이행,건조,맑음,기타 - 기타,특수,남,64세,상해없음,화물,남,55세,경상
2023120400100341,2023년 12월 4일 13시,월요일,광주광역시 남구 주월동,경상사고,0,0,3,3,차대차 - 측면충돌,신호위반,건조,맑음,교차로 - 교차로안,승용,남,64세,상해없음,승합,남,51세,상해없음
2023120400100342,2023년 12월 4일 13시,월요일,광주광역시 광산구 우산동,경상사고,0,0,2,0,차대차 - 후진중충돌,안전운전불이행,건조,맑음,교차로 - 교차로부근,화물,남,73세,상해없음,승용,남,42세,경상
2023120400100376,2023년 12월 4일 14시,월요일,광주광역시 북구 신안동,경상사고,0,0,1,0,차대차 - 기타,신호위반,건조,맑음,교차로 - 교차로횡단보도내,자전거,남,71세,경상,승용,남,54세,상해없음
2023120400100377,2023년 12월 4일 14시,월요일,광주광역시 북구 임동,경상사고,0,0,2,0,차대차 - 측면충돌,안전운전불이행,건조,맑음,교차로 - 교차로부근,승용,여,69세,기타불명,승용,남,32세,경상
2023120400100404,2023년 12월 4일 15시,월요일,광주광역시 서구 치평동,경상사고,0,0,1,0,차대차 - 기타,안전운전불이행,건조,맑음,교차로 - 교차로안,개인형이동수단(PM),남,19세,경상,승용,남,59세,상해없음
2023120400100439,2023년 12월 4일 16시,월요일,광주광역시 광산구 선암동,경상사고,0,0,2,1,차대차 - 추돌,안전운전불이행,건조,맑음,단일로 - 기타,승용,여,59세,부상신고,승용,남,53세,경상
2023120400100488,2023년 12월 4일 17시,월요일,광주광역시 남구 방림동,경상사고,0,0,1,0,차대차 - 기타,안전운전불이행,건조,맑음,교차로 - 교차로부근,승용,남,88세,상해없음,승합,남,63세,상해없음
2023120400100489,2023년 12월 4일 17시,월요일,광주광역시 북구 연제동,사망사고,1,0,0,0,차대사람 - 기타,안전운전불이행,건조,맑음,기타 - 기타,승용,남,43세,상해없음,보행자,남,84세,사망
2023120400100643,2023년 12월 4일 22시,월요일,광주광역시 광산구 장덕동,경상사고,0,0,4,0,차대차 - 측면충돌,신호위반,건조,맑음,교차로 - 교차로안,승용,남,59세,경상,화물,남,52세,경상
2023120500100006,2023년 12월 5일 00시,화요일,광주광역시 남구 임암동,경상사고,0,0,2,0,차대차 - 기타,안전거리미확보,건조,맑음,단일로 - 기타,승용,남,21세,상해없음,승용,남,24세,경상
2023120500100025,2023년 12월 5일 05시,화요일,광주광역시 북구 운암동,경상사고,0,0,2,0,차대차 - 기타,안전거리미확보,건조,맑음,교차로 - 교차로안,기타불명,기타불명,미분류,기타불명,승용,여,60세,경상
2023120500100038,2023년 12월 5일 06시,화요일,광주광역시 북구 용봉동,경상사고,0,0,1,0,차대차 - 추돌,안전거리미확보,건조,맑음,교차로 - 교차로횡단보도내,승용,남,38세,상해없음,승용,남,34세,경상
2023120500100062,2023년 12월 5일 07시,화요일,광주광역시 광산구 선암동,경상사고,0,0,1,0,차대차 - 측면충돌,안전거리미확보,건조,맑음,단일로 - 기타,승용,남,74세,기타불명,승용,남,64세,경상
2023120500100103,2023년 12월 5일 08시,화요일,광주광역시 북구 운암동,부상신고사고,0,0,0,1,차대사람 - 기타,안전운전불이행,건조,맑음,단일로 - 기타,승용,남,79세,상해없음,보행자,여,28세,부상신고
2023120500100127,2023년 12월 5일 09시,화요일,광주광역시 서구 광천동,부상신고사고,0,0,0,1,차대차 - 추돌,안전운전불이행,건조,맑음,단일로 - 기타,화물,남,85세,상해없음,승용,여,32세,부상신고
2023120500100128,2023년 12월 5일 09시,화요일,광주광역시 북구 용봉동,경상사고,0,0,4,0,차대차 - 기타,교차로운행방법위반,건조,맑음,교차로 - 교차로안,승용,여,51세,경상,화물,남,55세,경상
2023120500100150,2023년 12월 5일 10시,화요일,광주광역시 북구 우산동,중상사고,0,1,0,0,차대차 - 기타,안전운전불이행,건조,맑음,단일로 - 기타,자전거,남,78세,중상,승용,남,69세,상해없음
2023120500100219,2023년 12월 5일 12시,화요일,광주광역시 광산구 신가동,경상사고,0,0,1,0,차대차 - 추돌,안전운전불이행,건조,맑음,단일로 - 기타,원동기,남,34세,기타불명,승용,여,52세,경상
2023120500100248,2023년 12월 5일 13시,화요일,광주광역시 남구 양과동,경상사고,0,0,1,0,차대차 - 추돌,안전거리미확보,건조,맑음,단일로 - 기타,이륜,남,45세,기타불명,승용,여,57세,경상
2023120500100283,2023년 12월 5일 14시,화요일,광주광역시 북구 각화동,경상사고,0,0,1,0,차대차 - 기타,안전거리미확보,건조,맑음,단일로 - 기타,화물,남,60세,상해없음,승용,남,52세,경상
2023120500100284,2023년 12월 5일 14시,화요일,광주광역시 북구 용두동,경상사고,0,0,1,0,차대차 - 기타,안전운전불이행,건조,맑음,단일로 - 기타,승용,여,42세,상해없음,화물,남,35세,경상
2023120500100285,2023년 12월 5일 14시,화요일,광주광역시 북구 두암동,경상사고,0,0,2,0,차대차 - 추돌,안전운전불이행,건조,맑음,교차로 - 교차로부근,건설기계,남,19세,상해없음,화물,남,61세,경상
2023120500100286,2023년 12월 5일 14시,화요일,광주광역시 북구 운암동,경상사고,0,0,1,0,차대차 - 측면충돌,안전운전불이행,건조,맑음,교차로 - 교차로부근,승용,남,64세,상해없음,이륜,남,22세,경상
2023120500100356,2023년 12월 5일 16시,화요일,광주광역시 광산구 산정동,경상사고,0,0,1,0,차대차 - 추돌,안전운전불이행,건조,맑음,교차로 - 교차로안,승용,여,26세,상해없음,승용,남,31세,경상
2023120500100392,2023년 12월 5일 17시,화요일,광주광역시 광산구 하남동,경상사고,0,0,1,0,차대차 - 측면충돌,안전운전불이행,건조,맑음,교차로 - 교차로부근,승용,남,57세,경상,승용,남,28세,상해없음
2023120500100452,2023년 12월 5일 18시,화요일,광주광역시 서구 금호동,중상사고,0,1,0,0,차대사람 - 기타,안전운전불이행,건조,맑음,교차로 - 교차로안,승용,여,58세,상해없음,보행자,여,57세,중상
2023120500100453,2023년 12월 5일 18시,화요일,광주광역시 서구 쌍촌동,경상사고,0,0,1,0,차대차 - 측면충돌,교차로운행방법위반,건조,맑음,교차로 - 교차로부근,기타불명,기타불명,미분류,기타불명,승용,여,47세,경상
2023120500100524,2023년 12월 5일 20시,화요일,광주광역시 남구 월산동,경상사고,0,0,2,0,차대차 - 기타,안전운전불이행,건조,맑음,기타 - 기타,승용,남,62세,상해없음,승용,여,36세,경상
2023120500100573,2023년 12월 5일 22시,화요일,광주광역시 북구 운암동,경상사고,0,0,2,0,차대차 - 측면충돌,안전거리미확보,건조,맑음,단일로 - 교량,승용,남,26세,상해없음,승합,남,30세,경상
2023120600100022,2023년 12월 6일 02시,수요일,광주광역시 광산구 우산동,경상사고,0,0,1,0,차대차 - 정면충돌,안전운전불이행,건조,맑음,단일로 - 기타,승용,남,41세,상해없음,승용,여,42세,경상
2023120600100146,2023년 12월 6일 09시,수요일,광주광역시 남구 월산동,경상사고,0,0,1,0,차대사람 - 횡단중,안전운전불이행,건조,맑음,교차로 - 교차로횡단보도내,승용,여,53세,상해없음,보행자,여,22세,경상
2023120600100225,2023년 12월 6일 12시,수요일,광주광역시 광산구 신가동,경상사고,0,0,1,0,차대사람 - 보도통행중,안전운전불이행,건조,맑음,기타 - 기타,개인형이동수단(PM),남,19세,상해없음,보행자,여,30세,경상
2023120600100247,2023년 12월 6일 13시,수요일,광주광역시 북구 중흥동,경상사고,0,0,1,0,차대차 - 측면충돌,안전운전불이행,건조,맑음,단일로 - 기타,승용,여,31세,상해없음,이륜,남,24세,경상
2023120600100248,2023년 12월 6일 13시,수요일,광주광역시 광산구 월곡동,경상사고,0,0,1,0,차대차 - 측면충돌,안전운전불이행,건조,맑음,교차로 - 교차로안,승용,여,31세,상해없음,승용,여,47세,경상
2023120600100295,2023년 12월 6일 15시,수요일,광주광역시 서구 양동,경상사고,0,0,2,0,차대차 - 기타,안전운전불이행,건조,맑음,단일로 - 기타,승용,여,66세,경상,승용,여,27세,경상