사고번호,사고일시,요일,시군구,사고내용,사망자수,중상자수,경상자수,부상신고자수,사고유형,법규위반,노면상태,기상상태,도로형태,가해운전자 차종,가해운전자 성별,가해운전자 연령,가해운전자 상해정도,피해운전자 차종,피해운전자 성별,피해운전자 연령,피해운전자 상해정도
2023120600100324,2023년 12월 6일 16시,수요일,광주광역시 광산구 월계동,중상사고,0,1,0,0,차대사람 - 횡단중,신호위반,건조,흐림,교차로 - 교차로횡단보도내,승용,남,45세,상해없음,보행자,남,10세,중상
2023120600100395,2023년 12월 6일 17시,수요일,광주광역시 북구 문흥동,경상사고,0,0,1,0,차대사람 - 차도통행중,안전운전불이행,젖음/습기,비,교차로 - 교차로안,승용,남,53세,상해없음,보행자,여,82세,경상
2023120600100480,2023년 12월 6일 18시,수요일,광주광역시 서구 풍암동,경상사고,0,0,2,0,차대차 - 기타,안전운전불이행,젖음/습기,비,교차로 - 교차로안,승용,남,71세,상해없음,이륜,남,39세,경상
2023120600100481,2023년 12월 6일 18시,수요일,광주광역시 북구 우산동,경상사고,0,0,1,0,차대사람 - 횡단중,안전운전불이행,건조,맑음,교차로 - 교차로안,화물,남,43세,상해없음,보행자,남,69세,경상
2023120600100482,2023년 12월 6일 18시,수요일,광주광역시 북구 중흥동,경상사고,0,0,1,0,차대차 - 추돌,안전운전불이행,젖음/습기,비,단일로 - 기타,승용,남,27세,상해없음,승용,남,35세,경상
2023120600100483,2023년 12월 6일 18시,수요일,광주광역시 북구 양산동,경상사고,0,0,1,0,차대사람 - 기타,기타,젖음/습기,흐림,단일로 - 기타,승합,남,74세,상해없음,보행자,여,11세,경상
2023120600100484,2023년 12월 6일 18시,수요일,광주광역시 북구 신안동,경상사고,0,0,2,0,차대차 - 추돌,안전거리미확보,젖음/습기,비,단일로 - 기타,승용,남,63세,상해없음,승용,남,66세,경상
2023120600100485,2023년 12월 6일 18시,수요일,광주광역시 광산구 월계동,부상신고사고,0,0,0,1,차대사람 - 기타,안전운전불이행,건조,맑음,단일로 - 기타,승용,여,46세,상해없음,보행자,남,58세,부상신고
2023120600100526,2023년 12월 6일 19시,수요일,광주광역시 북구 문흥동,중상사고,0,1,0,0,차대차 - 기타,안전운전불이행,젖음/습기,비,단일로 - 기타,승용,남,30세,상해없음,이륜,남,31세,중상
2023120600100548,2023년 12월 6일 20시,수요일,광주광역시 동구 계림동,경상사고,0,0,1,0,차대차 - 측면충돌,신호위반,건조,맑음,교차로 - 교차로안,이륜,남,28세,상해없음,이륜,남,27세,경상
2023120600100571,2023년 12월 6일 21시,수요일,광주광역시 북구 문흥동,경상사고,0,0,1,0,차대차 - 측면충돌,안전운전불이행,건조,맑음,기타 - 기타,승용,여,30세,기타불명,승용,남,50세,경상
2023120700100045,2023년 12월 7일 06시,목요일,광주광역시 북구 중흥동,경상사고,0,0,1,0,차량단독 - 공작물충돌,안전운전불이행,기타,맑음,단일로 - 기타,승용,남,71세,경상,,,,
2023120700100067,2023년 12월 7일 07시,목요일,광주광역시 광산구 비아동,중상사고,0,1,0,0,차대차 - 기타,안전운전불이행,건조,맑음,단일로 - 기타,승용,남,30세,기타불명,이륜,남,24세,중상
2023120700100115,2023년 12월 7일 08시,목요일,광주광역시 서구 유촌동,중상사고,0,1,5,1,차량단독 - 기타,안전거리미확보,건조,맑음,단일로 - 기타,승합,남,56세,상해없음,,,,
2023120700100172,2023년 12월 7일 10시,목요일,광주광역시 남구 진월동,경상사고,0,0,1,0,차대차 - 기타,신호위반,건조,맑음,교차로 - 교차로안,이륜,남,34세,상해없음,승용,여,26세,경상
2023120700100200,2023년 12월 7일 11시,목요일,광주광역시 광산구 산정동,중상사고,0,1,0,0,차대차 - 추돌,안전운전불이행,건조,맑음,교차로 - 교차로부근,이륜,남,35세,중상,승용,남,29세,상해없음
2023120700100297,2023년 12월 7일 14시,목요일,광주광역시 서구 쌍촌동,경상사고,0,0,2,0,차대차 - 측면충돌,안전운전불이행,건조,맑음,교차로 - 교차로안,승용,남,26세,경상,이륜,남,23세,경상
2023120700100298,2023년 12월 7일 14시,목요일,광주광역시 남구 봉선동,경상사고,0,0,3,0,차대차 - 추돌,안전운전불이행,건조,맑음,단일로 - 기타,승용,여,62세,상해없음,승용,남,36세,경상
2023120700100299,2023년 12월 7일 14시,목요일,광주광역시 북구 용봉동,중상사고,0,1,0,0,차대사람 - 횡단중,보행자보호의무위반,건조,맑음,교차로 - 교차로횡단보도내,승합,남,49세,상해없음,보행자,여,82세,중상
2023120700100300,2023년 12월 7일 14시,목요일,광주광역시 광산구 수완동,경상사고,0,0,2,0,차대차 - 추돌,안전운전불이행,건조,맑음,단일로 - 기타,승용,여,50세,상해없음,승용,남,28세,경상
2023120700100301,2023년 12월 7일 14시,목요일,광주광역시 광산구 송정동,경상사고,0,0,1,0,차대사람 - 횡단중,안전운전불이행,건조,맑음,교차로 - 교차로부근,승용,여,58세,상해없음,보행자,여,22세,경상
2023120700100331,2023년 12월 7일 15시,목요일,광주광역시 서구 매월동,경상사고,0,0,2,0,차대차 - 추돌,안전운전불이행,건조,맑음,단일로 - 기타,승용,남,49세,상해없음,승용,여,49세,경상
2023120700100332,2023년 12월 7일 15시,목요일,광주광역시 광산구 장록동,경상사고,0,0,1,0,차대차 - 기타,안전운전불이행,건조,맑음,단일로 - 기타,승용,여,64세,상해없음,이륜,남,47세,경상
2023120700100402,2023년 12월 7일 17시,목요일,광주광역시 광산구 비아동,부상신고사고,0,0,0,1,차대차 - 추돌,안전거리미확보,건조,맑음,단일로 - 기타,승용,남,53세,상해없음,승용,남,47세,부상신고
2023120700100414,2023년 12월 7일 17시,목요일,광주광역시 서구 마륵동,경상사고,0,0,2,1,차대차 - 측면충돌,안전운전불이행,건조,맑음,교차로 - 교차로안,승합,남,56세,경상,승용,여,50세,경상
2023120700100415,2023년 12월 7일 17시,목요일,광주광역시 북구 운암동,중상사고,0,1,1,0,차대차 - 추돌,안전운전불이행,건조,맑음,교차로 - 교차로부근,이륜,남,46세,중상,이륜,남,38세,경상
2023120700100470,2023년 12월 7일 18시,목요일,광주광역시 서구 풍암동,경상사고,0,0,1,0,차대차 - 측면충돌,안전운전불이행,건조,맑음,단일로 - 기타,특수,남,67세,상해없음,승용,남,64세,경상
2023120700100471,2023년 12월 7일 18시,목요일,광주광역시 서구 유촌동,경상사고,0,0,1,0,차대차 - 추돌,안전운전불이행,건조,맑음,단일로 - 기타,화물,남,70세,기타불명,승용,남,65세,경상
2023120700100473,2023년 12월 7일 18시,목요일,광주광역시 북구 삼각동,경상사고,0,0,3,0,차대차 - 측면충돌,중앙선침범,건조,맑음,교차로 - 교차로부근,승용,여,52세,경상,승합,남,22세,경상
2023120700100474,2023년 12월 7일 18시,목요일,광주광역시 북구 매곡동,중상사고,0,1,1,0,차대차 - 측면충돌,신호위반,건조,맑음,교차로 - 교차로안,이륜,남,24세,중상,승용,여,28세,경상
2023120700100475,2023년 12월 7일 18시,목요일,광주광역시 북구 운암동,중상사고,0,1,0,0,차대사람 - 기타,보행자보호의무위반,건조,맑음,기타 - 기타,승용,남,43세,상해없음,보행자,여,82세,중상
2023120700100476,2023년 12월 7일 18시,목요일,광주광역시 북구 운암동,중상사고,0,1,0,0,차대사람 - 횡단중,안전운전불이행,건조,맑음,교차로 - 교차로안,승용,여,23세,상해없음,보행자,여,81세,중상
2023120700100516,2023년 12월 7일 19시,목요일,광주광역시 서구 치평동,중상사고,0,1,0,0,차대차 - 기타,신호위반,건조,맑음,교차로 - 교차로안,승용,남,31세,상해없음,이륜,남,20세,중상
2023120700100517,2023년 12월 7일 19시,목요일,광주광역시 서구 화정동,경상사고,0,0,1,0,차대차 - 기타,안전운전불이행,건조,맑음,단일로 - 기타,승용,남,63세,상해없음,이륜,남,20세,경상
2023120700100542,2023년 12월 7일 20시,목요일,광주광역시 동구 계림동,경상사고,0,0,1,0,차대차 - 측면충돌,안전운전불이행,건조,맑음,단일로 - 기타,승용,여,37세,상해없음,원동기,남,75세,경상
2023120700100562,2023년 12월 7일 21시,목요일,광주광역시 광산구 신가동,중상사고,0,1,0,0,차대사람 - 기타,안전운전불이행,건조,맑음,기타 - 기타,승용,남,66세,상해없음,보행자,남,74세,중상
2023120700100595,2023년 12월 7일 23시,목요일,광주광역시 동구 계림동,경상사고,0,0,1,0,차대차 - 추돌,안전운전불이행,건조,맑음,주차장 - 주차장,승용,여,42세,상해없음,이륜,남,24세,경상
2023120700100596,2023년 12월 7일 23시,목요일,광주광역시 동구 서석동,경상사고,0,0,1,0,차량단독 - 기타,안전운전불이행,건조,맑음,교차로 - 교차로안,이륜,남,25세,경상,,,,
2023120800100049,2023년 12월 8일 06시,금요일,광주광역시 남구 봉선동,중상사고,0,1,0,0,차대사람 - 횡단중,보행자보호의무위반,건조,맑음,단일로 - 기타,승용,남,35세,상해없음,보행자,여,82세,중상
2023120800100050,2023년 12월 8일 06시,금요일,광주광역시 남구 주월동,경상사고,0,0,1,0,차대차 - 기타,안전운전불이행,건조,맑음,단일로 - 기타,승용,여,41세,기타불명,건설기계,남,50세,경상
2023120800100108,2023년 12월 8일 08시,금요일,광주광역시 서구 양동,경상사고,0,0,3,0,차대차 - 측면충돌,안전거리미확보,건조,맑음,단일로 - 기타,승용,여,22세,경상,승용,여,52세,경상
2023120800100109,2023년 12월 8일 08시,금요일,광주광역시 북구 일곡동,경상사고,0,0,1,0,차대사람 - 기타,안전운전불이행,건조,맑음,기타 - 기타,승용,남,60세,상해없음,보행자,남,56세,경상
2023120800100138,2023년 12월 8일 09시,금요일,광주광역시 광산구 우산동,경상사고,0,0,1,0,차대차 - 기타,안전운전불이행,건조,맑음,단일로 - 기타,승용,남,39세,상해없음,자전거,남,74세,경상
2023120800100139,2023년 12월 8일 09시,금요일,광주광역시 광산구 도천동,경상사고,0,0,1,0,차대차 - 측면충돌,안전거리미확보,건조,맑음,단일로 - 기타,화물,남,46세,상해없음,화물,남,54세,경상
2023120800100195,2023년 12월 8일 11시,금요일,광주광역시 남구 봉선동,경상사고,0,0,1,0,차대차 - 추돌,중앙선침범,건조,맑음,교차로 - 교차로부근,승용,남,56세,상해없음,승용,여,46세,경상
2023120800100196,2023년 12월 8일 11시,금요일,광주광역시 광산구 월곡동,경상사고,0,0,1,0,차대차 - 추돌,안전운전불이행,건조,맑음,교차로 - 교차로부근,승용,여,58세,기타불명,승용,여,47세,경상
2023120800100257,2023년 12월 8일 13시,금요일,광주광역시 광산구 도천동,경상사고,0,0,1,0,차대차 - 측면충돌,안전거리미확보,건조,맑음,단일로 - 기타,건설기계,남,51세,상해없음,승용,남,34세,경상
2023120800100265,2023년 12월 8일 13시,금요일,광주광역시 서구 치평동,경상사고,0,0,1,0,차량단독 - 기타,안전운전불이행,건조,맑음,교차로 - 교차로안,승용,남,63세,상해없음,,,,
2023120800100309,2023년 12월 8일 14시,금요일,광주광역시 북구 용봉동,경상사고,0,0,1,0,차대차 - 기타,안전운전불이행,건조,맑음,교차로 - 교차로안,화물,남,49세,기타불명,승용,여,47세,경상
2023120800100310,2023년 12월 8일 14시,금요일,광주광역시 북구 두암동,경상사고,0,0,2,0,차대차 - 기타,안전운전불이행,건조,맑음,교차로 - 교차로부근,승용,남,25세,상해없음,승합,남,40세,경상
2023120800100311,2023년 12월 8일 14시,금요일,광주광역시 광산구 신촌동,경상사고,0,0,1,0,차대차 - 추돌,안전운전불이행,건조,맑음,단일로 - 기타,승용,남,25세,상해없음,승용,남,56세,경상
2023120800100353,2023년 12월 8일 15시,금요일,광주광역시 북구 문흥동,경상사고,0,0,2,0,차대차 - 측면충돌,안전거리미확보,건조,맑음,단일로 - 기타,승용,여,54세,상해없음,승용,남,70세,경상
2023120800100361,2023년 12월 8일 15시,금요일,광주광역시 북구 두암동,경상사고,0,0,3,0,차대사람 - 기타,기타,건조,맑음,단일로 - 기타,승용,여,63세,상해없음,보행자,여,58세,경상
2023120800100362,2023년 12월 8일 15시,금요일,광주광역시 광산구 장덕동,경상사고,0,0,2,0,차대차 - 추돌,안전운전불이행,건조,맑음,단일로 - 기타,원동기,남,16세,상해없음,승용,남,60세,경상
2023120800100435,2023년 12월 8일 17시,금요일,광주광역시 서구 풍암동,경상사고,0,0,4,0,차대차 - 측면충돌,안전운전불이행,건조,맑음,단일로 - 기타,승용,남,49세,경상,승용,남,26세,경상
2023120800100484,2023년 12월 8일 18시,금요일,광주광역시 북구 각화동,경상사고,0,0,2,0,차대차 - 기타,안전운전불이행,건조,맑음,단일로 - 기타,승용,남,58세,경상,승용,남,25세,경상
2023120800100556,2023년 12월 8일 19시,금요일,광주광역시 동구 서석동,경상사고,0,0,2,0,차대차 - 기타,신호위반,건조,맑음,교차로 - 교차로안,승용,남,23세,상해없음,승용,여,30세,경상
2023120900100093,2023년 12월 9일 07시,토요일,광주광역시 북구 삼각동,부상신고사고,0,0,0,1,차량단독 - 기타,안전운전불이행,건조,맑음,단일로 - 기타,승합,남,53세,상해없음,,,,
2023120900100128,2023년 12월 9일 09시,토요일,광주광역시 남구 봉선동,경상사고,0,0,2,0,차대차 - 측면충돌,안전거리미확보,건조,맑음,교차로 - 교차로부근,승용,남,69세,상해없음,화물,남,24세,경상
2023120900100129,2023년 12월 9일 09시,토요일,광주광역시 광산구 산월동,경상사고,0,0,1,0,차대차 - 기타,안전운전불이행,건조,맑음,주차장 - 주차장,승용,여,33세,상해없음,승용,남,59세,상해없음
2023120900100225,2023년 12월 9일 12시,토요일,광주광역시 북구 연제동,중상사고,0,1,0,0,차대사람 - 기타,안전운전불이행,건조,맑음,단일로 - 기타,화물,남,35세,기타불명,보행자,여,95세,중상
2023120900100226,2023년 12월 9일 12시,토요일,광주광역시 광산구 월전동,경상사고,0,0,2,0,차대차 - 측면충돌,신호위반,건조,맑음,교차로 - 교차로안,승용,남,24세,상해없음,화물,남,61세,경상
2023120900100227,2023년 12월 9일 12시,토요일,광주광역시 광산구 월계동,경상사고,0,0,1,0,차대차 - 추돌,안전운전불이행,건조,맑음,교차로 - 교차로부근,승용,남,34세,기타불명,승용,남,46세,경상
2023120900100263,2023년 12월 9일 13시,토요일,광주광역시 북구 중흥동,경상사고,0,0,1,0,차대사람 - 횡단중,보행자보호의무위반,건조,맑음,단일로 - 기타,화물,남,61세,상해없음,보행자,여,26세,경상
2023120900100264,2023년 12월 9일 13시,토요일,광주광역시 북구 동림동,경상사고,0,0,3,0,차대차 - 추돌,안전운전불이행,기타,기타,교차로 - 교차로부근,승용,남,28세,상해없음,승용,남,73세,경상
2023120900100301,2023년 12월 9일 14시,토요일,광주광역시 북구 중흥동,경상사고,0,0,3,0,차대차 - 측면충돌,교차로운행방법위반,건조,맑음,교차로 - 교차로안,이륜,남,22세,경상,승용,남,56세,경상
2023120900100334,2023년 12월 9일 15시,토요일,광주광역시 서구 치평동,경상사고,0,0,1,0,차대차 - 측면충돌,신호위반,건조,맑음,교차로 - 교차로안,승용,여,32세,상해없음,승용,여,41세,경상
2023120900100335,2023년 12월 9일 15시,토요일,광주광역시 서구 치평동,경상사고,0,0,2,0,차대차 - 기타,교차로운행방법위반,건조,맑음,교차로 - 교차로안,승용,여,44세,기타불명,승용,여,31세,경상
2023120900100359,2023년 12월 9일 16시,토요일,광주광역시 북구 운암동,경상사고,0,0,4,0,차대차 - 기타,안전운전불이행,건조,맑음,단일로 - 기타,승용,남,35세,상해없음,승용,남,42세,경상
2023120900100399,2023년 12월 9일 17시,토요일,광주광역시 북구 임동,경상사고,0,0,3,0,차대차 - 기타,안전운전불이행,건조,맑음,교차로 - 교차로부근,승용,여,52세,경상,승용,남,43세,경상
2023120900100401,2023년 12월 9일 17시,토요일,광주광역시 광산구 하남동,경상사고,0,0,1,0,차대차 - 측면충돌,안전거리미확보,건조,맑음,단일로 - 기타,승용,남,31세,기타불명,승용,남,46세,경상
2023120900100502,2023년 12월 9일 20시,토요일,광주광역시 북구 운암동,경상사고,0,0,1,0,차대사람 - 횡단중,안전운전불이행,건조,맑음,교차로 - 교차로횡단보도내,승용,남,54세,상해없음,보행자,여,64세,경상
2023120900100552,2023년 12월 9일 22시,토요일,광주광역시 광산구 쌍암동,경상사고,0,0,1,0,차대사람 - 기타,안전운전불이행,건조,맑음,단일로 - 기타,승용,남,25세,상해없음,보행자,남,40세,경상
2023120900100570,2023년 12월 9일 23시,토요일,광주광역시 서구 금호동,경상사고,0,0,1,0,차대차 - 추돌,안전거리미확보,건조,맑음,교차로 - 교차로부근,승용,남,58세,상해없음,승용,남,24세,경상
2023120900100571,2023년 12월 9일 23시,토요일,광주광역시 북구 용봉동,경상사고,0,0,1,0,차대차 - 정면충돌,중앙선침범,건조,맑음,단일로 - 기타,승용,남,23세,상해없음,화물,여,58세,경상
2023121000100093,2023년 12월 10일 09시,일요일,광주광역시 광산구 도천동,중상사고,0,1,0,0,차대차 - 정면충돌,안전운전불이행,건조,맑음,단일로 - 기타,승용,남,23세,상해없음,승용,남,68세,중상
2023121000100129,2023년 12월 10일 11시,일요일,광주광역시 북구 운암동,경상사고,0,0,1,0,차대사람 - 기타,안전운전불이행,건조,맑음,단일로 - 기타,승용,남,58세,상해없음,보행자,남,28세,경상
2023121000100199,2023년 12월 10일 14시,일요일,광주광역시 서구 쌍촌동,중상사고,0,1,0,0,차대사람 - 기타,안전운전불이행,건조,맑음,교차로 - 교차로횡단보도내,승용,여,55세,상해없음,보행자,여,70세,중상
2023121000100304,2023년 12월 10일 17시,일요일,광주광역시 동구 궁동,경상사고,0,0,1,0,차대차 - 기타,신호위반,건조,맑음,교차로 - 교차로안,승용,여,21세,상해없음,이륜,남,31세,경상
2023121000100350,2023년 12월 10일 18시,일요일,광주광역시 서구 풍암동,중상사고,0,1,1,0,차대차 - 기타,안전운전불이행,건조,맑음,교차로 - 교차로부근,승용,여,54세,중상,승용,남,65세,경상
2023121000100351,2023년 12월 10일 18시,일요일,광주광역시 남구 노대동,중상사고,0,1,0,0,차대사람 - 기타,안전운전불이행,건조,맑음,단일로 - 기타,승용,남,73세,상해없음,보행자,남,58세,중상
2023121000100352,2023년 12월 10일 18시,일요일,광주광역시 남구 봉선동,경상사고,0,0,2,0,차대차 - 기타,교차로운행방법위반,건조,맑음,교차로 - 교차로안,승용,남,75세,상해없음,승용,남,34세,경상
2023121000100353,2023년 12월 10일 18시,일요일,광주광역시 남구 월산동,경상사고,0,0,1,0,차대사람 - 기타,안전운전불이행,건조,맑음,교차로 - 교차로안,원동기,남,20세,상해없음,보행자,남,32세,경상
2023121000100378,2023년 12월 10일 19시,일요일,광주광역시 서구 치평동,경상사고,0,0,3,0,차대사람 - 기타,안전운전불이행,건조,맑음,기타 - 기타,승용,남,41세,상해없음,보행자,여,63세,경상
2023121000100379,2023년 12월 10일 19시,일요일,광주광역시 북구 오치동,경상사고,0,0,1,0,차대차 - 정면충돌,중앙선침범,건조,맑음,단일로 - 기타,승용,남,69세,상해없음,이륜,남,41세,경상
2023121000100380,2023년 12월 10일 19시,일요일,광주광역시 광산구 소촌동,경상사고,0,0,1,0,차대차 - 추돌,신호위반,건조,맑음,단일로 - 기타,승용,여,28세,상해없음,승합,남,26세,상해없음
2023121100100058,2023년 12월 11일 06시,월요일,광주광역시 광산구 도산동,경상사고,0,0,1,0,차대차 - 측면충돌,신호위반,건조,맑음,교차로 - 교차로안,승용,남,66세,상해없음,승용,남,38세,경상
2023121100100095,2023년 12월 11일 07시,월요일,광주광역시 북구 각화동,경상사고,0,0,3,0,차대차 - 측면충돌,신호위반,건조,맑음,교차로 - 교차로안,승용,남,73세,경상,승용,남,62세,경상
2023121100100134,2023년 12월 11일 08시,월요일,광주광역시 동구 학동,중상사고,0,1,1,0,차대차 - 추돌,안전운전불이행,건조,맑음,단일로 - 터널,화물,남,31세,상해없음,승합,남,50세,중상
2023121100100135,2023년 12월 11일 08시,월요일,광주광역시 북구 오룡동,중상사고,0,1,0,1,차대차 - 기타,안전운전불이행,젖음/습기,흐림,교차로 - 교차로안,화물,남,73세,상해없음,승용,남,26세,중상
2023121100100136,2023년 12월 11일 08시,월요일,광주광역시 광산구 우산동,경상사고,0,0,1,0,차대사람 - 횡단중,보행자보호의무위반,젖음/습기,비,단일로 - 기타,승용,남,46세,상해없음,보행자,여,10세,경상
2023121100100137,2023년 12월 11일 08시,월요일,광주광역시 광산구 우산동,경상사고,0,0,1,0,차대사람 - 횡단중,보행자보호의무위반,젖음/습기,흐림,교차로 - 교차로횡단보도내,승용,여,63세,상해없음,보행자,여,44세,경상
2023121100100162,2023년 12월 11일 09시,월요일,광주광역시 북구 유동,경상사고,0,0,1,0,차대사람 - 차도통행중,안전운전불이행,젖음/습기,비,교차로 - 교차로안,화물,남,46세,상해없음,보행자,남,65세,경상
2023121100100191,2023년 12월 11일 10시,월요일,광주광역시 서구 풍암동,경상사고,0,0,1,0,차대차 - 기타,안전운전불이행,건조,맑음,교차로 - 교차로안,화물,남,76세,상해없음,승용,남,62세,경상
2023121100100192,2023년 12월 11일 10시,월요일,광주광역시 광산구 월계동,경상사고,0,0,1,0,차대차 - 기타,안전운전불이행,건조,맑음,교차로 - 교차로부근,승용,남,65세,상해없음,이륜,남,41세,경상
2023121100100193,2023년 12월 11일 10시,월요일,광주광역시 광산구 우산동,경상사고,0,0,1,0,차대차 - 추돌,안전운전불이행,건조,맑음,교차로 - 교차로부근,승용,여,38세,상해없음,승용,여,53세,경상
2023121100100218,2023년 12월 11일 11시,월요일,광주광역시 북구 오치동,경상사고,0,0,1,0,차대사람 - 기타,안전운전불이행,젖음/습기,비,교차로 - 교차로안,화물,남,54세,상해없음,보행자,여,88세,경상
2023121100100277,2023년 12월 11일 13시,월요일,광주광역시 동구 수기동,부상신고사고,0,0,0,1,차대차 - 측면충돌,안전거리미확보,건조,맑음,교차로 - 교차로부근,승용,여,57세,상해없음,화물,남,41세,부상신고
2023121100100278,2023년 12월 11일 13시,월요일,광주광역시 북구 삼각동,경상사고,0,0,3,0,차대차 - 측면충돌,안전운전불이행,젖음/습기,비,교차로 - 교차로안,승용,남,81세,상해없음,승용,남,29세,경상
2023121100100279,2023년 12월 11일 13시,월요일,광주광역시 광산구 신가동,경상사고,0,0,1,0,차대차 - 기타,불법유턴,젖음/습기,비,교차로 - 교차로부근,승용,남,57세,상해없음,승용,남,38세,경상
2023121100100307,2023년 12월 11일 14시,월요일,광주광역시 북구 두암동,경상사고,0,0,1,0,차대차 - 후진중충돌,안전운전불이행,젖음/습기,비,교차로 - 교차로안,승용,남,84세,상해없음,승용,남,27세,경상
2023121100100343,2023년 12월 11일 15시,월요일,광주광역시 남구 백운동,경상사고,0,0,1,0,차대차 - 측면충돌,안전운전불이행,젖음/습기,비,교차로 - 교차로부근,화물,남,35세,상해없음,자전거,남,68세,경상
2023121100100371,2023년 12월 11일 16시,월요일,광주광역시 남구 방림동,경상사고,0,0,1,0,차대차 - 측면충돌,신호위반,건조,맑음,교차로 - 교차로안,승용,남,71세,상해없음,승용,남,46세,경상
2023121100100372,2023년 12월 11일 16시,월요일,광주광역시 북구 중흥동,경상사고,0,0,2,0,차대차 - 추돌,안전운전불이행,건조,맑음,교차로 - 교차로부근,승용,남,24세,상해없음,승용,여,46세,경상
2023121100100436,2023년 12월 11일 17시,월요일,광주광역시 광산구 송정동,경상사고,0,0,1,0,차대차 - 기타,안전운전불이행,건조,맑음,단일로 - 기타,화물,남,77세,상해없음,승용,여,29세,경상
2023121100100552,2023년 12월 11일 18시,월요일,광주광역시 서구 농성동,경상사고,0,0,3,0,차대차 - 추돌,안전운전불이행,젖음/습기,비,교차로 - 교차로부근,화물,남,62세,상해없음,승용,남,50세,상해없음
2023121100100554,2023년 12월 11일 18시,월요일,광주광역시 광산구 신창동,경상사고,0,0,1,0,차대차 - 기타,안전운전불이행,젖음/습기,비,교차로 - 교차로부근,승용,여,51세,상해없음,승용,남,37세,경상
2023121100100555,2023년 12월 11일 18시,월요일,광주광역시 광산구 신창동,경상사고,0,0,1,0,차대차 - 기타,안전운전불이행,젖음/습기,비,교차로 - 교차로부근,화물,남,25세,상해없음,승용,남,29세,경상
2023121100100617,2023년 12월 11일 19시,월요일,광주광역시 북구 두암동,경상사고,0,0,2,0,차대차 - 측면충돌,중앙선침범,젖음/습기,비,교차로 - 교차로횡단보도내,기타불명,기타불명,미분류,기타불명,자전거,남,11세,경상
2023121100100618,2023년 12월 11일 19시,월요일,광주광역시 광산구 산정동,경상사고,0,0,1,0,차대사람 - 횡단중,보행자보호의무위반,젖음/습기,비,교차로 - 교차로부근,승용,여,40세,상해없음,보행자,여,10세,경상
2023121100100619,2023년 12월 11일 19시,월요일,광주광역시 광산구 월계동,경상사고,0,0,1,0,차대차 - 측면충돌,안전거리미확보,젖음/습기,비,단일로 - 기타,승용,여,55세,상해없음,화물,남,31세,경상
2023121100100655,2023년 12월 11일 20시,월요일,광주광역시 광산구 소촌동,경상사고,0,0,1,0,차대차 - 기타,안전운전불이행,건조,맑음,단일로 - 기타,화물,남,52세,경상,승용,남,48세,상해없음
2023121100100691,2023년 12월 11일 21시,월요일,광주광역시 남구 구동,중상사고,0,1,3,0,차대차 - 측면충돌,안전운전불이행,젖음/습기,비,교차로 - 교차로안,이륜,여,20세,중상,승용,남,48세,경상
2023121100100692,2023년 12월 11일 21시,월요일,광주광역시 광산구 신가동,경상사고,0,0,3,0,차대차 - 기타,안전운전불이행,젖음/습기,비,단일로 - 기타,승용,남,50세,상해없음,승용,남,33세,경상
2023121100100707,2023년 12월 11일 22시,월요일,광주광역시 광산구 신가동,경상사고,0,0,2,0,차대차 - 추돌,안전운전불이행,젖음/습기,흐림,단일로 - 기타,승용,남,36세,상해없음,승용,남,37세,경상
2023121100100721,2023년 12월 11일 23시,월요일,광주광역시 서구 쌍촌동,경상사고,0,0,2,0,차대차 - 기타,교차로운행방법위반,젖음/습기,맑음,교차로 - 교차로안,승용,남,56세,상해없음,승용,남,23세,경상
2023121200100064,2023년 12월 12일 06시,화요일,광주광역시 광산구 고룡동,경상사고,0,0,1,0,차량단독 - 기타,안전운전불이행,젖음/습기,비,단일로 - 기타,승용,여,38세,경상,,,,
2023121200100171,2023년 12월 12일 09시,화요일,광주광역시 북구 우산동,경상사고,0,0,1,0,차대사람 - 기타,안전운전불이행,건조,맑음,기타 - 기타,승용,여,76세,상해없음,보행자,여,58세,경상
2023121200100172,2023년 12월 12일 09시,화요일,광주광역시 광산구 운남동,경상사고,0,0,1,0,차대차 - 측면충돌,신호위반,건조,맑음,단일로 - 기타,승용,남,43세,상해없음,승용,남,52세,경상
2023121200100194,2023년 12월 12일 10시,화요일,광주광역시 서구 풍암동,경상사고,0,0,1,0,차대차 - 측면충돌,안전거리미확보,건조,맑음,교차로 - 교차로안,승용,남,70세,상해없음,건설기계,남,49세,경상
2023121200100223,2023년 12월 12일 11시,화요일,광주광역시 남구 방림동,경상사고,0,0,2,0,차대차 - 추돌,안전운전불이행,건조,맑음,기타 - 기타,건설기계,남,58세,상해없음,승용,남,58세,경상
2023121200100224,2023년 12월 12일 11시,화요일,광주광역시 광산구 복룡동,경상사고,0,0,2,0,차대차 - 추돌,안전운전불이행,건조,맑음,단일로 - 기타,승용,여,38세,기타불명,승용,여,49세,경상
2023121200100273,2023년 12월 12일 13시,화요일,광주광역시 서구 화정동,경상사고,0,0,1,0,차대차 - 기타,안전운전불이행,건조,맑음,단일로 - 기타,승용,남,66세,상해없음,승용,여,78세,경상
2023121200100274,2023년 12월 12일 13시,화요일,광주광역시 북구 용봉동,경상사고,0,0,1,0,차대차 - 기타,불법유턴,건조,맑음,기타 - 기타,승용,남,30세,상해없음,자전거,남,57세,경상
2023121200100275,2023년 12월 12일 13시,화요일,광주광역시 북구 용봉동,경상사고,0,0,2,0,차대차 - 측면충돌,안전거리미확보,기타,기타,단일로 - 기타,승용,남,50세,상해없음,승용,여,48세,경상