사고번호,사고일시,요일,시군구,사고내용,사망자수,중상자수,경상자수,부상신고자수,사고유형,법규위반,노면상태,기상상태,도로형태,가해운전자 차종,가해운전자 성별,가해운전자 연령,가해운전자 상해정도,피해운전자 차종,피해운전자 성별,피해운전자 연령,피해운전자 상해정도
2023121700100270,2023년 12월 17일 16시,일요일,광주광역시 북구 문흥동,경상사고,0,0,1,0,차대사람 - 기타,안전운전불이행,젖음/습기,흐림,단일로 - 기타,승용,남,28세,상해없음,보행자,남,77세,경상
2023121700100271,2023년 12월 17일 16시,일요일,광주광역시 북구 오룡동,경상사고,0,0,1,0,차대차 - 측면충돌,안전거리미확보,건조,맑음,단일로 - 기타,승용,남,48세,기타불명,승용,여,23세,경상
2023121700100296,2023년 12월 17일 17시,일요일,광주광역시 서구 치평동,경상사고,0,0,3,0,차대차 - 추돌,안전운전불이행,젖음/습기,맑음,단일로 - 기타,승용,남,72세,상해없음,승용,남,45세,경상
2023121700100321,2023년 12월 17일 18시,일요일,광주광역시 광산구 송정동,경상사고,0,0,1,0,차대차 - 기타,안전운전불이행,건조,맑음,단일로 - 기타,승용,남,57세,상해없음,승용,남,35세,상해없음
2023121700100345,2023년 12월 17일 19시,일요일,광주광역시 광산구 신가동,경상사고,0,0,1,0,차대사람 - 보도통행중,신호위반,서리/결빙,눈,교차로 - 교차로부근,승용,여,53세,상해없음,보행자,여,63세,경상
2023121700100366,2023년 12월 17일 20시,일요일,광주광역시 광산구 송정동,경상사고,0,0,2,0,차대차 - 기타,안전거리미확보,건조,맑음,교차로 - 교차로부근,승용,남,72세,상해없음,승용,남,23세,경상
2023121700100386,2023년 12월 17일 21시,일요일,광주광역시 남구 월산동,경상사고,0,0,2,0,차대차 - 추돌,안전운전불이행,건조,맑음,기타 - 기타,승용,남,52세,상해없음,승용,여,65세,경상
2023121700100387,2023년 12월 17일 21시,일요일,광주광역시 남구 월산동,중상사고,0,1,0,0,차대차 - 측면충돌,안전거리미확보,건조,맑음,단일로 - 기타,승용,남,66세,상해없음,이륜,남,41세,중상
2023121700100388,2023년 12월 17일 21시,일요일,광주광역시 광산구 장덕동,경상사고,0,0,1,0,차대사람 - 차도통행중,안전운전불이행,건조,흐림,교차로 - 교차로부근,승용,여,28세,상해없음,보행자,남,35세,경상
2023121800100007,2023년 12월 18일 00시,월요일,광주광역시 광산구 우산동,경상사고,0,0,3,0,차대차 - 측면충돌,중앙선침범,기타,맑음,단일로 - 교량,승용,남,16세,상해없음,승용,남,66세,경상
2023121800100053,2023년 12월 18일 06시,월요일,광주광역시 서구 풍암동,경상사고,0,0,1,0,차대차 - 측면충돌,기타,건조,흐림,교차로 - 교차로안,승용,남,59세,상해없음,화물,남,42세,경상
2023121800100054,2023년 12월 18일 06시,월요일,광주광역시 광산구 우산동,경상사고,0,0,1,0,차대차 - 측면충돌,안전거리미확보,건조,맑음,단일로 - 기타,화물,남,75세,상해없음,승용,남,47세,경상
2023121800100155,2023년 12월 18일 09시,월요일,광주광역시 북구 우산동,경상사고,0,0,1,0,차대사람 - 횡단중,신호위반,건조,맑음,교차로 - 교차로안,승합,남,70세,상해없음,보행자,여,61세,경상
2023121800100239,2023년 12월 18일 12시,월요일,광주광역시 동구 금남로4가,경상사고,0,0,1,0,차대차 - 측면충돌,신호위반,건조,맑음,교차로 - 교차로안,승용,여,56세,상해없음,승용,여,31세,경상
2023121800100240,2023년 12월 18일 12시,월요일,광주광역시 광산구 우산동,경상사고,0,0,3,0,차대차 - 기타,안전거리미확보,건조,맑음,단일로 - 기타,화물,남,25세,상해없음,승용,여,54세,경상
2023121800100272,2023년 12월 18일 13시,월요일,광주광역시 서구 치평동,경상사고,0,0,2,0,차대차 - 추돌,안전운전불이행,건조,맑음,교차로 - 교차로부근,승용,남,36세,상해없음,승용,여,39세,경상
2023121800100307,2023년 12월 18일 14시,월요일,광주광역시 동구 산수동,경상사고,0,0,1,0,차대차 - 기타,직진우회전진행방해,젖음/습기,흐림,교차로 - 교차로안,승합,남,53세,상해없음,이륜,남,39세,경상
2023121800100338,2023년 12월 18일 15시,월요일,광주광역시 광산구 신가동,경상사고,0,0,1,0,차대차 - 기타,교차로운행방법위반,건조,맑음,교차로 - 교차로안,승합,남,75세,상해없음,이륜,남,47세,경상
2023121800100372,2023년 12월 18일 16시,월요일,광주광역시 북구 임동,경상사고,0,0,1,0,차대차 - 추돌,안전운전불이행,건조,맑음,교차로 - 교차로안,승합,남,70세,상해없음,승용,남,25세,경상
2023121800100373,2023년 12월 18일 16시,월요일,광주광역시 북구 동림동,부상신고사고,0,0,0,1,차대사람 - 기타,안전운전불이행,건조,맑음,기타 - 기타,화물,남,44세,상해없음,보행자,여,10세,부상신고
2023121800100420,2023년 12월 18일 17시,월요일,광주광역시 북구 두암동,경상사고,0,0,1,0,차대차 - 기타,중앙선침범,건조,맑음,단일로 - 기타,이륜,남,78세,상해없음,이륜,남,57세,경상
2023121800100421,2023년 12월 18일 17시,월요일,광주광역시 북구 중흥동,경상사고,0,0,1,0,차대사람 - 길가장자리구역통행중,안전운전불이행,건조,맑음,단일로 - 기타,승용,여,59세,상해없음,보행자,남,76세,경상
2023121800100473,2023년 12월 18일 18시,월요일,광주광역시 광산구 송치동,중상사고,0,1,0,0,차대사람 - 차도통행중,안전운전불이행,건조,맑음,단일로 - 기타,승용,남,61세,상해없음,보행자,여,81세,중상
2023121800100499,2023년 12월 18일 19시,월요일,광주광역시 서구 화정동,경상사고,0,0,3,0,차대차 - 기타,교차로운행방법위반,기타,흐림,교차로 - 교차로부근,승용,남,58세,경상,승합,남,24세,경상
2023121800100572,2023년 12월 18일 23시,월요일,광주광역시 동구 지산동,경상사고,0,0,1,0,차대차 - 기타,안전운전불이행,건조,맑음,기타 - 기타,승용,여,59세,상해없음,자전거,남,62세,경상
2023121900100031,2023년 12월 19일 05시,화요일,광주광역시 북구 유동,경상사고,0,0,1,1,차대차 - 측면충돌,신호위반,건조,맑음,교차로 - 교차로안,승용,남,41세,상해없음,승용,남,64세,경상
2023121900100074,2023년 12월 19일 07시,화요일,광주광역시 북구 운암동,경상사고,0,0,1,0,차대차 - 측면충돌,안전운전불이행,건조,맑음,교차로 - 교차로안,승합,남,84세,상해없음,승용,남,32세,경상
2023121900100075,2023년 12월 19일 07시,화요일,광주광역시 북구 운암동,경상사고,0,0,2,0,차대차 - 기타,안전운전불이행,건조,맑음,교차로 - 교차로부근,승용,여,19세,상해없음,화물,남,30세,경상
2023121900100128,2023년 12월 19일 09시,화요일,광주광역시 서구 벽진동,경상사고,0,0,2,0,차대차 - 측면충돌,안전운전불이행,건조,맑음,교차로 - 교차로안,화물,남,68세,상해없음,승용,남,35세,경상
2023121900100150,2023년 12월 19일 10시,화요일,광주광역시 북구 생용동,경상사고,0,0,2,0,차대차 - 기타,안전운전불이행,건조,맑음,단일로 - 기타,승용,남,42세,경상,승용,남,80세,경상
2023121900100171,2023년 12월 19일 11시,화요일,광주광역시 동구 동명동,경상사고,0,0,2,0,차대차 - 측면충돌,중앙선침범,건조,흐림,단일로 - 기타,이륜,남,24세,경상,승용,남,62세,상해없음
2023121900100172,2023년 12월 19일 11시,화요일,광주광역시 서구 매월동,경상사고,0,0,1,0,차대차 - 추돌,안전운전불이행,건조,맑음,단일로 - 기타,승용,여,64세,상해없음,승용,남,70세,경상
2023121900100173,2023년 12월 19일 11시,화요일,광주광역시 서구 금호동,경상사고,0,0,2,0,차대차 - 추돌,안전거리미확보,건조,맑음,교차로 - 교차로부근,승용,남,70세,상해없음,승용,남,53세,경상
2023121900100206,2023년 12월 19일 12시,화요일,광주광역시 서구 마륵동,경상사고,0,0,1,0,차대차 - 기타,안전운전불이행,건조,맑음,기타 - 기타,승용,여,34세,기타불명,승용,여,43세,경상
2023121900100229,2023년 12월 19일 13시,화요일,광주광역시 동구 황금동,경상사고,0,0,1,0,차대사람 - 기타,안전운전불이행,건조,맑음,단일로 - 기타,승용,여,66세,상해없음,보행자,여,24세,경상
2023121900100293,2023년 12월 19일 15시,화요일,광주광역시 남구 양림동,경상사고,0,0,1,0,차대사람 - 기타,안전운전불이행,건조,흐림,단일로 - 기타,승용,남,82세,기타불명,보행자,남,38세,경상
2023121900100294,2023년 12월 19일 15시,화요일,광주광역시 광산구 수완동,경상사고,0,0,2,0,차대차 - 측면충돌,안전거리미확보,건조,맑음,교차로 - 교차로부근,승용,여,40세,상해없음,승용,여,38세,경상
2023121900100375,2023년 12월 19일 17시,화요일,광주광역시 남구 방림동,경상사고,0,0,1,0,차대차 - 측면충돌,안전운전불이행,건조,맑음,교차로 - 교차로안,승용,여,37세,상해없음,자전거,남,9세,경상
2023121900100376,2023년 12월 19일 17시,화요일,광주광역시 북구 용봉동,경상사고,0,0,1,0,차대차 - 측면충돌,안전운전불이행,기타,기타,단일로 - 기타,승합,남,76세,상해없음,승용,여,63세,경상
2023121900100377,2023년 12월 19일 17시,화요일,광주광역시 광산구 선암동,경상사고,0,0,3,0,차대차 - 추돌,안전운전불이행,건조,맑음,단일로 - 기타,승용,남,64세,상해없음,승용,남,33세,경상
2023121900100434,2023년 12월 19일 18시,화요일,광주광역시 북구 두암동,경상사고,0,0,1,0,차대차 - 측면충돌,안전운전불이행,건조,맑음,교차로 - 교차로안,승용,남,62세,상해없음,승용,남,60세,경상
2023121900100435,2023년 12월 19일 18시,화요일,광주광역시 광산구 쌍암동,경상사고,0,0,2,0,차대차 - 추돌,안전운전불이행,젖음/습기,흐림,교차로 - 교차로부근,승용,여,25세,기타불명,승용,여,48세,경상
2023121900100487,2023년 12월 19일 20시,화요일,광주광역시 북구 우산동,경상사고,0,0,3,0,차대차 - 정면충돌,안전운전불이행,건조,맑음,교차로 - 교차로안,화물,남,56세,상해없음,승용,남,37세,경상
2023121900100488,2023년 12월 19일 20시,화요일,광주광역시 북구 유동,경상사고,0,0,4,1,차대차 - 측면충돌,안전거리미확보,건조,맑음,교차로 - 교차로안,승용,여,45세,경상,승용,남,24세,경상
2023121900100536,2023년 12월 19일 23시,화요일,광주광역시 남구 방림동,경상사고,0,0,1,0,차대차 - 측면충돌,안전거리미확보,건조,맑음,단일로 - 기타,승용,여,24세,상해없음,승용,여,24세,경상
2023122000100013,2023년 12월 20일 00시,수요일,광주광역시 광산구 우산동,경상사고,0,0,1,0,차대차 - 측면충돌,차로위반,건조,맑음,단일로 - 기타,승합,남,66세,상해없음,승용,남,29세,경상
2023122000100034,2023년 12월 20일 03시,수요일,광주광역시 서구 치평동,경상사고,0,0,1,0,차대사람 - 횡단중,보행자보호의무위반,건조,흐림,교차로 - 교차로안,승용,남,36세,상해없음,보행자,남,26세,경상
2023122000100105,2023년 12월 20일 08시,수요일,광주광역시 서구 쌍촌동,경상사고,0,0,1,0,차대차 - 기타,교차로운행방법위반,건조,맑음,교차로 - 교차로안,승용,남,22세,기타불명,승용,여,30세,경상
2023122000100120,2023년 12월 20일 09시,수요일,광주광역시 서구 농성동,경상사고,0,0,1,0,차대사람 - 횡단중,보행자보호의무위반,건조,맑음,단일로 - 기타,기타불명,기타불명,미분류,기타불명,보행자,여,29세,경상
2023122000100121,2023년 12월 20일 09시,수요일,광주광역시 남구 백운동,경상사고,0,0,1,0,차대차 - 기타,안전운전불이행,젖음/습기,비,교차로 - 교차로부근,승용,남,47세,상해없음,승용,남,47세,경상
2023122000100160,2023년 12월 20일 11시,수요일,광주광역시 서구 내방동,중상사고,0,1,0,0,차대사람 - 기타,안전운전불이행,건조,맑음,교차로 - 교차로안,승용,남,77세,상해없음,보행자,여,63세,중상
2023122000100209,2023년 12월 20일 13시,수요일,광주광역시 동구 대인동,경상사고,0,0,1,0,차대차 - 측면충돌,안전거리미확보,젖음/습기,눈,단일로 - 기타,승용,남,23세,상해없음,화물,남,50세,경상
2023122000100233,2023년 12월 20일 14시,수요일,광주광역시 광산구 도천동,경상사고,0,0,1,0,차대차 - 기타,신호위반,건조,맑음,교차로 - 교차로안,승용,여,62세,기타불명,승용,남,47세,경상
2023122000100306,2023년 12월 20일 16시,수요일,광주광역시 광산구 우산동,경상사고,0,0,1,0,차대차 - 기타,신호위반,젖음/습기,눈,교차로 - 교차로안,승용,여,54세,상해없음,승용,남,38세,경상
2023122000100307,2023년 12월 20일 16시,수요일,광주광역시 광산구 장수동,경상사고,0,0,5,0,차대차 - 추돌,안전운전불이행,적설,눈,단일로 - 교량,승용,남,44세,경상,승용,여,28세,경상
2023122000100308,2023년 12월 20일 16시,수요일,광주광역시 광산구 수완동,중상사고,0,1,0,0,차대차 - 측면충돌,안전운전불이행,젖음/습기,눈,교차로 - 교차로부근,승용,남,31세,상해없음,이륜,남,21세,중상
2023122000100352,2023년 12월 20일 17시,수요일,광주광역시 남구 송하동,경상사고,0,0,2,0,차대차 - 기타,신호위반,젖음/습기,눈,단일로 - 기타,승용,남,44세,기타불명,승용,여,56세,경상
2023122000100353,2023년 12월 20일 17시,수요일,광주광역시 북구 신안동,경상사고,0,0,1,0,차대차 - 측면충돌,교차로운행방법위반,건조,맑음,교차로 - 교차로안,화물,남,42세,상해없음,승용,여,39세,경상
2023122000100354,2023년 12월 20일 17시,수요일,광주광역시 광산구 장덕동,부상신고사고,0,0,0,1,차대사람 - 기타,안전운전불이행,서리/결빙,눈,기타 - 기타,기타불명,기타불명,미분류,기타불명,보행자,여,47세,부상신고
2023122000100408,2023년 12월 20일 18시,수요일,광주광역시 광산구 용봉동,경상사고,0,0,1,0,차대차 - 기타,안전운전불이행,서리/결빙,눈,단일로 - 교량,승용,남,30세,상해없음,승용,남,38세,경상
2023122000100480,2023년 12월 20일 20시,수요일,광주광역시 동구 남동,경상사고,0,0,1,0,차대차 - 추돌,안전거리미확보,적설,눈,단일로 - 기타,승합,남,54세,상해없음,승용,여,54세,경상
2023122000100481,2023년 12월 20일 20시,수요일,광주광역시 서구 농성동,경상사고,0,0,1,2,차대차 - 측면충돌,안전거리미확보,서리/결빙,눈,단일로 - 기타,승용,남,54세,경상,승용,남,21세,부상신고
2023122000100482,2023년 12월 20일 20시,수요일,광주광역시 광산구 신창동,경상사고,0,0,1,0,차대차 - 추돌,안전운전불이행,젖음/습기,눈,교차로 - 교차로부근,승용,남,40세,상해없음,승용,남,54세,경상
2023122000100483,2023년 12월 20일 20시,수요일,광주광역시 광산구 송정동,경상사고,0,0,1,0,차대사람 - 차도통행중,안전운전불이행,적설,눈,단일로 - 기타,이륜,남,30세,상해없음,보행자,남,46세,경상
2023122000100511,2023년 12월 20일 21시,수요일,광주광역시 광산구 수완동,경상사고,0,0,1,0,차대차 - 기타,안전거리미확보,건조,맑음,교차로 - 교차로안,승용,남,45세,상해없음,승용,여,44세,경상
2023122000100534,2023년 12월 20일 22시,수요일,광주광역시 서구 치평동,경상사고,0,0,1,0,차대사람 - 횡단중,보행자보호의무위반,적설,눈,교차로 - 교차로횡단보도내,승합,남,73세,상해없음,보행자,여,29세,경상
2023122000100535,2023년 12월 20일 22시,수요일,광주광역시 서구 농성동,부상신고사고,0,0,0,4,차대차 - 기타,안전운전불이행,서리/결빙,눈,단일로 - 기타,승용,여,40세,상해없음,승용,남,37세,부상신고
2023122000100536,2023년 12월 20일 22시,수요일,광주광역시 광산구 장덕동,부상신고사고,0,0,0,1,차대차 - 추돌,기타,서리/결빙,눈,교차로 - 교차로부근,승용,남,53세,상해없음,화물,여,54세,부상신고
2023122000100552,2023년 12월 20일 23시,수요일,광주광역시 서구 내방동,경상사고,0,0,1,0,차대사람 - 횡단중,안전운전불이행,서리/결빙,눈,교차로 - 교차로부근,승용,남,30세,상해없음,보행자,남,35세,경상
2023122100100013,2023년 12월 21일 01시,목요일,광주광역시 서구 풍암동,경상사고,0,0,1,0,차량단독 - 공작물충돌,안전운전불이행,적설,눈,단일로 - 기타,승용,남,42세,경상,,,,
2023122100100038,2023년 12월 21일 05시,목요일,광주광역시 서구 농성동,경상사고,0,0,1,0,차대차 - 추돌,신호위반,서리/결빙,눈,교차로 - 교차로안,승용,남,39세,상해없음,승용,남,53세,경상
2023122100100039,2023년 12월 21일 05시,목요일,광주광역시 북구 임동,경상사고,0,0,2,0,차대차 - 추돌,안전운전불이행,서리/결빙,눈,교차로 - 교차로부근,승용,남,24세,기타불명,승용,남,58세,경상
2023122100100073,2023년 12월 21일 07시,목요일,광주광역시 서구 금호동,경상사고,0,0,1,1,차량단독 - 공작물충돌,안전운전불이행,적설,눈,교차로 - 교차로부근,승용,남,21세,부상신고,,,,
2023122100100074,2023년 12월 21일 07시,목요일,광주광역시 서구 쌍촌동,경상사고,0,0,2,0,차대차 - 후진중충돌,안전운전불이행,서리/결빙,눈,단일로 - 기타,승용,남,61세,상해없음,승용,여,61세,기타불명
2023122100100214,2023년 12월 21일 11시,목요일,광주광역시 남구 진월동,경상사고,0,0,2,0,차대차 - 추돌,안전운전불이행,건조,맑음,단일로 - 기타,승용,여,54세,상해없음,승용,남,37세,경상
2023122100100279,2023년 12월 21일 13시,목요일,광주광역시 서구 동천동,경상사고,0,0,1,0,차대차 - 기타,안전운전불이행,서리/결빙,눈,교차로 - 교차로부근,승합,여,20세,상해없음,승용,남,38세,경상
2023122100100280,2023년 12월 21일 13시,목요일,광주광역시 서구 치평동,중상사고,0,1,1,0,차대차 - 기타,안전운전불이행,적설,눈,교차로 - 교차로안,승용,여,38세,상해없음,승용,여,36세,중상
2023122100100281,2023년 12월 21일 13시,목요일,광주광역시 북구 동림동,경상사고,0,0,1,0,차대차 - 측면충돌,차로위반,젖음/습기,흐림,교차로 - 교차로안,승용,여,58세,상해없음,승용,여,40세,경상
2023122100100282,2023년 12월 21일 13시,목요일,광주광역시 광산구 송정동,경상사고,0,0,2,0,차대차 - 측면충돌,신호위반,젖음/습기,눈,교차로 - 교차로안,승용,남,70세,경상,승용,남,49세,경상
2023122100100317,2023년 12월 21일 14시,목요일,광주광역시 북구 장등동,중상사고,0,1,0,0,차대사람 - 횡단중,안전운전불이행,건조,맑음,단일로 - 기타,승용,여,42세,상해없음,보행자,남,66세,중상
2023122100100318,2023년 12월 21일 14시,목요일,광주광역시 광산구 산정동,부상신고사고,0,0,0,2,차대차 - 기타,기타,서리/결빙,흐림,단일로 - 터널,화물,남,55세,상해없음,승용,여,27세,부상신고
2023122100100357,2023년 12월 21일 15시,목요일,광주광역시 서구 금호동,부상신고사고,0,0,0,1,차대사람 - 횡단중,안전운전불이행,적설,흐림,단일로 - 기타,화물,남,42세,상해없음,보행자,남,9세,부상신고
2023122100100403,2023년 12월 21일 16시,목요일,광주광역시 서구 쌍촌동,중상사고,0,1,0,0,차대사람 - 기타,안전운전불이행,젖음/습기,눈,단일로 - 기타,승용,남,43세,상해없음,보행자,여,86세,중상
2023122100100404,2023년 12월 21일 16시,목요일,광주광역시 서구 풍암동,경상사고,0,0,1,0,차대사람 - 기타,보행자보호의무위반,건조,맑음,교차로 - 교차로횡단보도내,승용,남,49세,상해없음,보행자,남,13세,경상
2023122100100649,2023년 12월 21일 22시,목요일,광주광역시 서구 치평동,경상사고,0,0,2,1,차대차 - 추돌,안전운전불이행,적설,눈,단일로 - 기타,승용,남,46세,부상신고,승용,남,38세,경상
2023122100100650,2023년 12월 21일 22시,목요일,광주광역시 남구 임암동,중상사고,0,1,0,0,차량단독 - 기타,안전운전불이행,건조,맑음,단일로 - 기타,승합,남,54세,상해없음,,,,
2023122200100027,2023년 12월 22일 01시,금요일,광주광역시 북구 유동,경상사고,0,0,1,0,차대차 - 추돌,안전운전불이행,서리/결빙,눈,단일로 - 기타,승용,남,22세,상해없음,승용,남,33세,경상
2023122200100039,2023년 12월 22일 03시,금요일,광주광역시 광산구 월곡동,경상사고,0,0,1,0,차대차 - 추돌,안전운전불이행,적설,눈,교차로 - 교차로부근,승용,남,25세,상해없음,승용,남,50세,경상
2023122200100061,2023년 12월 22일 06시,금요일,광주광역시 서구 유촌동,경상사고,0,0,1,0,차대차 - 추돌,안전운전불이행,적설,눈,교차로 - 교차로부근,승용,여,53세,상해없음,승용,남,33세,경상
2023122200100184,2023년 12월 22일 10시,금요일,광주광역시 서구 마륵동,경상사고,0,0,1,0,차대차 - 기타,직진우회전진행방해,적설,맑음,교차로 - 교차로안,승용,남,65세,상해없음,승용,남,31세,경상
2023122200100185,2023년 12월 22일 10시,금요일,광주광역시 서구 금호동,경상사고,0,0,2,0,차대차 - 기타,교차로운행방법위반,적설,맑음,교차로 - 교차로안,승용,남,23세,경상,승용,남,52세,경상
2023122200100186,2023년 12월 22일 10시,금요일,광주광역시 북구 신안동,경상사고,0,0,4,0,차대차 - 측면충돌,기타,젖음/습기,맑음,교차로 - 교차로안,승용,남,64세,경상,승용,남,68세,경상
2023122200100230,2023년 12월 22일 11시,금요일,광주광역시 북구 용봉동,경상사고,0,0,1,0,차량단독 - 기타,안전운전불이행,서리/결빙,흐림,단일로 - 기타,승합,남,70세,상해없음,,,,
2023122200100231,2023년 12월 22일 11시,금요일,광주광역시 북구 두암동,경상사고,0,0,2,0,차대차 - 기타,신호위반,젖음/습기,눈,교차로 - 교차로부근,승용,여,44세,경상,화물,남,41세,경상
2023122200100359,2023년 12월 22일 14시,금요일,광주광역시 서구 마륵동,중상사고,0,1,0,0,차대사람 - 횡단중,안전운전불이행,건조,맑음,단일로 - 기타,승용,남,65세,상해없음,보행자,남,83세,중상
2023122200100407,2023년 12월 22일 15시,금요일,광주광역시 남구 봉선동,중상사고,0,1,0,0,차대사람 - 차도통행중,안전운전불이행,서리/결빙,맑음,교차로 - 교차로안,승용,남,78세,상해없음,보행자,여,58세,중상
2023122200100408,2023년 12월 22일 15시,금요일,광주광역시 광산구 오운동,경상사고,0,0,1,0,차량단독 - 기타,기타,서리/결빙,맑음,단일로 - 기타,승용,남,42세,상해없음,,,,
2023122200100448,2023년 12월 22일 16시,금요일,광주광역시 북구 용봉동,경상사고,0,0,1,0,차대사람 - 횡단중,신호위반,건조,맑음,교차로 - 교차로횡단보도내,승합,남,68세,상해없음,보행자,여,28세,경상
2023122200100449,2023년 12월 22일 16시,금요일,광주광역시 북구 용봉동,경상사고,0,0,3,0,차대차 - 추돌,안전운전불이행,건조,맑음,단일로 - 기타,승용,남,79세,상해없음,승용,여,27세,경상
2023122200100450,2023년 12월 22일 16시,금요일,광주광역시 북구 운암동,부상신고사고,0,0,0,1,차대차 - 추돌,안전운전불이행,건조,맑음,단일로 - 기타,화물,남,69세,부상신고,승용,기타불명,미분류,기타불명
2023122200100451,2023년 12월 22일 16시,금요일,광주광역시 북구 문흥동,부상신고사고,0,0,0,1,차대사람 - 기타,안전운전불이행,건조,맑음,단일로 - 기타,승용,여,20세,상해없음,보행자,여,59세,부상신고
2023122200100511,2023년 12월 22일 17시,금요일,광주광역시 북구 두암동,중상사고,0,1,2,0,차대차 - 추돌,안전운전불이행,젖음/습기,흐림,단일로 - 기타,승용,남,81세,기타불명,승용,남,42세,경상
2023122200100594,2023년 12월 22일 18시,금요일,광주광역시 서구 내방동,경상사고,0,0,1,0,차대차 - 측면충돌,안전거리미확보,건조,맑음,단일로 - 기타,화물,남,39세,상해없음,승용,남,32세,경상
2023122200100595,2023년 12월 22일 18시,금요일,광주광역시 북구 동림동,경상사고,0,0,1,0,차대차 - 추돌,안전운전불이행,건조,맑음,단일로 - 기타,승용,남,23세,상해없음,승용,남,43세,경상
2023122200100645,2023년 12월 22일 19시,금요일,광주광역시 북구 일곡동,중상사고,0,1,0,0,차대차 - 기타,안전운전불이행,건조,맑음,교차로 - 교차로안,원동기,남,53세,중상,승용,남,30세,상해없음
2023122200100733,2023년 12월 22일 21시,금요일,광주광역시 서구 화정동,경상사고,0,0,4,0,차대차 - 기타,차로위반,서리/결빙,흐림,단일로 - 기타,승용,여,23세,경상,승용,남,47세,경상
2023122200100734,2023년 12월 22일 21시,금요일,광주광역시 서구 치평동,중상사고,0,1,0,0,차대차 - 추돌,안전운전불이행,젖음/습기,맑음,단일로 - 기타,승용,남,50세,상해없음,승용,남,56세,중상
2023122200100735,2023년 12월 22일 21시,금요일,광주광역시 남구 백운동,중상사고,0,1,0,0,차대차 - 측면충돌,신호위반,건조,맑음,교차로 - 교차로안,승용,남,45세,상해없음,이륜,남,55세,중상
2023122200100736,2023년 12월 22일 21시,금요일,광주광역시 광산구 월계동,경상사고,0,0,1,1,차대차 - 기타,신호위반,건조,맑음,교차로 - 교차로안,승용,남,68세,상해없음,승용,남,46세,경상
2023122200100794,2023년 12월 22일 23시,금요일,광주광역시 서구 금호동,경상사고,0,0,2,0,차대차 - 기타,신호위반,서리/결빙,눈,교차로 - 교차로안,화물,여,56세,기타불명,승용,여,42세,경상
2023122300100044,2023년 12월 23일 01시,토요일,광주광역시 서구 쌍촌동,경상사고,0,0,2,0,차대차 - 기타,안전운전불이행,건조,흐림,교차로 - 교차로부근,승용,남,37세,상해없음,승용,남,66세,경상
2023122300100058,2023년 12월 23일 02시,토요일,광주광역시 서구 유촌동,중상사고,0,1,0,1,차량단독 - 기타,안전운전불이행,건조,맑음,단일로 - 기타,승용,남,33세,부상신고,,,,
2023122300100064,2023년 12월 23일 03시,토요일,광주광역시 서구 치평동,경상사고,0,0,2,0,차대차 - 기타,안전운전불이행,건조,맑음,단일로 - 기타,승용,남,32세,상해없음,승용,남,39세,경상
2023122300100086,2023년 12월 23일 06시,토요일,광주광역시 광산구 하남동,경상사고,0,0,2,0,차대차 - 측면충돌,직진우회전진행방해,건조,맑음,교차로 - 교차로안,승용,여,63세,상해없음,승용,남,36세,경상
2023122300100087,2023년 12월 23일 06시,토요일,광주광역시 광산구 우산동,경상사고,0,0,1,0,차대사람 - 차도통행중,보행자보호의무위반,건조,맑음,교차로 - 교차로횡단보도내,기타불명,기타불명,미분류,기타불명,보행자,남,55세,경상
2023122300100211,2023년 12월 23일 11시,토요일,광주광역시 서구 쌍촌동,경상사고,0,0,2,0,차대차 - 기타,안전운전불이행,건조,맑음,기타 - 기타,승용,남,55세,상해없음,승용,남,39세,경상
2023122300100258,2023년 12월 23일 12시,토요일,광주광역시 서구 유촌동,경상사고,0,0,1,0,차대차 - 기타,안전운전불이행,건조,맑음,교차로 - 교차로부근,승용,남,46세,기타불명,승용,여,27세,경상
2023122300100292,2023년 12월 23일 13시,토요일,광주광역시 서구 치평동,경상사고,0,0,2,0,차대차 - 추돌,안전운전불이행,건조,맑음,단일로 - 기타,승용,남,55세,상해없음,승용,여,33세,경상
2023122300100293,2023년 12월 23일 13시,토요일,광주광역시 서구 금호동,경상사고,0,0,4,0,차대차 - 추돌,안전운전불이행,건조,맑음,교차로 - 교차로부근,승용,남,63세,상해없음,승용,여,52세,경상
2023122300100329,2023년 12월 23일 14시,토요일,광주광역시 광산구 우산동,경상사고,0,0,1,0,차대사람 - 기타,안전운전불이행,건조,맑음,단일로 - 기타,화물,남,62세,상해없음,보행자,여,86세,경상
2023122300100330,2023년 12월 23일 14시,토요일,광주광역시 광산구 수완동,경상사고,0,0,2,0,차대차 - 추돌,안전운전불이행,건조,맑음,단일로 - 기타,승용,남,72세,상해없음,승용,남,39세,경상
2023122300100368,2023년 12월 23일 15시,토요일,광주광역시 서구 화정동,중상사고,0,3,3,0,차대차 - 기타,안전운전불이행,건조,맑음,교차로 - 교차로부근,승용,남,64세,상해없음,승용,남,70세,경상
2023122300100451,2023년 12월 23일 17시,토요일,광주광역시 서구 화정동,경상사고,0,0,1,0,차대사람 - 차도통행중,불법유턴,건조,맑음,단일로 - 기타,승용,남,56세,상해없음,보행자,여,81세,경상