사고번호,사고일시,요일,시군구,사고내용,사망자수,중상자수,경상자수,부상신고자수,사고유형,법규위반,노면상태,기상상태,도로형태,가해운전자 차종,가해운전자 성별,가해운전자 연령,가해운전자 상해정도,피해운전자 차종,피해운전자 성별,피해운전자 연령,피해운전자 상해정도
2023122300100500,2023년 12월 23일 18시,토요일,광주광역시 서구 금호동,경상사고,0,0,1,0,차대차 - 추돌,안전거리미확보,서리/결빙,눈,단일로 - 기타,승용,남,63세,상해없음,승용,남,56세,경상
2023122300100501,2023년 12월 23일 18시,토요일,광주광역시 북구 중흥동,경상사고,0,0,1,0,차대차 - 측면충돌,안전운전불이행,건조,맑음,교차로 - 교차로안,승용,여,68세,상해없음,이륜,남,21세,경상
2023122300100533,2023년 12월 23일 19시,토요일,광주광역시 서구 금호동,부상신고사고,0,0,0,2,차대차 - 측면충돌,직진우회전진행방해,건조,맑음,교차로 - 교차로안,승용,여,38세,상해없음,승용,여,52세,부상신고
2023122300100534,2023년 12월 23일 19시,토요일,광주광역시 북구 중흥동,중상사고,0,1,0,0,차대사람 - 횡단중,안전운전불이행,건조,맑음,교차로 - 교차로부근,승합,남,49세,상해없음,보행자,남,77세,중상
2023122300100580,2023년 12월 23일 21시,토요일,광주광역시 광산구 월계동,경상사고,0,0,1,0,차대사람 - 기타,안전운전불이행,건조,맑음,교차로 - 교차로부근,승용,남,63세,상해없음,보행자,여,31세,경상
2023122300100607,2023년 12월 23일 22시,토요일,광주광역시 광산구 장덕동,경상사고,0,0,1,0,차대차 - 기타,중앙선침범,건조,맑음,교차로 - 교차로부근,화물,남,64세,상해없음,승용,남,43세,경상
2023122400100060,2023년 12월 24일 08시,일요일,광주광역시 서구 쌍촌동,경상사고,0,0,2,0,차대차 - 기타,직진우회전진행방해,적설,눈,교차로 - 교차로안,승용,남,37세,상해없음,승용,남,55세,경상
2023122400100097,2023년 12월 24일 10시,일요일,광주광역시 남구 백운동,경상사고,0,0,2,0,차대차 - 추돌,안전운전불이행,건조,맑음,단일로 - 기타,승용,남,77세,상해없음,승용,남,68세,상해없음
2023122400100135,2023년 12월 24일 12시,일요일,광주광역시 서구 내방동,경상사고,0,0,2,0,차대차 - 기타,안전운전불이행,건조,맑음,기타 - 기타,이륜,남,38세,경상,승용,여,62세,경상
2023122400100196,2023년 12월 24일 15시,일요일,광주광역시 서구 벽진동,경상사고,0,0,1,0,차량단독 - 공작물충돌,안전운전불이행,건조,맑음,단일로 - 기타,승용,남,73세,경상,,,,
2023122400100277,2023년 12월 24일 18시,일요일,광주광역시 북구 임동,경상사고,0,0,2,0,차대차 - 추돌,안전운전불이행,건조,맑음,교차로 - 교차로안,승용,여,60세,기타불명,승용,남,34세,경상
2023122400100303,2023년 12월 24일 19시,일요일,광주광역시 광산구 월계동,경상사고,0,0,2,0,차대사람 - 기타,안전운전불이행,건조,맑음,교차로 - 교차로부근,승용,여,54세,상해없음,보행자,여,66세,경상
2023122400100317,2023년 12월 24일 20시,일요일,광주광역시 광산구 운남동,경상사고,0,0,1,0,차대사람 - 기타,신호위반,건조,맑음,기타 - 기타,이륜,남,35세,상해없음,보행자,여,9세,경상
2023122400100351,2023년 12월 24일 22시,일요일,광주광역시 서구 치평동,중상사고,0,2,2,0,차대차 - 기타,신호위반,건조,맑음,교차로 - 교차로안,승용,남,22세,상해없음,승용,남,54세,경상
2023122500100035,2023년 12월 25일 05시,월요일,광주광역시 광산구 신창동,경상사고,0,0,1,0,차대차 - 측면충돌,안전운전불이행,건조,맑음,단일로 - 기타,승용,남,31세,상해없음,승용,남,37세,경상
2023122500100054,2023년 12월 25일 07시,월요일,광주광역시 서구 동천동,경상사고,0,0,1,0,차대차 - 기타,안전운전불이행,젖음/습기,흐림,교차로 - 교차로부근,승합,남,46세,상해없음,승용,남,66세,경상
2023122500100245,2023년 12월 25일 17시,월요일,광주광역시 북구 두암동,경상사고,0,0,1,0,차대차 - 추돌,안전운전불이행,건조,맑음,단일로 - 기타,승용,남,54세,상해없음,승용,여,38세,경상
2023122500100275,2023년 12월 25일 18시,월요일,광주광역시 북구 유동,경상사고,0,0,1,0,차대사람 - 기타,안전운전불이행,건조,맑음,단일로 - 기타,화물,남,54세,상해없음,보행자,남,61세,경상
2023122500100298,2023년 12월 25일 19시,월요일,광주광역시 동구 산수동,경상사고,0,0,1,0,차대사람 - 기타,안전운전불이행,건조,맑음,교차로 - 교차로부근,승용,남,47세,상해없음,보행자,여,71세,경상
2023122500100299,2023년 12월 25일 19시,월요일,광주광역시 서구 금호동,경상사고,0,0,1,0,차대차 - 기타,안전운전불이행,건조,맑음,교차로 - 교차로횡단보도내,개인형이동수단(PM),남,26세,상해없음,이륜,남,28세,경상
2023122500100321,2023년 12월 25일 20시,월요일,광주광역시 남구 월산동,경상사고,0,0,1,0,차대차 - 기타,안전운전불이행,건조,맑음,단일로 - 기타,승용,남,55세,상해없음,이륜,남,58세,경상
2023122500100358,2023년 12월 25일 23시,월요일,광주광역시 동구 동명동,중상사고,0,1,1,0,차대사람 - 기타,안전운전불이행,건조,맑음,교차로 - 교차로안,화물,남,61세,상해없음,보행자,여,21세,중상
2023122600100011,2023년 12월 26일 00시,화요일,광주광역시 동구 수기동,경상사고,0,0,2,0,차대차 - 기타,신호위반,건조,맑음,교차로 - 교차로안,승용,남,27세,경상,화물,남,55세,경상
2023122600100044,2023년 12월 26일 06시,화요일,광주광역시 서구 풍암동,중상사고,0,1,0,0,차대사람 - 횡단중,신호위반,건조,맑음,교차로 - 교차로안,승용,남,38세,상해없음,보행자,남,74세,중상
2023122600100068,2023년 12월 26일 07시,화요일,광주광역시 북구 두암동,중상사고,0,1,0,0,차대사람 - 횡단중,보행자보호의무위반,건조,맑음,교차로 - 교차로횡단보도내,승용,남,63세,상해없음,보행자,여,50세,중상
2023122600100069,2023년 12월 26일 07시,화요일,광주광역시 북구 신용동,경상사고,0,0,1,0,차량단독 - 기타,안전운전불이행,건조,맑음,교차로 - 교차로안,원동기,남,17세,경상,,,,
2023122600100144,2023년 12월 26일 09시,화요일,광주광역시 남구 봉선동,경상사고,0,0,1,0,차대차 - 추돌,안전거리미확보,건조,맑음,단일로 - 기타,승용,남,86세,상해없음,승용,남,43세,경상
2023122600100171,2023년 12월 26일 10시,화요일,광주광역시 광산구 도산동,경상사고,0,0,1,0,차대차 - 추돌,안전거리미확보,건조,맑음,단일로 - 기타,승용,남,82세,상해없음,승용,여,40세,경상
2023122600100227,2023년 12월 26일 12시,화요일,광주광역시 서구 화정동,경상사고,0,0,2,0,차대차 - 측면충돌,안전운전불이행,건조,맑음,교차로 - 교차로안,승용,여,66세,상해없음,승용,남,65세,경상
2023122600100228,2023년 12월 26일 12시,화요일,광주광역시 북구 용봉동,경상사고,0,0,1,0,차대차 - 측면충돌,교차로운행방법위반,건조,맑음,교차로 - 교차로안,승용,여,43세,기타불명,승용,여,42세,경상
2023122600100229,2023년 12월 26일 12시,화요일,광주광역시 북구 유동,경상사고,0,0,2,0,차대차 - 기타,안전운전불이행,건조,맑음,교차로 - 교차로안,건설기계,남,22세,상해없음,승용,여,47세,경상
2023122600100264,2023년 12월 26일 13시,화요일,광주광역시 서구 화정동,경상사고,0,0,2,0,차대차 - 추돌,안전운전불이행,건조,맑음,단일로 - 기타,승용,남,21세,상해없음,승용,남,55세,경상
2023122600100302,2023년 12월 26일 14시,화요일,광주광역시 북구 신안동,경상사고,0,0,1,0,차대차 - 추돌,안전운전불이행,건조,맑음,교차로 - 교차로부근,승용,남,70세,상해없음,화물,남,52세,경상
2023122600100340,2023년 12월 26일 15시,화요일,광주광역시 서구 유촌동,중상사고,0,1,0,0,차대차 - 기타,직진우회전진행방해,건조,맑음,단일로 - 기타,승용,남,61세,상해없음,승용,남,47세,중상
2023122600100429,2023년 12월 26일 17시,화요일,광주광역시 서구 광천동,경상사고,0,0,1,0,차대사람 - 기타,안전운전불이행,건조,맑음,교차로 - 교차로부근,승용,여,29세,상해없음,보행자,남,68세,경상
2023122600100501,2023년 12월 26일 18시,화요일,광주광역시 동구 월남동,경상사고,0,0,1,0,차대차 - 기타,안전운전불이행,건조,흐림,단일로 - 기타,화물,남,69세,상해없음,승용,여,54세,경상
2023122600100502,2023년 12월 26일 18시,화요일,광주광역시 서구 유촌동,경상사고,0,0,1,0,차대차 - 기타,교차로운행방법위반,건조,맑음,교차로 - 교차로안,승용,여,55세,상해없음,승용,남,27세,경상
2023122600100503,2023년 12월 26일 18시,화요일,광주광역시 북구 중흥동,중상사고,0,1,0,0,차대차 - 기타,교차로운행방법위반,건조,맑음,교차로 - 교차로안,이륜,남,23세,상해없음,자전거,남,21세,중상
2023122700100072,2023년 12월 27일 07시,수요일,광주광역시 북구 생용동,경상사고,0,0,1,1,차대차 - 기타,안전운전불이행,건조,맑음,교차로 - 교차로부근,승용,남,19세,상해없음,승용,남,34세,경상
2023122700100118,2023년 12월 27일 08시,수요일,광주광역시 남구 진월동,경상사고,0,0,1,0,차대차 - 추돌,안전거리미확보,건조,맑음,교차로 - 교차로부근,승합,남,55세,상해없음,승용,여,54세,경상
2023122700100119,2023년 12월 27일 08시,수요일,광주광역시 광산구 산정동,경상사고,0,0,1,0,차대차 - 추돌,안전운전불이행,건조,맑음,교차로 - 교차로부근,승용,여,28세,상해없음,승용,남,44세,경상
2023122700100157,2023년 12월 27일 09시,수요일,광주광역시 광산구 하남동,경상사고,0,0,1,0,차대차 - 측면충돌,교차로운행방법위반,건조,맑음,교차로 - 교차로안,승용,남,22세,상해없음,승용,남,68세,경상
2023122700100198,2023년 12월 27일 10시,수요일,광주광역시 북구 운암동,중상사고,0,1,0,0,차량단독 - 기타,기타,건조,맑음,단일로 - 기타,승합,남,57세,상해없음,,,,
2023122700100234,2023년 12월 27일 11시,수요일,광주광역시 동구 서석동,경상사고,0,0,1,0,차대차 - 측면충돌,기타,건조,맑음,교차로 - 교차로부근,승용,남,37세,상해없음,자전거,남,68세,경상
2023122700100235,2023년 12월 27일 11시,수요일,광주광역시 북구 풍향동,중상사고,0,1,0,0,차대차 - 측면충돌,안전운전불이행,건조,맑음,단일로 - 기타,이륜,남,60세,상해없음,자전거,남,81세,중상
2023122700100329,2023년 12월 27일 14시,수요일,광주광역시 북구 두암동,중상사고,0,1,2,0,차대차 - 기타,안전거리미확보,건조,맑음,단일로 - 기타,승용,남,86세,경상,건설기계,남,44세,경상
2023122700100406,2023년 12월 27일 16시,수요일,광주광역시 남구 봉선동,경상사고,0,0,1,0,차대차 - 측면충돌,교차로운행방법위반,건조,맑음,교차로 - 교차로안,건설기계,남,42세,기타불명,승용,여,51세,경상
2023122700100547,2023년 12월 27일 19시,수요일,광주광역시 서구 화정동,경상사고,0,0,1,0,차대차 - 추돌,안전운전불이행,건조,맑음,교차로 - 교차로부근,승용,여,37세,상해없음,승용,남,67세,경상
2023122700100548,2023년 12월 27일 19시,수요일,광주광역시 북구 두암동,경상사고,0,0,1,0,차대차 - 기타,안전운전불이행,건조,맑음,단일로 - 기타,승용,남,70세,상해없음,이륜,남,27세,경상
2023122700100590,2023년 12월 27일 20시,수요일,광주광역시 서구 광천동,경상사고,0,0,1,0,차대차 - 추돌,안전운전불이행,건조,맑음,단일로 - 기타,승용,여,56세,상해없음,승용,여,25세,경상
2023122700100622,2023년 12월 27일 21시,수요일,광주광역시 북구 용봉동,경상사고,0,0,2,0,차대차 - 추돌,안전운전불이행,건조,맑음,단일로 - 기타,원동기,남,39세,경상,승용,남,30세,경상
2023122800100008,2023년 12월 28일 00시,목요일,광주광역시 동구 호남동,경상사고,0,0,2,0,차대사람 - 기타,안전운전불이행,건조,맑음,교차로 - 교차로안,승용,남,29세,기타불명,보행자,남,56세,경상
2023122800100009,2023년 12월 28일 00시,목요일,광주광역시 서구 쌍촌동,경상사고,0,0,1,0,차대차 - 측면충돌,교차로운행방법위반,건조,맑음,교차로 - 교차로안,승용,남,61세,상해없음,승용,여,23세,경상
2023122800100010,2023년 12월 28일 00시,목요일,광주광역시 북구 문흥동,경상사고,0,0,1,0,차대차 - 기타,안전운전불이행,건조,맑음,단일로 - 기타,승용,남,43세,상해없음,원동기,남,30세,경상
2023122800100011,2023년 12월 28일 00시,목요일,광주광역시 북구 신용동,경상사고,0,0,1,0,차대차 - 기타,중앙선침범,건조,흐림,단일로 - 기타,승용,남,34세,상해없음,승용,남,25세,경상
2023122800100046,2023년 12월 28일 06시,목요일,광주광역시 북구 운암동,경상사고,0,0,3,0,차대차 - 기타,안전거리미확보,건조,맑음,단일로 - 기타,승용,남,71세,경상,승용,남,56세,경상
2023122800100067,2023년 12월 28일 07시,목요일,광주광역시 서구 쌍촌동,중상사고,0,1,0,0,차대차 - 기타,중앙선침범,건조,맑음,단일로 - 기타,승용,남,32세,상해없음,승용,남,31세,중상
2023122800100102,2023년 12월 28일 08시,목요일,광주광역시 남구 진월동,중상사고,0,1,0,0,차대사람 - 횡단중,보행자보호의무위반,건조,맑음,단일로 - 기타,승용,여,40세,상해없음,보행자,남,16세,중상
2023122800100103,2023년 12월 28일 08시,목요일,광주광역시 북구 각화동,경상사고,0,0,1,0,차대차 - 추돌,안전거리미확보,건조,맑음,단일로 - 기타,화물,남,45세,상해없음,승용,남,53세,경상
2023122800100104,2023년 12월 28일 08시,목요일,광주광역시 광산구 신창동,경상사고,0,0,1,0,차대차 - 측면충돌,직진우회전진행방해,건조,맑음,교차로 - 교차로안,승용,여,43세,기타불명,승용,남,50세,경상
2023122800100136,2023년 12월 28일 09시,목요일,광주광역시 동구 서석동,중상사고,0,1,0,0,차대차 - 기타,안전운전불이행,건조,맑음,단일로 - 기타,화물,남,70세,상해없음,이륜,남,63세,중상
2023122800100137,2023년 12월 28일 09시,목요일,광주광역시 북구 용봉동,경상사고,0,0,8,0,차대차 - 측면충돌,안전운전불이행,건조,맑음,단일로 - 기타,승용,남,42세,상해없음,승합,남,39세,경상
2023122800100138,2023년 12월 28일 09시,목요일,광주광역시 광산구 월계동,경상사고,0,0,1,0,차대사람 - 횡단중,신호위반,건조,맑음,교차로 - 교차로횡단보도내,승용,남,67세,상해없음,보행자,남,26세,경상
2023122800100170,2023년 12월 28일 11시,목요일,광주광역시 서구 화정동,경상사고,0,0,2,0,차대차 - 측면충돌,직진우회전진행방해,건조,맑음,교차로 - 교차로안,화물,남,57세,경상,승용,남,42세,경상
2023122800100171,2023년 12월 28일 11시,목요일,광주광역시 서구 쌍촌동,경상사고,0,0,1,0,차대차 - 기타,중앙선침범,건조,맑음,교차로 - 교차로부근,승용,여,36세,상해없음,이륜,남,29세,경상
2023122800100208,2023년 12월 28일 12시,목요일,광주광역시 북구 매곡동,경상사고,0,0,2,0,차대차 - 측면충돌,직진우회전진행방해,건조,맑음,교차로 - 교차로안,이륜,남,53세,경상,승용,여,39세,경상
2023122800100209,2023년 12월 28일 12시,목요일,광주광역시 광산구 신창동,부상신고사고,0,0,0,1,차대차 - 측면충돌,안전거리미확보,젖음/습기,흐림,단일로 - 기타,이륜,남,26세,부상신고,승용,남,42세,상해없음
2023122800100335,2023년 12월 28일 16시,목요일,광주광역시 남구 양림동,경상사고,0,0,1,0,차대차 - 후진중충돌,안전운전불이행,건조,맑음,단일로 - 기타,승용,남,67세,상해없음,승용,남,33세,경상
2023122800100336,2023년 12월 28일 16시,목요일,광주광역시 북구 중흥동,경상사고,0,0,1,0,차대사람 - 횡단중,신호위반,건조,맑음,교차로 - 교차로부근,승용,남,70세,상해없음,보행자,남,22세,경상
2023122800100389,2023년 12월 28일 17시,목요일,광주광역시 서구 치평동,중상사고,0,1,0,0,차대차 - 기타,신호위반,건조,맑음,교차로 - 교차로안,승용,남,29세,상해없음,자전거,남,68세,중상
2023122800100390,2023년 12월 28일 17시,목요일,광주광역시 서구 화정동,경상사고,0,0,3,0,차대차 - 측면충돌,안전거리미확보,건조,맑음,단일로 - 기타,승용,여,42세,경상,승용,여,46세,경상
2023122800100441,2023년 12월 28일 18시,목요일,광주광역시 북구 유동,중상사고,0,1,0,0,차대차 - 측면충돌,안전운전불이행,건조,맑음,교차로 - 교차로안,특수,남,63세,상해없음,승용,남,51세,중상
2023122800100442,2023년 12월 28일 18시,목요일,광주광역시 광산구 우산동,경상사고,0,0,2,0,차대차 - 측면충돌,안전거리미확보,건조,맑음,단일로 - 기타,승용,남,71세,상해없음,승용,남,25세,경상
2023122800100511,2023년 12월 28일 20시,목요일,광주광역시 동구 대인동,경상사고,0,0,1,1,차대차 - 정면충돌,신호위반,건조,맑음,교차로 - 교차로안,승용,남,50세,상해없음,승용,여,56세,부상신고
2023122800100532,2023년 12월 28일 21시,목요일,광주광역시 광산구 신창동,중상사고,0,1,1,0,차대차 - 기타,안전운전불이행,건조,맑음,단일로 - 기타,승용,남,18세,상해없음,승용,남,41세,경상
2023122800100533,2023년 12월 28일 21시,목요일,광주광역시 광산구 쌍암동,경상사고,0,0,1,0,차대차 - 추돌,안전운전불이행,건조,맑음,단일로 - 기타,승용,남,28세,상해없음,승용,여,32세,경상
2023122900100047,2023년 12월 29일 04시,금요일,광주광역시 서구 매월동,경상사고,0,0,1,1,차대차 - 기타,안전운전불이행,건조,맑음,교차로 - 교차로안,승용,여,60세,부상신고,승용,남,23세,경상
2023122900100063,2023년 12월 29일 06시,금요일,광주광역시 남구 주월동,경상사고,0,0,1,0,차대사람 - 횡단중,보행자보호의무위반,건조,흐림,교차로 - 교차로횡단보도내,승용,남,45세,상해없음,보행자,남,35세,경상
2023122900100064,2023년 12월 29일 06시,금요일,광주광역시 광산구 신가동,경상사고,0,0,1,0,차대차 - 측면충돌,안전거리미확보,건조,맑음,단일로 - 기타,승용,남,61세,상해없음,화물,남,61세,경상
2023122900100287,2023년 12월 29일 13시,금요일,광주광역시 남구 주월동,경상사고,0,0,1,0,차대사람 - 횡단중,보행자보호의무위반,건조,맑음,교차로 - 교차로횡단보도내,승용,남,65세,상해없음,보행자,남,36세,경상
2023122900100288,2023년 12월 29일 13시,금요일,광주광역시 광산구 장덕동,경상사고,0,0,1,0,차대차 - 측면충돌,안전운전불이행,건조,맑음,교차로 - 교차로안,승용,여,58세,상해없음,승용,남,40세,경상
2023122900100289,2023년 12월 29일 13시,금요일,광주광역시 광산구 옥동,경상사고,0,0,1,0,차대차 - 측면충돌,안전운전불이행,건조,맑음,단일로 - 기타,화물,남,43세,상해없음,화물,남,30세,경상
2023122900100330,2023년 12월 29일 14시,금요일,광주광역시 광산구 하남동,경상사고,0,0,2,0,차대차 - 정면충돌,교차로운행방법위반,건조,맑음,교차로 - 교차로안,승용,남,21세,경상,승용,남,73세,경상
2023122900100331,2023년 12월 29일 14시,금요일,광주광역시 광산구 송정동,경상사고,0,0,1,0,차대사람 - 횡단중,신호위반,건조,맑음,교차로 - 교차로횡단보도내,승용,여,63세,상해없음,보행자,여,32세,경상
2023122900100373,2023년 12월 29일 15시,금요일,광주광역시 서구 치평동,경상사고,0,0,1,0,차대사람 - 기타,보행자보호의무위반,건조,맑음,교차로 - 교차로횡단보도내,승용,남,58세,상해없음,보행자,여,21세,경상
2023122900100374,2023년 12월 29일 15시,금요일,광주광역시 남구 주월동,경상사고,0,0,1,0,차대차 - 추돌,안전운전불이행,건조,맑음,단일로 - 기타,화물,남,64세,상해없음,승용,남,29세,경상
2023122900100375,2023년 12월 29일 15시,금요일,광주광역시 북구 두암동,경상사고,0,0,1,0,차대차 - 추돌,기타,건조,맑음,단일로 - 기타,승용,남,66세,상해없음,승용,남,33세,경상
2023122900100459,2023년 12월 29일 17시,금요일,광주광역시 서구 치평동,중상사고,0,1,8,0,차대차 - 기타,안전거리미확보,건조,맑음,교차로 - 교차로부근,승용,남,49세,상해없음,승용,남,69세,상해없음
2023122900100460,2023년 12월 29일 17시,금요일,광주광역시 광산구 소촌동,중상사고,0,1,0,0,차대차 - 측면충돌,교차로운행방법위반,건조,맑음,교차로 - 교차로부근,화물,남,52세,상해없음,이륜,남,40세,중상
2023122900100531,2023년 12월 29일 18시,금요일,광주광역시 북구 신안동,부상신고사고,0,0,0,1,차대차 - 기타,안전운전불이행,건조,맑음,기타 - 기타,승용,여,38세,상해없음,개인형이동수단(PM),여,23세,부상신고
2023122900100532,2023년 12월 29일 18시,금요일,광주광역시 광산구 쌍암동,경상사고,0,0,2,0,차대차 - 기타,차로위반,건조,맑음,단일로 - 기타,승용,남,57세,기타불명,승용,남,41세,경상
2023122900100578,2023년 12월 29일 19시,금요일,광주광역시 서구 치평동,경상사고,0,0,1,0,차대차 - 측면충돌,신호위반,건조,맑음,교차로 - 교차로안,승용,여,50세,상해없음,이륜,남,31세,경상
2023122900100579,2023년 12월 29일 19시,금요일,광주광역시 북구 양산동,경상사고,0,0,1,0,차대사람 - 횡단중,보행자보호의무위반,건조,맑음,교차로 - 교차로횡단보도내,승용,남,50세,상해없음,보행자,여,39세,경상
2023122900100621,2023년 12월 29일 20시,금요일,광주광역시 남구 봉선동,경상사고,0,0,3,0,차대차 - 추돌,안전운전불이행,건조,맑음,기타 - 기타,승용,남,67세,상해없음,승용,남,27세,경상
2023122900100674,2023년 12월 29일 22시,금요일,광주광역시 광산구 신창동,경상사고,0,0,2,0,차대차 - 기타,안전운전불이행,건조,맑음,교차로 - 교차로안,화물,남,38세,상해없음,승용,여,53세,경상
2023122900100692,2023년 12월 29일 23시,금요일,광주광역시 동구 학동,중상사고,0,1,1,0,차대차 - 기타,안전운전불이행,건조,맑음,교차로 - 교차로부근,승합,남,26세,상해없음,이륜,남,41세,중상
2023123000100015,2023년 12월 30일 00시,토요일,광주광역시 북구 북동,경상사고,0,0,5,0,차대차 - 측면충돌,안전운전불이행,건조,맑음,단일로 - 기타,승용,남,29세,상해없음,승용,남,28세,경상
2023123000100027,2023년 12월 30일 01시,토요일,광주광역시 광산구 월계동,경상사고,0,0,1,0,차대차 - 추돌,안전운전불이행,건조,맑음,교차로 - 교차로부근,승용,여,28세,상해없음,승용,여,30세,경상
2023123000100041,2023년 12월 30일 03시,토요일,광주광역시 서구 쌍촌동,경상사고,0,0,1,0,차량단독 - 공작물충돌,안전운전불이행,건조,맑음,단일로 - 기타,개인형이동수단(PM),남,24세,경상,,,,
2023123000100047,2023년 12월 30일 04시,토요일,광주광역시 서구 쌍촌동,경상사고,0,0,1,0,차대차 - 측면충돌,안전운전불이행,건조,맑음,교차로 - 교차로부근,승용,남,27세,상해없음,승용,남,53세,상해없음
2023123000100058,2023년 12월 30일 05시,토요일,광주광역시 동구 학동,중상사고,0,2,0,0,차대차 - 기타,기타,건조,맑음,단일로 - 기타,승용,남,29세,중상,승용,남,71세,중상
2023123000100076,2023년 12월 30일 07시,토요일,광주광역시 서구 화정동,경상사고,0,0,2,0,차대차 - 추돌,안전운전불이행,건조,맑음,단일로 - 기타,승용,여,27세,상해없음,승용,남,68세,경상
2023123000100166,2023년 12월 30일 11시,토요일,광주광역시 서구 유촌동,경상사고,0,0,4,0,차대차 - 추돌,안전거리미확보,건조,맑음,교차로 - 교차로부근,승용,남,40세,상해없음,승용,여,31세,경상
2023123000100167,2023년 12월 30일 11시,토요일,광주광역시 서구 농성동,경상사고,0,0,1,0,차대차 - 측면충돌,안전운전불이행,건조,맑음,교차로 - 교차로안,승용,여,36세,상해없음,승합,남,52세,상해없음
2023123000100246,2023년 12월 30일 13시,토요일,광주광역시 광산구 쌍암동,경상사고,0,0,1,0,차대차 - 기타,안전운전불이행,건조,맑음,단일로 - 기타,승용,남,35세,상해없음,이륜,남,24세,경상
2023123000100279,2023년 12월 30일 14시,토요일,광주광역시 서구 쌍촌동,중상사고,0,1,0,0,차대차 - 기타,안전거리미확보,건조,맑음,기타 - 기타,승용,남,56세,상해없음,이륜,남,42세,중상
2023123000100280,2023년 12월 30일 14시,토요일,광주광역시 북구 신안동,경상사고,0,0,1,0,차대차 - 기타,신호위반,건조,맑음,단일로 - 기타,자전거,남,83세,경상,승용,여,40세,상해없음
2023123000100281,2023년 12월 30일 14시,토요일,광주광역시 광산구 삼거동,경상사고,0,0,1,0,차대차 - 측면충돌,안전운전불이행,건조,맑음,단일로 - 기타,화물,남,33세,상해없음,화물,남,50세,경상
2023123000100341,2023년 12월 30일 16시,토요일,광주광역시 광산구 소촌동,경상사고,0,0,4,0,차대차 - 추돌,중앙선침범,건조,맑음,교차로 - 교차로안,승용,남,32세,상해없음,승용,남,31세,경상
2023123000100342,2023년 12월 30일 16시,토요일,광주광역시 광산구 하남동,경상사고,0,0,2,0,차대차 - 기타,교차로운행방법위반,건조,맑음,교차로 - 교차로안,승용,남,35세,상해없음,승용,남,32세,경상
2023123000100394,2023년 12월 30일 18시,토요일,광주광역시 북구 오치동,중상사고,0,1,0,0,차대사람 - 기타,안전운전불이행,건조,맑음,미분류 - 미분류,화물,남,55세,상해없음,보행자,여,57세,중상
2023123000100395,2023년 12월 30일 18시,토요일,광주광역시 북구 용두동,경상사고,0,0,2,0,차대차 - 기타,안전운전불이행,건조,맑음,기타 - 기타,승용,남,54세,기타불명,승용,여,28세,경상
2023123000100458,2023년 12월 30일 21시,토요일,광주광역시 광산구 오선동,경상사고,0,0,1,0,차대차 - 측면충돌,안전운전불이행,건조,맑음,교차로 - 교차로부근,승용,여,31세,상해없음,이륜,남,31세,경상
2023123000100474,2023년 12월 30일 22시,토요일,광주광역시 북구 신안동,경상사고,0,0,2,0,차대차 - 측면충돌,안전운전불이행,건조,맑음,교차로 - 교차로안,승용,남,47세,상해없음,승용,남,54세,경상
2023123000100489,2023년 12월 30일 23시,토요일,광주광역시 남구 월산동,경상사고,0,0,4,0,차대차 - 기타,교차로운행방법위반,건조,맑음,교차로 - 교차로안,승용,남,55세,상해없음,승용,남,35세,경상
2023123100100013,2023년 12월 31일 01시,일요일,광주광역시 서구 치평동,경상사고,0,0,1,0,차대사람 - 기타,안전운전불이행,건조,맑음,단일로 - 기타,승용,남,27세,상해없음,보행자,여,19세,경상
2023123100100134,2023년 12월 31일 13시,일요일,광주광역시 남구 주월동,경상사고,0,0,1,0,차대차 - 측면충돌,안전운전불이행,건조,맑음,단일로 - 기타,이륜,여,50세,경상,승용,여,66세,상해없음
2023123100100167,2023년 12월 31일 14시,일요일,광주광역시 남구 월산동,경상사고,0,0,1,0,차대차 - 추돌,안전운전불이행,건조,맑음,단일로 - 기타,승용,남,43세,상해없음,승용,남,50세,기타불명
2023123100100168,2023년 12월 31일 14시,일요일,광주광역시 북구 일곡동,중상사고,0,1,0,0,차대차 - 기타,교차로운행방법위반,젖음/습기,흐림,교차로 - 교차로부근,승용,남,67세,기타불명,승용,남,48세,중상
2023123100100182,2023년 12월 31일 15시,일요일,광주광역시 서구 서창동,중상사고,0,1,0,0,차대차 - 정면충돌,중앙선침범,건조,맑음,교차로 - 교차로부근,자전거,남,11세,중상,승용,여,66세,상해없음
2023123100100199,2023년 12월 31일 16시,일요일,광주광역시 서구 치평동,경상사고,0,0,2,0,차대차 - 기타,안전운전불이행,건조,맑음,단일로 - 기타,승용,남,50세,상해없음,승용,남,40세,경상
2023123100100223,2023년 12월 31일 17시,일요일,광주광역시 북구 운암동,경상사고,0,0,1,0,차대차 - 기타,교차로운행방법위반,건조,맑음,단일로 - 기타,승합,남,64세,상해없음,승용,남,29세,경상
2023123100100250,2023년 12월 31일 18시,일요일,광주광역시 동구 학동,중상사고,0,1,0,0,차대차 - 측면충돌,신호위반,건조,맑음,교차로 - 교차로안,승용,남,57세,상해없음,자전거,남,68세,중상
2023123100100251,2023년 12월 31일 18시,일요일,광주광역시 서구 세하동,경상사고,0,0,1,0,차대사람 - 기타,안전운전불이행,건조,맑음,단일로 - 기타,화물,남,71세,상해없음,보행자,남,16세,경상